Workbook
Name 대분류: '설정시트'!$C$7:$C$20
Name 결제수단: '설정시트'!$D$23:$I$23

Sheet 예시)설정

Sheet 예시)자산관리

Sheet 예시)월간

Sheet 설정시트
C3: 연도 | D3: 2024
C6: 대분류 | D6: 소분류
C7: 수입 | D7: 🍪 월급 | E7: 🍪 부수입 | F7: 🐻 월급 | G7: 🐻 부수입 | H7: 기타
C8: 저축 | D8: 주택청약 | E8: 우리은행 | F8: 케이뱅크 | G8: 연금저축
C9: 🍪고정비 | D9: 관리비 | E9: 월세 | F9: 대출이자 | G9: 통신비 | H9: 보험료 | I9: 곗돈
C10: 🐻고정비 | D10: 관리비 | E10: 대출이자 | F10: 통신비 | G10: 보험료 | H10: 곗돈
C11: 🍪생필품 | D11: 주방/욕실 | E11: 소모품 | F11: 기타
C12: 🐻생필품 | D12: 주방/욕실 | E12: 소모품 | F12: 기타
C13: 🍪식비 | D13: 식재료비 | E13: 회사점심 | F13: 간식/카페 | G13: 외식/배달 | H13: 기타
C14: 🐻식비 | D14: 식재료비 | E14: 회사점심 | F14: 간식/카페 | G14: 외식/배달 | H14: 기타
C15: 🍪여가비 | D15: 의류/잡화 | E15: OTT | F15: 문화생활 | G15: 자기계발 | H15: 미용 | I15: 기타
C16: 🐻여가비 | D16: 의류/잡화 | E16: OTT | F16: 문화생활 | G16: 자기계발 | H16: 미용 | I16: 기타
C17: 🍪기타 | D17: 약국 | E17: 병원비 | F17: 영양제 | G17: 교통비 | H17: 주유비 | I17: 기타
C18: 🐻기타 | D18: 약국 | E18: 병원비 | F18: 영양제 | G18: 교통비 | H18: 주유비 | I18: 기타
C19: 🍪이벤트성 | D19: 축의/부의금 | E19: 생신/생일선물 | F19: 명절/어버이날 | G19: 여행 | H19: 기타
C20: 🐻 이벤트성 | D20: 축의/부의금 | E20: 생신/생일선물 | F20: 명절/어버이날 | G20: 여행 | H20: 기타
C23: 결제수단 | D23: 체크카드 | E23: 현금/이체 | F23: 현대카드 | G23: 국민카드 | H23: 현백카드 | I23: 하나카드

Sheet 연간시트
C6: 2024 | F6: 수입 | J6: 저축/현금 | N6: 지출
F8: =W52 -> 125456964 | J8: =X52 -> 81966782 | N8: =Y52 -> 43490182
V13: 지출 | W13: 합계
V14: =$C$81 -> 총🍪고정비 | W14: =$E$81 -> 4918833 | X14: =_xlfn.RANK.EQ(W14,$W$14:$W$25,0) + ROW(AE1)/10000 -> 4.0001 | Y14: =SMALL($X$14:$X$25, ROW(AE1)) -> 1.0007 | Z14: =INDEX($V$14:$V$25,MATCH(Y14,$X$14:$X$25,0)) -> 총🍪여가비 | AA14: =INDEX($W$14:$W$25,MATCH(Y14,$X$14:$X$25,0)) -> 9653644
V15: =$C$88 -> 총🐻고정비 | W15: =$E$88 -> 1682699 | X15: =_xlfn.RANK.EQ(W15,$W$14:$W$25,0) + ROW(AE2)/10000 -> 10.0002 | Y15: =SMALL($X$14:$X$25, ROW(AE2)) -> 2.0005 | Z15: =INDEX($V$14:$V$25,MATCH(Y15,$X$14:$X$25,0)) -> 총🍪식비 | AA15: =INDEX($W$14:$W$25,MATCH(Y15,$X$14:$X$25,0)) -> 7072524
V16: =$C$95 -> 총🍪생필품 | W16: =$E$95 -> 565896 | X16: =_xlfn.RANK.EQ(W16,$W$14:$W$25,0) + ROW(AE3)/10000 -> 11.0003 | Y16: =SMALL($X$14:$X$25, ROW(AE3)) -> 3.0012 | Z16: =INDEX($V$14:$V$25,MATCH(Y16,$X$14:$X$25,0)) -> 총🐻 이벤트성 | AA16: =INDEX($W$14:$W$25,MATCH(Y16,$X$14:$X$25,0)) -> 4973395
V17: =$C$102 -> 총🐻생필품 | W17: =$E$102 -> 438375 | X17: =_xlfn.RANK.EQ(W17,$W$14:$W$25,0) + ROW(AE4)/10000 -> 12.0004 | Y17: =SMALL($X$14:$X$25, ROW(AE4)) -> 4.0001 | Z17: =INDEX($V$14:$V$25,MATCH(Y17,$X$14:$X$25,0)) -> 총🍪고정비 | AA17: =INDEX($W$14:$W$25,MATCH(Y17,$X$14:$X$25,0)) -> 4918833
V18: =$C$109 -> 총🍪식비 | W18: =$E$109 -> 7072524 | X18: =_xlfn.RANK.EQ(W18,$W$14:$W$25,0) + ROW(AE5)/10000 -> 2.0005 | Y18: =SMALL($X$14:$X$25, ROW(AE5)) -> 5.0011 | Z18: =INDEX($V$14:$V$25,MATCH(Y18,$X$14:$X$25,0)) -> 총🍪이벤트성 | AA18: =INDEX($W$14:$W$25,MATCH(Y18,$X$14:$X$25,0)) -> 3359230
V19: =$C$116 -> 총🐻식비 | W19: =$E$116 -> 2521432 | X19: =_xlfn.RANK.EQ(W19,$W$14:$W$25,0) + ROW(AE6)/10000 -> 8.0006 | Y19: =SMALL($X$14:$X$25, ROW(AE6)) -> 6.0008 | Z19: =INDEX($V$14:$V$25,MATCH(Y19,$X$14:$X$25,0)) -> 총🐻여가비 | AA19: =INDEX($W$14:$W$25,MATCH(Y19,$X$14:$X$25,0)) -> 3057072
V20: =$C$123 -> 총🍪여가비 | W20: =$E$123 -> 9653644 | X20: =_xlfn.RANK.EQ(W20,$W$14:$W$25,0) + ROW(AE7)/10000 -> 1.0007 | Y20: =SMALL($X$14:$X$25, ROW(AE7)) -> 7.001 | Z20: =INDEX($V$14:$V$25,MATCH(Y20,$X$14:$X$25,0)) -> 총🐻기타 | AA20: =INDEX($W$14:$W$25,MATCH(Y20,$X$14:$X$25,0)) -> 2917235
V21: =$C$130 -> 총🐻여가비 | W21: =$E$130 -> 3057072 | X21: =_xlfn.RANK.EQ(W21,$W$14:$W$25,0) + ROW(AE8)/10000 -> 6.0008 | Y21: =SMALL($X$14:$X$25, ROW(AE8)) -> 8.0006 | Z21: =INDEX($V$14:$V$25,MATCH(Y21,$X$14:$X$25,0)) -> 총🐻식비 | AA21: =INDEX($W$14:$W$25,MATCH(Y21,$X$14:$X$25,0)) -> 2521432
V22: =$C$137 -> 총🍪기타 | W22: =$E$137 -> 2329847 | X22: =_xlfn.RANK.EQ(W22,$W$14:$W$25,0) + ROW(AE9)/10000 -> 9.0009 | Y22: =SMALL($X$14:$X$25, ROW(AE9)) -> 9.0009 | Z22: =INDEX($V$14:$V$25,MATCH(Y22,$X$14:$X$25,0)) -> 총🍪기타 | AA22: =INDEX($W$14:$W$25,MATCH(Y22,$X$14:$X$25,0)) -> 2329847
V23: =$C$144 -> 총🐻기타 | W23: =$E$144 -> 2917235 | X23: =_xlfn.RANK.EQ(W23,$W$14:$W$25,0) + ROW(AE10)/10000 -> 7.001 | Y23: =SMALL($X$14:$X$25, ROW(AE10)) -> 10.0002 | Z23: =INDEX($V$14:$V$25,MATCH(Y23,$X$14:$X$25,0)) -> 총🐻고정비 | AA23: =INDEX($W$14:$W$25,MATCH(Y23,$X$14:$X$25,0)) -> 1682699
V24: =$C$151 -> 총🍪이벤트성 | W24: =$E$151 -> 3359230 | X24: =_xlfn.RANK.EQ(W24,$W$14:$W$25,0) + ROW(AE11)/10000 -> 5.0011 | Y24: =SMALL($X$14:$X$25, ROW(AE11)) -> 11.0003 | Z24: =INDEX($V$14:$V$25,MATCH(Y24,$X$14:$X$25,0)) -> 총🍪생필품 | AA24: =INDEX($W$14:$W$25,MATCH(Y24,$X$14:$X$25,0)) -> 565896
V25: =$C$158 -> 총🐻 이벤트성 | W25: =$E$158 -> 4973395 | X25: =_xlfn.RANK.EQ(W25,$W$14:$W$25,0) + ROW(AE12)/10000 -> 3.0012 | Y25: =SMALL($X$14:$X$25, ROW(AE12)) -> 12.0004 | Z25: =INDEX($V$14:$V$25,MATCH(Y25,$X$14:$X$25,0)) -> 총🐻생필품 | AA25: =INDEX($W$14:$W$25,MATCH(Y25,$X$14:$X$25,0)) -> 438375
V29: 결제수단 | W29: 합계
V30: ='1월'!$E$14 -> 체크카드 | W30: ='1월'!$F14+'2월'!$F14+'3월'!$F14+'4월'!$F14+'5월'!$F14+'6월'!$F14+'7월'!$F14+'8월'!$F14+'9월'!$F14+'10월'!$F14+'11월'!$F14+'12월'!$F14 -> 1813541 | X30: =_xlfn.RANK.EQ(W30,$W$30:$W$35,0) + ROW(AE1)/10000 -> 5.0001 | Y30: =SMALL($X$30:$X$35, ROW(AE1)) -> 1.0002 | Z30: =INDEX($V$30:$V$35,MATCH(Y30,$X$30:$X$35,0)) -> 현금/이체 | AA30: =INDEX($W$30:$W$35,MATCH(Y30,$X$30:$X$35,0)) -> 21080493
V31: ='1월'!$E$15 -> 현금/이체 | W31: ='1월'!$F15+'2월'!$F15+'3월'!$F15+'4월'!$F15+'5월'!$F15+'6월'!$F15+'7월'!$F15+'8월'!$F15+'9월'!$F15+'10월'!$F15+'11월'!$F15+'12월'!$F15 -> 21080493 | X31: =_xlfn.RANK.EQ(W31,$W$30:$W$35,0) + ROW(AE2)/10000 -> 1.0002 | Y31: =SMALL($X$30:$X$35, ROW(AE2)) -> 2.0003 | Z31: =INDEX($V$30:$V$35,MATCH(Y31,$X$30:$X$35,0)) -> 현대카드 | AA31: =INDEX($W$30:$W$35,MATCH(Y31,$X$30:$X$35,0)) -> 10041441
V32: ='1월'!$E$16 -> 현대카드 | W32: ='1월'!$F16+'2월'!$F16+'3월'!$F16+'4월'!$F16+'5월'!$F16+'6월'!$F16+'7월'!$F16+'8월'!$F16+'9월'!$F16+'10월'!$F16+'11월'!$F16+'12월'!$F16 -> 10041441 | X32: =_xlfn.RANK.EQ(W32,$W$30:$W$35,0) + ROW(AE3)/10000 -> 2.0003 | Y32: =SMALL($X$30:$X$35, ROW(AE3)) -> 3.0004 | Z32: =INDEX($V$30:$V$35,MATCH(Y32,$X$30:$X$35,0)) -> 국민카드 | AA32: =INDEX($W$30:$W$35,MATCH(Y32,$X$30:$X$35,0)) -> 9975889
V33: ='1월'!$E$17 -> 국민카드 | W33: ='1월'!$F17+'2월'!$F17+'3월'!$F17+'4월'!$F17+'5월'!$F17+'6월'!$F17+'7월'!$F17+'8월'!$F17+'9월'!$F17+'10월'!$F17+'11월'!$F17+'12월'!$F17 -> 9975889 | X33: =_xlfn.RANK.EQ(W33,$W$30:$W$35,0) + ROW(AE4)/10000 -> 3.0004 | Y33: =SMALL($X$30:$X$35, ROW(AE4)) -> 4.0006 | Z33: =INDEX($V$30:$V$35,MATCH(Y33,$X$30:$X$35,0)) -> 하나카드 | AA33: =INDEX($W$30:$W$35,MATCH(Y33,$X$30:$X$35,0)) -> 7422033
V34: ='1월'!$E$18 -> 현백카드 | W34: ='1월'!$F18+'2월'!$F18+'3월'!$F18+'4월'!$F18+'5월'!$F18+'6월'!$F18+'7월'!$F18+'8월'!$F18+'9월'!$F18+'10월'!$F18+'11월'!$F18+'12월'!$F18 -> 691870 | X34: =_xlfn.RANK.EQ(W34,$W$30:$W$35,0) + ROW(AE5)/10000 -> 6.0005 | Y34: =SMALL($X$30:$X$35, ROW(AE5)) -> 5.0001 | Z34: =INDEX($V$30:$V$35,MATCH(Y34,$X$30:$X$35,0)) -> 체크카드 | AA34: =INDEX($W$30:$W$35,MATCH(Y34,$X$30:$X$35,0)) -> 1813541
V35: ='1월'!$E$19 -> 하나카드 | W35: ='1월'!$F19+'2월'!$F19+'3월'!$F19+'4월'!$F19+'5월'!$F19+'6월'!$F19+'7월'!$F19+'8월'!$F19+'9월'!$F19+'10월'!$F19+'11월'!$F19+'12월'!$F19 -> 7422033 | X35: =_xlfn.RANK.EQ(W35,$W$30:$W$35,0) + ROW(AE6)/10000 -> 4.0006 | Y35: =SMALL($X$30:$X$35, ROW(AE6)) -> 6.0005 | Z35: =INDEX($V$30:$V$35,MATCH(Y35,$X$30:$X$35,0)) -> 현백카드 | AA35: =INDEX($W$30:$W$35,MATCH(Y35,$X$30:$X$35,0)) -> 691870
W39: 수입 | X39: 저축/현금 | Y39: 지출 | Z39: 저축률 | AB39: 수입 | AC39: 합계
V40: 1월 | W40: =F64 -> 0 | X40: =SUM(F73:F74) -> 0 | Y40: =SUM(F81,F88,F95,F102,F109,F116,F123,F130,F137,F144,F151,F158) -> 0 | Z40: =X40/W40 -> #DIV/0! | AB40: =D56 -> 🍪 월급 | AC40: =E56 -> 31681500 | AD40: =_xlfn.RANK.EQ(AC40,$AC$40:$AC$47,0) + ROW(AE1)/10000 -> 2.0001 | AE40: =SMALL($AD$40:$AD$47, ROW(AE1)) -> 1.0003 | AF40: =INDEX($AB$40:$AB$47,MATCH(AE40,$AD$40:$AD$47,0)) -> 🐻 월급 | AG40: =INDEX($AC$40:$AC$47,MATCH(AE40,$AD$40:$AD$47,0)) -> 65870183
V41: 2월 | W41: =G64 -> 0 | X41: =SUM(G73:G74) -> 0 | Y41: =SUM(G81,G88,G95,G102,G109,G116,G123,G130,G137,G144,G151,G158) -> 0 | Z41: =X41/W41 -> #DIV/0! | AB41: =D57 -> 🍪 부수입 | AC41: =E57 -> 5801000 | AD41: =_xlfn.RANK.EQ(AC41,$AC$40:$AC$47,0) + ROW(AE2)/10000 -> 5.0002 | AE41: =SMALL($AD$40:$AD$47, ROW(AE2)) -> 2.0001 | AF41: =INDEX($AB$40:$AB$47,MATCH(AE41,$AD$40:$AD$47,0)) -> 🍪 월급 | AG41: =INDEX($AC$40:$AC$47,MATCH(AE41,$AD$40:$AD$47,0)) -> 31681500
V42: 3월 | W42: =H64 -> 0 | X42: =SUM(H73:H74) -> 0 | Y42: =SUM(H81,H88,H95,H102,H109,H116,H123,H130,H137,H144,H151,H158) -> 0 | Z42: =X42/W42 -> #DIV/0! | AB42: =D58 -> 🐻 월급 | AC42: =E58 -> 65870183 | AD42: =_xlfn.RANK.EQ(AC42,$AC$40:$AC$47,0) + ROW(AE3)/10000 -> 1.0003 | AE42: =SMALL($AD$40:$AD$47, ROW(AE3)) -> 3.0004 | AF42: =INDEX($AB$40:$AB$47,MATCH(AE42,$AD$40:$AD$47,0)) -> 🐻 부수입 | AG42: =INDEX($AC$40:$AC$47,MATCH(AE42,$AD$40:$AD$47,0)) -> 15364050
V43: 4월 | W43: =I64 -> 0 | X43: =SUM(I73:I74) -> 0 | Y43: =SUM(I81,I88,I95,I102,I109,I116,I123,I130,I137,I144,I151,I158) -> 0 | Z43: =X43/W43 -> #DIV/0! | AB43: =D59 -> 🐻 부수입 | AC43: =E59 -> 15364050 | AD43: =_xlfn.RANK.EQ(AC43,$AC$40:$AC$47,0) + ROW(AE4)/10000 -> 3.0004 | AE43: =SMALL($AD$40:$AD$47, ROW(AE4)) -> 4.0005 | AF43: =INDEX($AB$40:$AB$47,MATCH(AE43,$AD$40:$AD$47,0)) -> 기타 | AG43: =INDEX($AC$40:$AC$47,MATCH(AE43,$AD$40:$AD$47,0)) -> 6740231
V44: 5월 | W44: =J64 -> 6200000 | X44: =SUM(J73:J74) -> 4399422 | Y44: =SUM(J81,J88,J95,J102,J109,J116,J123,J130,J137,J144,J151,J158) -> 1800578 | Z44: =X44/W44 -> 0.70958419 | AB44: =D60 -> 기타 | AC44: =E60 -> 6740231 | AD44: =_xlfn.RANK.EQ(AC44,$AC$40:$AC$47,0) + ROW(AE5)/10000 -> 4.0005 | AE44: =SMALL($AD$40:$AD$47, ROW(AE5)) -> 5.0002 | AF44: =INDEX($AB$40:$AB$47,MATCH(AE44,$AD$40:$AD$47,0)) -> 🍪 부수입 | AG44: =INDEX($AC$40:$AC$47,MATCH(AE44,$AD$40:$AD$47,0)) -> 5801000
V45: 6월 | W45: =K64 -> 28071244 | X45: =SUM(K73:K74) -> 20866479 | Y45: =SUM(K81,K88,K95,K102,K109,K116,K123,K130,K137,K144,K151,K158) -> 7204765 | Z45: =X45/W45 -> 0.74334002 | AB45: =D61 | AC45: =E61 -> 0 | AD45: =_xlfn.RANK.EQ(AC45,$AC$40:$AC$47,0) + ROW(AE6)/10000 -> 6.0006 | AE45: =SMALL($AD$40:$AD$47, ROW(AE6)) -> 6.0006 | AF45: =INDEX($AB$40:$AB$47,MATCH(AE45,$AD$40:$AD$47,0)) | AG45: =INDEX($AC$40:$AC$47,MATCH(AE45,$AD$40:$AD$47,0)) -> 0
V46: 7월 | W46: =L64 -> 10065820 | X46: =SUM(L73:L74) -> 4614307 | Y46: =SUM(L81,L88,L95,L102,L109,L116,L123,L130,L137,L144,L151,L158) -> 5451513 | Z46: =X46/W46 -> 0.45841342 | AB46: =D62 | AC46: =E62 -> 0 | AD46: =_xlfn.RANK.EQ(AC46,$AC$40:$AC$47,0) + ROW(AE7)/10000 -> 6.0007 | AE46: =SMALL($AD$40:$AD$47, ROW(AE7)) -> 6.0007 | AF46: =INDEX($AB$40:$AB$47,MATCH(AE46,$AD$40:$AD$47,0)) | AG46: =INDEX($AC$40:$AC$47,MATCH(AE46,$AD$40:$AD$47,0)) -> 0
V47: 8월 | W47: =M64 -> 3332030 | X47: =SUM(M73:M74) -> -3415305 | Y47: =SUM(M81,M88,M95,M102,M109,M116,M123,M130,M137,M144,M151,M158) -> 6747335 | Z47: =X47/W47 -> -1.0249923 | AB47: =D63 | AC47: =E63 -> 0 | AD47: =_xlfn.RANK.EQ(AC47,$AC$40:$AC$47,0) + ROW(AE8)/10000 -> 6.0008 | AE47: =SMALL($AD$40:$AD$47, ROW(AE8)) -> 6.0008 | AF47: =INDEX($AB$40:$AB$47,MATCH(AE47,$AD$40:$AD$47,0)) | AG47: =INDEX($AC$40:$AC$47,MATCH(AE47,$AD$40:$AD$47,0)) -> 0
V48: 9월 | W48: =N64 -> 46239400 | X48: =SUM(N73:N74) -> 38355780 | Y48: =SUM(N81,N88,N95,N102,N109,N116,N123,N130,N137,N144,N151,N158) -> 7883620 | Z48: =X48/W48 -> 0.82950428
V49: 10월 | W49: =O64 -> 8930120 | X49: =SUM(O73:O74) -> 5611522 | Y49: =SUM(O81,O88,O95,O102,O109,O116,O123,O130,O137,O144,O151,O158) -> 3318598 | Z49: =X49/W49 -> 0.62838148
V50: 11월 | W50: =P64 -> 8712580 | X50: =SUM(P73:P74) -> 5273142 | Y50: =SUM(P81,P88,P95,P102,P109,P116,P123,P130,P137,P144,P151,P158) -> 3439438 | Z50: =X50/W50 -> 0.60523312
V51: 12월 | W51: =Q64 -> 13905770 | X51: =SUM(Q73:Q74) -> 6261435 | Y51: =SUM(Q81,Q88,Q95,Q102,Q109,Q116,Q123,Q130,Q137,Q144,Q151,Q158) -> 7644335 | Z51: =X51/W51 -> 0.45027604
W52: =SUM(W40:W51) -> 125456964 | X52: =SUM(X40:X51) -> 81966782 | Y52: =SUM(Y40:Y51) -> 43490182
C55: 대분류 | D55: 소분류 | E55: 합계 | F55: 1월 | G55: 2월 | H55: 3월 | I55: 4월 | J55: 5월 | K55: 6월 | L55: 7월 | M55: 8월 | N55: 9월 | O55: 10월 | P55: 11월 | Q55: 12월 | R55: 평균
C56: 수입 | D56: 🍪 월급 | E56: =SUM(F56:Q56) -> 31681500 | F56: {=INDIRECT("1월!$F$25")} -> 0 | G56: {=INDIRECT("2월!$F$25")} -> 0 | H56: {=INDIRECT("3월!$F$25")} -> 0 | I56: {=INDIRECT("4월!$F$25")} -> 0 | J56: {=INDIRECT("5월!$F$25")} -> 3300000 | K56: {=INDIRECT("6월!$F$25")} -> 3831300 | L56: {=INDIRECT("7월!$F$25")} -> 3257030 | M56: {=INDIRECT("8월!$F$25")} -> 3257030 | N56: {=INDIRECT("9월!$F$25")} -> 3836270 | O56: {=INDIRECT("10월!$F$25")} -> 3270300 | P56: {=INDIRECT("11월!$F$25")} -> 3257030 | Q56: {=INDIRECT("12월!$F$25")} -> 7672540 | R56: =IFERROR(SUM(F56:Q56)/W$69,"") -> 3960187.5 | W56: 작성여부
D57: 🍪 부수입 | E57: =SUM(F57:Q57) -> 5801000 | F57: {=INDIRECT("1월!$F$26")} -> 0 | G57: {=INDIRECT("2월!$F$26")} -> 0 | H57: {=INDIRECT("3월!$F$26")} -> 0 | I57: {=INDIRECT("4월!$F$26")} -> 0 | J57: {=INDIRECT("5월!$F$26")} -> 2900000 | K57: {=INDIRECT("6월!$F$26")} -> 2901000 | L57: {=INDIRECT("7월!$F$26")} -> 0 | M57: {=INDIRECT("8월!$F$26")} -> 0 | N57: {=INDIRECT("9월!$F$26")} -> 0 | O57: {=INDIRECT("10월!$F$26")} -> 0 | P57: {=INDIRECT("11월!$F$26")} -> 0 | Q57: {=INDIRECT("12월!$F$26")} -> 0 | R57: =IFERROR(SUM(F57:Q57)/W$69,"") -> 725125 | V57: 1월 | W57: =IF(COUNTIF(F56:F158, "<>0") > 0, 1, 0) -> 0
D58: 🐻 월급 | E58: =SUM(F58:Q58) -> 65870183 | F58: {=INDIRECT("1월!$F$27")} -> 0 | G58: {=INDIRECT("2월!$F$27")} -> 0 | H58: {=INDIRECT("3월!$F$27")} -> 0 | I58: {=INDIRECT("4월!$F$27")} -> 0 | J58: {=INDIRECT("5월!$F$27")} -> 0 | K58: {=INDIRECT("6월!$F$27")} -> 8440744 | L58: {=INDIRECT("7월!$F$27")} -> 3125670 | M58: {=INDIRECT("8월!$F$27")} -> 0 | N58: {=INDIRECT("9월!$F$27")} -> 38127639 | O58: {=INDIRECT("10월!$F$27")} -> 5631530 | P58: {=INDIRECT("11월!$F$27")} -> 5353370 | Q58: {=INDIRECT("12월!$F$27")} -> 5191230 | R58: =IFERROR(SUM(F58:Q58)/W$69,"") -> 8233772.9 | V58: 2월 | W58: =IF(COUNTIF(G56:G158, "<>0") > 0, 1, 0) -> 0
D59: 🐻 부수입 | E59: =SUM(F59:Q59) -> 15364050 | F59: {=INDIRECT("1월!$F$28")} -> 0 | G59: {=INDIRECT("2월!$F$28")} -> 0 | H59: {=INDIRECT("3월!$F$28")} -> 0 | I59: {=INDIRECT("4월!$F$28")} -> 0 | J59: {=INDIRECT("5월!$F$28")} -> 0 | K59: {=INDIRECT("6월!$F$28")} -> 12898200 | L59: {=INDIRECT("7월!$F$28")} -> 2465850 | M59: {=INDIRECT("8월!$F$28")} -> 0 | N59: {=INDIRECT("9월!$F$28")} -> 0 | O59: {=INDIRECT("10월!$F$28")} -> 0 | P59: {=INDIRECT("11월!$F$28")} -> 0 | Q59: {=INDIRECT("12월!$F$28")} -> 0 | R59: =IFERROR(SUM(F59:Q59)/W$69,"") -> 1920506.2 | V59: 3월 | W59: =IF(COUNTIF(H56:H158, "<>0") > 0, 1, 0) -> 0
D60: 기타 | E60: =SUM(F60:Q60) -> 6740231 | F60: {=INDIRECT("1월!$F$29")} -> 0 | G60: {=INDIRECT("2월!$F$29")} -> 0 | H60: {=INDIRECT("3월!$F$29")} -> 0 | I60: {=INDIRECT("4월!$F$29")} -> 0 | J60: {=INDIRECT("5월!$F$29")} -> 0 | K60: {=INDIRECT("6월!$F$29")} -> 0 | L60: {=INDIRECT("7월!$F$29")} -> 1217270 | M60: {=INDIRECT("8월!$F$29")} -> 75000 | N60: {=INDIRECT("9월!$F$29")} -> 4275491 | O60: {=INDIRECT("10월!$F$29")} -> 28290 | P60: {=INDIRECT("11월!$F$29")} -> 102180 | Q60: {=INDIRECT("12월!$F$29")} -> 1042000 | R60: =IFERROR(SUM(F60:Q60)/W$69,"") -> 842528.88 | V60: 4월 | W60: =IF(COUNTIF(I56:I158, "<>0") > 0, 1, 0) -> 0
E61: =SUM(F61:Q61) -> 0 | F61: {=INDIRECT("1월!$F$30")} -> 0 | G61: {=INDIRECT("2월!$F$30")} -> 0 | H61: {=INDIRECT("3월!$F$30")} -> 0 | I61: {=INDIRECT("4월!$F$30")} -> 0 | J61: {=INDIRECT("5월!$F$30")} -> 0 | K61: {=INDIRECT("6월!$F$30")} -> 0 | L61: {=INDIRECT("7월!$F$30")} -> 0 | M61: {=INDIRECT("8월!$F$30")} -> 0 | N61: {=INDIRECT("9월!$F$30")} -> 0 | O61: {=INDIRECT("10월!$F$30")} -> 0 | P61: {=INDIRECT("11월!$F$30")} -> 0 | Q61: {=INDIRECT("12월!$F$30")} -> 0 | R61: =IFERROR(SUM(F61:Q61)/W$69,"") -> 0 | V61: 5월 | W61: =IF(COUNTIF(J56:J158, "<>0") > 0, 1, 0) -> 1
E62: =SUM(F62:Q62) -> 0 | F62: {=INDIRECT("1월!$F$31")} -> 0 | G62: {=INDIRECT("2월!$F$31")} -> 0 | H62: {=INDIRECT("3월!$F$31")} -> 0 | I62: {=INDIRECT("4월!$F$31")} -> 0 | J62: {=INDIRECT("5월!$F$31")} -> 0 | K62: {=INDIRECT("6월!$F$31")} -> 0 | L62: {=INDIRECT("7월!$F$31")} -> 0 | M62: {=INDIRECT("8월!$F$31")} -> 0 | N62: {=INDIRECT("9월!$F$31")} -> 0 | O62: {=INDIRECT("10월!$F$31")} -> 0 | P62: {=INDIRECT("11월!$F$31")} -> 0 | Q62: {=INDIRECT("12월!$F$31")} -> 0 | R62: =IFERROR(SUM(F62:Q62)/W$69,"") -> 0 | V62: 6월 | W62: =IF(COUNTIF(K56:K158, "<>0") > 0, 1, 0) -> 1
E63: =SUM(F63:Q63) -> 0 | F63: {=INDIRECT("1월!$F$32")} -> 0 | G63: {=INDIRECT("2월!$F$32")} -> 0 | H63: {=INDIRECT("3월!$F$32")} -> 0 | I63: {=INDIRECT("4월!$F$32")} -> 0 | J63: {=INDIRECT("5월!$F$32")} -> 0 | K63: {=INDIRECT("6월!$F$32")} -> 0 | L63: {=INDIRECT("7월!$F$32")} -> 0 | M63: {=INDIRECT("8월!$F$32")} -> 0 | N63: {=INDIRECT("9월!$F$32")} -> 0 | O63: {=INDIRECT("10월!$F$32")} -> 0 | P63: {=INDIRECT("11월!$F$32")} -> 0 | Q63: {=INDIRECT("12월!$F$32")} -> 0 | R63: =IFERROR(SUM(F63:Q63)/W$69,"") -> 0 | V63: 7월 | W63: =IF(COUNTIF(L56:L158, "<>0") > 0, 1, 0) -> 1
C64: =IF($C$56=0,"","총"&$C$56) -> 총수입 | E64: =SUM(F64:Q64) -> 125456964 | F64: {=INDIRECT("1월!$F$33")} -> 0 | G64: {=INDIRECT("2월!$F$33")} -> 0 | H64: {=INDIRECT("3월!$F$33")} -> 0 | I64: {=INDIRECT("4월!$F$33")} -> 0 | J64: {=INDIRECT("5월!$F$33")} -> 6200000 | K64: {=INDIRECT("6월!$F$33")} -> 28071244 | L64: {=INDIRECT("7월!$F$33")} -> 10065820 | M64: {=INDIRECT("8월!$F$33")} -> 3332030 | N64: {=INDIRECT("9월!$F$33")} -> 46239400 | O64: {=INDIRECT("10월!$F$33")} -> 8930120 | P64: {=INDIRECT("11월!$F$33")} -> 8712580 | Q64: {=INDIRECT("12월!$F$33")} -> 13905770 | R64: =IFERROR(SUM(F64:Q64)/W$69,"") -> 15682120 | V64: 8월 | W64: =IF(COUNTIF(M56:M158, "<>0") > 0, 1, 0) -> 1
C65: 저축 | D65: 주택청약 | E65: =SUM(F65:Q65) -> 580000 | F65: {=INDIRECT("1월!$F$35")} -> 0 | G65: {=INDIRECT("2월!$F$35")} -> 0 | H65: {=INDIRECT("3월!$F$35")} -> 0 | I65: {=INDIRECT("4월!$F$35")} -> 0 | J65: {=INDIRECT("5월!$F$35")} -> 20000 | K65: {=INDIRECT("6월!$F$35")} -> 20000 | L65: {=INDIRECT("7월!$F$35")} -> 540000 | M65: {=INDIRECT("8월!$F$35")} -> 0 | N65: {=INDIRECT("9월!$F$35")} -> 0 | O65: {=INDIRECT("10월!$F$35")} -> 0 | P65: {=INDIRECT("11월!$F$35")} -> 0 | Q65: {=INDIRECT("12월!$F$35")} -> 0 | R65: =IFERROR(SUM(F65:Q65)/W$69,"") -> 72500 | V65: 9월 | W65: =IF(COUNTIF(N56:N158, "<>0") > 0, 1, 0) -> 1
D66: 우리은행 | E66: =SUM(F66:Q66) -> 8000000 | F66: {=INDIRECT("1월!$F$36")} -> 0 | G66: {=INDIRECT("2월!$F$36")} -> 0 | H66: {=INDIRECT("3월!$F$36")} -> 0 | I66: {=INDIRECT("4월!$F$36")} -> 0 | J66: {=INDIRECT("5월!$F$36")} -> 0 | K66: {=INDIRECT("6월!$F$36")} -> 1000000 | L66: {=INDIRECT("7월!$F$36")} -> 1000000 | M66: {=INDIRECT("8월!$F$36")} -> 1000000 | N66: {=INDIRECT("9월!$F$36")} -> 5000000 | O66: {=INDIRECT("10월!$F$36")} -> 0 | P66: {=INDIRECT("11월!$F$36")} -> 0 | Q66: {=INDIRECT("12월!$F$36")} -> 0 | R66: =IFERROR(SUM(F66:Q66)/W$69,"") -> 1000000 | V66: 10월 | W66: =IF(COUNTIF(O56:O158, "<>0") > 0, 1, 0) -> 1
D67: 케이뱅크 | E67: =SUM(F67:Q67) -> 65525000 | F67: {=INDIRECT("1월!$F$37")} -> 0 | G67: {=INDIRECT("2월!$F$37")} -> 0 | H67: {=INDIRECT("3월!$F$37")} -> 0 | I67: {=INDIRECT("4월!$F$37")} -> 0 | J67: {=INDIRECT("5월!$F$37")} -> 0 | K67: {=INDIRECT("6월!$F$37")} -> 13000000 | L67: {=INDIRECT("7월!$F$37")} -> 4500000 | M67: {=INDIRECT("8월!$F$37")} -> 0 | N67: {=INDIRECT("9월!$F$37")} -> 30025000 | O67: {=INDIRECT("10월!$F$37")} -> 4000000 | P67: {=INDIRECT("11월!$F$37")} -> 8000000 | Q67: {=INDIRECT("12월!$F$37")} -> 6000000 | R67: =IFERROR(SUM(F67:Q67)/W$69,"") -> 8190625 | V67: 11월 | W67: =IF(COUNTIF(P56:P158, "<>0") > 0, 1, 0) -> 1
D68: 연금저축 | E68: =SUM(F68:Q68) -> 1400000 | F68: {=INDIRECT("1월!$F$38")} -> 0 | G68: {=INDIRECT("2월!$F$38")} -> 0 | H68: {=INDIRECT("3월!$F$38")} -> 0 | I68: {=INDIRECT("4월!$F$38")} -> 0 | J68: {=INDIRECT("5월!$F$38")} -> 0 | K68: {=INDIRECT("6월!$F$38")} -> 200000 | L68: {=INDIRECT("7월!$F$38")} -> 200000 | M68: {=INDIRECT("8월!$F$38")} -> 200000 | N68: {=INDIRECT("9월!$F$38")} -> 100000 | O68: {=INDIRECT("10월!$F$38")} -> 100000 | P68: {=INDIRECT("11월!$F$38")} -> 400000 | Q68: {=INDIRECT("12월!$F$38")} -> 200000 | R68: =IFERROR(SUM(F68:Q68)/W$69,"") -> 175000 | V68: 12월 | W68: =IF(COUNTIF(Q56:Q158, "<>0") > 0, 1, 0) -> 1
E69: =SUM(F69:Q69) -> 0 | F69: {=INDIRECT("1월!$F$39")} -> 0 | G69: {=INDIRECT("2월!$F$39")} -> 0 | H69: {=INDIRECT("3월!$F$39")} -> 0 | I69: {=INDIRECT("4월!$F$39")} -> 0 | J69: {=INDIRECT("5월!$F$39")} -> 0 | K69: {=INDIRECT("6월!$F$39")} -> 0 | L69: {=INDIRECT("7월!$F$39")} -> 0 | M69: {=INDIRECT("8월!$F$39")} -> 0 | N69: {=INDIRECT("9월!$F$39")} -> 0 | O69: {=INDIRECT("10월!$F$39")} -> 0 | P69: {=INDIRECT("11월!$F$39")} -> 0 | Q69: {=INDIRECT("12월!$F$39")} -> 0 | R69: =IFERROR(SUM(F69:Q69)/W$69,"") -> 0 | V69: 계 | W69: =SUM(W57:W68) -> 8
E70: =SUM(F70:Q70) -> 0 | F70: {=INDIRECT("1월!$F$40")} -> 0 | G70: {=INDIRECT("2월!$F$40")} -> 0 | H70: {=INDIRECT("3월!$F$40")} -> 0 | I70: {=INDIRECT("4월!$F$40")} -> 0 | J70: {=INDIRECT("5월!$F$40")} -> 0 | K70: {=INDIRECT("6월!$F$40")} -> 0 | L70: {=INDIRECT("7월!$F$40")} -> 0 | M70: {=INDIRECT("8월!$F$40")} -> 0 | N70: {=INDIRECT("9월!$F$40")} -> 0 | O70: {=INDIRECT("10월!$F$40")} -> 0 | P70: {=INDIRECT("11월!$F$40")} -> 0 | Q70: {=INDIRECT("12월!$F$40")} -> 0 | R70: =IFERROR(SUM(F70:Q70)/W$69,"") -> 0
E71: =SUM(F71:Q71) -> 0 | F71: {=INDIRECT("1월!$F$41")} -> 0 | G71: {=INDIRECT("2월!$F$41")} -> 0 | H71: {=INDIRECT("3월!$F$41")} -> 0 | I71: {=INDIRECT("4월!$F$41")} -> 0 | J71: {=INDIRECT("5월!$F$41")} -> 0 | K71: {=INDIRECT("6월!$F$41")} -> 0 | L71: {=INDIRECT("7월!$F$41")} -> 0 | M71: {=INDIRECT("8월!$F$41")} -> 0 | N71: {=INDIRECT("9월!$F$41")} -> 0 | O71: {=INDIRECT("10월!$F$41")} -> 0 | P71: {=INDIRECT("11월!$F$41")} -> 0 | Q71: {=INDIRECT("12월!$F$41")} -> 0 | R71: =IFERROR(SUM(F71:Q71)/W$69,"") -> 0
E72: =SUM(F72:Q72) -> 0 | F72: {=INDIRECT("1월!$F$42")} -> 0 | G72: {=INDIRECT("2월!$F$42")} -> 0 | H72: {=INDIRECT("3월!$F$42")} -> 0 | I72: {=INDIRECT("4월!$F$42")} -> 0 | J72: {=INDIRECT("5월!$F$42")} -> 0 | K72: {=INDIRECT("6월!$F$42")} -> 0 | L72: {=INDIRECT("7월!$F$42")} -> 0 | M72: {=INDIRECT("8월!$F$42")} -> 0 | N72: {=INDIRECT("9월!$F$42")} -> 0 | O72: {=INDIRECT("10월!$F$42")} -> 0 | P72: {=INDIRECT("11월!$F$42")} -> 0 | Q72: {=INDIRECT("12월!$F$42")} -> 0 | R72: =IFERROR(SUM(F72:Q72)/W$69,"") -> 0
C73: =IF($C$65=0,"","총"&$C$65) -> 총저축 | E73: =SUM(F73:Q73) -> 75505000 | F73: {=INDIRECT("1월!$F$43")} -> 0 | G73: {=INDIRECT("2월!$F$43")} -> 0 | H73: {=INDIRECT("3월!$F$43")} -> 0 | I73: {=INDIRECT("4월!$F$43")} -> 0 | J73: {=INDIRECT("5월!$F$43")} -> 20000 | K73: {=INDIRECT("6월!$F$43")} -> 14220000 | L73: {=INDIRECT("7월!$F$43")} -> 6240000 | M73: {=INDIRECT("8월!$F$43")} -> 1200000 | N73: {=INDIRECT("9월!$F$43")} -> 35125000 | O73: {=INDIRECT("10월!$F$43")} -> 4100000 | P73: {=INDIRECT("11월!$F$43")} -> 8400000 | Q73: {=INDIRECT("12월!$F$43")} -> 6200000 | R73: =IFERROR(SUM(F73:Q73)/W$69,"") -> 9438125
C74: 총잉여현금 | E74: =SUM(F74:Q74) -> 6461782 | F74: {=INDIRECT("1월!$D$18")} -> 0 | G74: {=INDIRECT("2월!$D$18")} -> 0 | H74: {=INDIRECT("3월!$D$18")} -> 0 | I74: {=INDIRECT("4월!$D$18")} -> 0 | J74: {=INDIRECT("5월!$D$18")} -> 4379422 | K74: {=INDIRECT("6월!$D$18")} -> 6646479 | L74: {=INDIRECT("7월!$D$18")} -> -1625693 | M74: {=INDIRECT("8월!$D$18")} -> -4615305 | N74: {=INDIRECT("9월!$D$18")} -> 3230780 | O74: {=INDIRECT("10월!$D$18")} -> 1511522 | P74: {=INDIRECT("11월!$D$18")} -> -3126858 | Q74: {=INDIRECT("12월!$D$18")} -> 61435 | R74: =IFERROR(SUM(F74:Q74)/W$69,"") -> 807722.75
C75: 🍪고정비 | D75: 관리비 | E75: =SUM(F75:Q75) -> 2135650 | F75: {=INDIRECT("1월!$K$25")} -> 0 | G75: {=INDIRECT("2월!$K$25")} -> 0 | H75: {=INDIRECT("3월!$K$25")} -> 0 | I75: {=INDIRECT("4월!$K$25")} -> 0 | J75: {=INDIRECT("5월!$K$25")} -> 233990 | K75: {=INDIRECT("6월!$K$25")} -> 226170 | L75: {=INDIRECT("7월!$K$25")} -> 268790 | M75: {=INDIRECT("8월!$K$25")} -> 310760 | N75: {=INDIRECT("9월!$K$25")} -> 323010 | O75: {=INDIRECT("10월!$K$25")} -> 280740 | P75: {=INDIRECT("11월!$K$25")} -> 241940 | Q75: {=INDIRECT("12월!$K$25")} -> 250250 | R75: =IFERROR(SUM(F75:Q75)/W$69,"") -> 266956.25
D76: 월세 | E76: =SUM(F76:Q76) -> 880918 | F76: {=INDIRECT("1월!$K$26")} -> 0 | G76: {=INDIRECT("2월!$K$26")} -> 0 | H76: {=INDIRECT("3월!$K$26")} -> 0 | I76: {=INDIRECT("4월!$K$26")} -> 0 | J76: {=INDIRECT("5월!$K$26")} -> 0 | K76: {=INDIRECT("6월!$K$26")} -> 100000 | L76: {=INDIRECT("7월!$K$26")} -> 100000 | M76: {=INDIRECT("8월!$K$26")} -> 280918 | N76: {=INDIRECT("9월!$K$26")} -> 100000 | O76: {=INDIRECT("10월!$K$26")} -> 100000 | P76: {=INDIRECT("11월!$K$26")} -> 100000 | Q76: {=INDIRECT("12월!$K$26")} -> 100000 | R76: =IFERROR(SUM(F76:Q76)/W$69,"") -> 110114.75
D77: 대출이자 | E77: =SUM(F77:Q77) -> 901505 | F77: {=INDIRECT("1월!$K$27")} -> 0 | G77: {=INDIRECT("2월!$K$27")} -> 0 | H77: {=INDIRECT("3월!$K$27")} -> 0 | I77: {=INDIRECT("4월!$K$27")} -> 0 | J77: {=INDIRECT("5월!$K$27")} -> 0 | K77: {=INDIRECT("6월!$K$27")} -> 0 | L77: {=INDIRECT("7월!$K$27")} -> 189507 | M77: {=INDIRECT("8월!$K$27")} -> 0 | N77: {=INDIRECT("9월!$K$27")} -> 180918 | O77: {=INDIRECT("10월!$K$27")} -> 175081 | P77: {=INDIRECT("11월!$K$27")} -> 180918 | Q77: {=INDIRECT("12월!$K$27")} -> 175081 | R77: =IFERROR(SUM(F77:Q77)/W$69,"") -> 112688.12
D78: 통신비 | E78: =SUM(F78:Q78) -> 840760 | F78: {=INDIRECT("1월!$K$28")} -> 0 | G78: {=INDIRECT("2월!$K$28")} -> 0 | H78: {=INDIRECT("3월!$K$28")} -> 0 | I78: {=INDIRECT("4월!$K$28")} -> 0 | J78: {=INDIRECT("5월!$K$28")} -> 119500 | K78: {=INDIRECT("6월!$K$28")} -> 89560 | L78: {=INDIRECT("7월!$K$28")} -> 77060 | M78: {=INDIRECT("8월!$K$28")} -> 65000 | N78: {=INDIRECT("9월!$K$28")} -> 125460 | O78: {=INDIRECT("10월!$K$28")} -> 125060 | P78: {=INDIRECT("11월!$K$28")} -> 119560 | Q78: {=INDIRECT("12월!$K$28")} -> 119560 | R78: =IFERROR(SUM(F78:Q78)/W$69,"") -> 105095
D79: 보험료 | E79: =SUM(F79:Q79) -> 0 | F79: {=INDIRECT("1월!$K$29")} -> 0 | G79: {=INDIRECT("2월!$K$29")} -> 0 | H79: {=INDIRECT("3월!$K$29")} -> 0 | I79: {=INDIRECT("4월!$K$29")} -> 0 | J79: {=INDIRECT("5월!$K$29")} -> 0 | K79: {=INDIRECT("6월!$K$29")} -> 0 | L79: {=INDIRECT("7월!$K$29")} -> 0 | M79: {=INDIRECT("8월!$K$29")} -> 0 | N79: {=INDIRECT("9월!$K$29")} -> 0 | O79: {=INDIRECT("10월!$K$29")} -> 0 | P79: {=INDIRECT("11월!$K$29")} -> 0 | Q79: {=INDIRECT("12월!$K$29")} -> 0 | R79: =IFERROR(SUM(F79:Q79)/W$69,"") -> 0
D80: 곗돈 | E80: =SUM(F80:Q80) -> 160000 | F80: {=INDIRECT("1월!$K$30")} -> 0 | G80: {=INDIRECT("2월!$K$30")} -> 0 | H80: {=INDIRECT("3월!$K$30")} -> 0 | I80: {=INDIRECT("4월!$K$30")} -> 0 | J80: {=INDIRECT("5월!$K$30")} -> 0 | K80: {=INDIRECT("6월!$K$30")} -> 30000 | L80: {=INDIRECT("7월!$K$30")} -> 30000 | M80: {=INDIRECT("8월!$K$30")} -> 20000 | N80: {=INDIRECT("9월!$K$30")} -> 0 | O80: {=INDIRECT("10월!$K$30")} -> 0 | P80: {=INDIRECT("11월!$K$30")} -> 60000 | Q80: {=INDIRECT("12월!$K$30")} -> 20000 | R80: =IFERROR(SUM(F80:Q80)/W$69,"") -> 20000
C81: =IF(C$75=0,"","총"&$C$75) -> 총🍪고정비 | E81: =SUM(F81:Q81) -> 4918833 | F81: {=INDIRECT("1월!$K$31")} -> 0 | G81: {=INDIRECT("2월!$K$31")} -> 0 | H81: {=INDIRECT("3월!$K$31")} -> 0 | I81: {=INDIRECT("4월!$K$31")} -> 0 | J81: {=INDIRECT("5월!$K$31")} -> 353490 | K81: {=INDIRECT("6월!$K$31")} -> 445730 | L81: {=INDIRECT("7월!$K$31")} -> 665357 | M81: {=INDIRECT("8월!$K$31")} -> 676678 | N81: {=INDIRECT("9월!$K$31")} -> 729388 | O81: {=INDIRECT("10월!$K$31")} -> 680881 | P81: {=INDIRECT("11월!$K$31")} -> 702418 | Q81: {=INDIRECT("12월!$K$31")} -> 664891 | R81: =IFERROR(SUM(F81:Q81)/W$69,"") -> 614854.12
C82: 🐻고정비 | D82: 관리비 | E82: =SUM(F82:Q82) -> 135170 | F82: {=INDIRECT("1월!$K$33")} -> 0 | G82: {=INDIRECT("2월!$K$33")} -> 0 | H82: {=INDIRECT("3월!$K$33")} -> 0 | I82: {=INDIRECT("4월!$K$33")} -> 0 | J82: {=INDIRECT("5월!$K$33")} -> 0 | K82: {=INDIRECT("6월!$K$33")} -> 24720 | L82: {=INDIRECT("7월!$K$33")} -> 19840 | M82: {=INDIRECT("8월!$K$33")} -> 12150 | N82: {=INDIRECT("9월!$K$33")} -> 10710 | O82: {=INDIRECT("10월!$K$33")} -> 14930 | P82: {=INDIRECT("11월!$K$33")} -> 17030 | Q82: {=INDIRECT("12월!$K$33")} -> 35790 | R82: =IFERROR(SUM(F82:Q82)/W$69,"") -> 16896.25
D83: 대출이자 | E83: =SUM(F83:Q83) -> 0 | F83: {=INDIRECT("1월!$K$34")} -> 0 | G83: {=INDIRECT("2월!$K$34")} -> 0 | H83: {=INDIRECT("3월!$K$34")} -> 0 | I83: {=INDIRECT("4월!$K$34")} -> 0 | J83: {=INDIRECT("5월!$K$34")} -> 0 | K83: {=INDIRECT("6월!$K$34")} -> 0 | L83: {=INDIRECT("7월!$K$34")} -> 0 | M83: {=INDIRECT("8월!$K$34")} -> 0 | N83: {=INDIRECT("9월!$K$34")} -> 0 | O83: {=INDIRECT("10월!$K$34")} -> 0 | P83: {=INDIRECT("11월!$K$34")} -> 0 | Q83: {=INDIRECT("12월!$K$34")} -> 0 | R83: =IFERROR(SUM(F83:Q83)/W$69,"") -> 0
D84: 통신비 | E84: =SUM(F84:Q84) -> 321459 | F84: {=INDIRECT("1월!$K$35")} -> 0 | G84: {=INDIRECT("2월!$K$35")} -> 0 | H84: {=INDIRECT("3월!$K$35")} -> 0 | I84: {=INDIRECT("4월!$K$35")} -> 0 | J84: {=INDIRECT("5월!$K$35")} -> 0 | K84: {=INDIRECT("6월!$K$35")} -> 94909 | L84: {=INDIRECT("7월!$K$35")} -> 44050 | M84: {=INDIRECT("8월!$K$35")} -> 47050 | N84: {=INDIRECT("9월!$K$35")} -> 44050 | O84: {=INDIRECT("10월!$K$35")} -> 3300 | P84: {=INDIRECT("11월!$K$35")} -> 44050 | Q84: {=INDIRECT("12월!$K$35")} -> 44050 | R84: =IFERROR(SUM(F84:Q84)/W$69,"") -> 40182.375
D85: 보험료 | E85: =SUM(F85:Q85) -> 646070 | F85: {=INDIRECT("1월!$K$36")} -> 0 | G85: {=INDIRECT("2월!$K$36")} -> 0 | H85: {=INDIRECT("3월!$K$36")} -> 0 | I85: {=INDIRECT("4월!$K$36")} -> 0 | J85: {=INDIRECT("5월!$K$36")} -> 0 | K85: {=INDIRECT("6월!$K$36")} -> 118010 | L85: {=INDIRECT("7월!$K$36")} -> 88010 | M85: {=INDIRECT("8월!$K$36")} -> 88010 | N85: {=INDIRECT("9월!$K$36")} -> 88010 | O85: {=INDIRECT("10월!$K$36")} -> 88010 | P85: {=INDIRECT("11월!$K$36")} -> 88010 | Q85: {=INDIRECT("12월!$K$36")} -> 88010 | R85: =IFERROR(SUM(F85:Q85)/W$69,"") -> 80758.75
D86: 곗돈 | E86: =SUM(F86:Q86) -> 580000 | F86: {=INDIRECT("1월!$K$37")} -> 0 | G86: {=INDIRECT("2월!$K$37")} -> 0 | H86: {=INDIRECT("3월!$K$37")} -> 0 | I86: {=INDIRECT("4월!$K$37")} -> 0 | J86: {=INDIRECT("5월!$K$37")} -> 0 | K86: {=INDIRECT("6월!$K$37")} -> 90000 | L86: {=INDIRECT("7월!$K$37")} -> 90000 | M86: {=INDIRECT("8월!$K$37")} -> 80000 | N86: {=INDIRECT("9월!$K$37")} -> 80000 | O86: {=INDIRECT("10월!$K$37")} -> 80000 | P86: {=INDIRECT("11월!$K$37")} -> 80000 | Q86: {=INDIRECT("12월!$K$37")} -> 80000 | R86: =IFERROR(SUM(F86:Q86)/W$69,"") -> 72500
E87: =SUM(F87:Q87) -> 0 | F87: {=INDIRECT("1월!$K$38")} -> 0 | G87: {=INDIRECT("2월!$K$38")} -> 0 | H87: {=INDIRECT("3월!$K$38")} -> 0 | I87: {=INDIRECT("4월!$K$38")} -> 0 | J87: {=INDIRECT("5월!$K$38")} -> 0 | K87: {=INDIRECT("6월!$K$38")} -> 0 | L87: {=INDIRECT("7월!$K$38")} -> 0 | M87: {=INDIRECT("8월!$K$38")} -> 0 | N87: {=INDIRECT("9월!$K$38")} -> 0 | O87: {=INDIRECT("10월!$K$38")} -> 0 | P87: {=INDIRECT("11월!$K$38")} -> 0 | Q87: {=INDIRECT("12월!$K$38")} -> 0 | R87: =IFERROR(SUM(F87:Q87)/W$69,"") -> 0
C88: =IF($C$82=0,"","총"&$C$82) -> 총🐻고정비 | E88: =SUM(F88:Q88) -> 1682699 | F88: {=INDIRECT("1월!$K$39")} -> 0 | G88: {=INDIRECT("2월!$K$39")} -> 0 | H88: {=INDIRECT("3월!$K$39")} -> 0 | I88: {=INDIRECT("4월!$K$39")} -> 0 | J88: {=INDIRECT("5월!$K$39")} -> 0 | K88: {=INDIRECT("6월!$K$39")} -> 327639 | L88: {=INDIRECT("7월!$K$39")} -> 241900 | M88: {=INDIRECT("8월!$K$39")} -> 227210 | N88: {=INDIRECT("9월!$K$39")} -> 222770 | O88: {=INDIRECT("10월!$K$39")} -> 186240 | P88: {=INDIRECT("11월!$K$39")} -> 229090 | Q88: {=INDIRECT("12월!$K$39")} -> 247850 | R88: =IFERROR(SUM(F88:Q88)/W$69,"") -> 210337.38
C89: 🍪생필품 | D89: 주방/욕실 | E89: =SUM(F89:Q89) -> 193758 | F89: {=INDIRECT("1월!$K$41")} -> 0 | G89: {=INDIRECT("2월!$K$41")} -> 0 | H89: {=INDIRECT("3월!$K$41")} -> 0 | I89: {=INDIRECT("4월!$K$41")} -> 0 | J89: {=INDIRECT("5월!$K$41")} -> 0 | K89: {=INDIRECT("6월!$K$41")} -> 33000 | L89: {=INDIRECT("7월!$K$41")} -> 7790 | M89: {=INDIRECT("8월!$K$41")} -> 2000 | N89: {=INDIRECT("9월!$K$41")} -> 67818 | O89: {=INDIRECT("10월!$K$41")} -> 20650 | P89: {=INDIRECT("11월!$K$41")} -> 62500 | Q89: {=INDIRECT("12월!$K$41")} -> 0 | R89: =IFERROR(SUM(F89:Q89)/W$69,"") -> 24219.75
D90: 소모품 | E90: =SUM(F90:Q90) -> 120482 | F90: {=INDIRECT("1월!$K$42")} -> 0 | G90: {=INDIRECT("2월!$K$42")} -> 0 | H90: {=INDIRECT("3월!$K$42")} -> 0 | I90: {=INDIRECT("4월!$K$42")} -> 0 | J90: {=INDIRECT("5월!$K$42")} -> 0 | K90: {=INDIRECT("6월!$K$42")} -> 0 | L90: {=INDIRECT("7월!$K$42")} -> 14900 | M90: {=INDIRECT("8월!$K$42")} -> 0 | N90: {=INDIRECT("9월!$K$42")} -> 0 | O90: {=INDIRECT("10월!$K$42")} -> 0 | P90: {=INDIRECT("11월!$K$42")} -> 96682 | Q90: {=INDIRECT("12월!$K$42")} -> 8900 | R90: =IFERROR(SUM(F90:Q90)/W$69,"") -> 15060.25
D91: 기타 | E91: =SUM(F91:Q91) -> 251656 | F91: {=INDIRECT("1월!$K$43")} -> 0 | G91: {=INDIRECT("2월!$K$43")} -> 0 | H91: {=INDIRECT("3월!$K$43")} -> 0 | I91: {=INDIRECT("4월!$K$43")} -> 0 | J91: {=INDIRECT("5월!$K$43")} -> 0 | K91: {=INDIRECT("6월!$K$43")} -> 70290 | L91: {=INDIRECT("7월!$K$43")} -> 16246 | M91: {=INDIRECT("8월!$K$43")} -> 5500 | N91: {=INDIRECT("9월!$K$43")} -> 0 | O91: {=INDIRECT("10월!$K$43")} -> 77790 | P91: {=INDIRECT("11월!$K$43")} -> 38930 | Q91: {=INDIRECT("12월!$K$43")} -> 42900 | R91: =IFERROR(SUM(F91:Q91)/W$69,"") -> 31457
E92: =SUM(F92:Q92) -> 0 | F92: {=INDIRECT("1월!$K$44")} -> 0 | G92: {=INDIRECT("2월!$K$44")} -> 0 | H92: {=INDIRECT("3월!$K$44")} -> 0 | I92: {=INDIRECT("4월!$K$44")} -> 0 | J92: {=INDIRECT("5월!$K$44")} -> 0 | K92: {=INDIRECT("6월!$K$44")} -> 0 | L92: {=INDIRECT("7월!$K$44")} -> 0 | M92: {=INDIRECT("8월!$K$44")} -> 0 | N92: {=INDIRECT("9월!$K$44")} -> 0 | O92: {=INDIRECT("10월!$K$44")} -> 0 | P92: {=INDIRECT("11월!$K$44")} -> 0 | Q92: {=INDIRECT("12월!$K$44")} -> 0 | R92: =IFERROR(SUM(F92:Q92)/W$69,"") -> 0
E93: =SUM(F93:Q93) -> 0 | F93: {=INDIRECT("1월!$K$45")} -> 0 | G93: {=INDIRECT("2월!$K$45")} -> 0 | H93: {=INDIRECT("3월!$K$45")} -> 0 | I93: {=INDIRECT("4월!$K$45")} -> 0 | J93: {=INDIRECT("5월!$K$45")} -> 0 | K93: {=INDIRECT("6월!$K$45")} -> 0 | L93: {=INDIRECT("7월!$K$45")} -> 0 | M93: {=INDIRECT("8월!$K$45")} -> 0 | N93: {=INDIRECT("9월!$K$45")} -> 0 | O93: {=INDIRECT("10월!$K$45")} -> 0 | P93: {=INDIRECT("11월!$K$45")} -> 0 | Q93: {=INDIRECT("12월!$K$45")} -> 0 | R93: =IFERROR(SUM(F93:Q93)/W$69,"") -> 0
E94: =SUM(F94:Q94) -> 0 | F94: {=INDIRECT("1월!$K$46")} -> 0 | G94: {=INDIRECT("2월!$K$46")} -> 0 | H94: {=INDIRECT("3월!$K$46")} -> 0 | I94: {=INDIRECT("4월!$K$46")} -> 0 | J94: {=INDIRECT("5월!$K$46")} -> 0 | K94: {=INDIRECT("6월!$K$46")} -> 0 | L94: {=INDIRECT("7월!$K$46")} -> 0 | M94: {=INDIRECT("8월!$K$46")} -> 0 | N94: {=INDIRECT("9월!$K$46")} -> 0 | O94: {=INDIRECT("10월!$K$46")} -> 0 | P94: {=INDIRECT("11월!$K$46")} -> 0 | Q94: {=INDIRECT("12월!$K$46")} -> 0 | R94: =IFERROR(SUM(F94:Q94)/W$69,"") -> 0
C95: =IF($C$89=0,"","총"&$C$89) -> 총🍪생필품 | E95: =SUM(F95:Q95) -> 565896 | F95: {=INDIRECT("1월!$K$47")} -> 0 | G95: {=INDIRECT("2월!$K$47")} -> 0 | H95: {=INDIRECT("3월!$K$47")} -> 0 | I95: {=INDIRECT("4월!$K$47")} -> 0 | J95: {=INDIRECT("5월!$K$47")} -> 0 | K95: {=INDIRECT("6월!$K$47")} -> 103290 | L95: {=INDIRECT("7월!$K$47")} -> 38936 | M95: {=INDIRECT("8월!$K$47")} -> 7500 | N95: {=INDIRECT("9월!$K$47")} -> 67818 | O95: {=INDIRECT("10월!$K$47")} -> 98440 | P95: {=INDIRECT("11월!$K$47")} -> 198112 | Q95: {=INDIRECT("12월!$K$47")} -> 51800 | R95: =IFERROR(SUM(F95:Q95)/W$69,"") -> 70737
C96: 🐻생필품 | D96: 주방/욕실 | E96: =SUM(F96:Q96) -> 154100 | F96: {=INDIRECT("1월!$K$49")} -> 0 | G96: {=INDIRECT("2월!$K$49")} -> 0 | H96: {=INDIRECT("3월!$K$49")} -> 0 | I96: {=INDIRECT("4월!$K$49")} -> 0 | J96: {=INDIRECT("5월!$K$49")} -> 0 | K96: {=INDIRECT("6월!$K$49")} -> 6400 | L96: {=INDIRECT("7월!$K$49")} -> 5000 | M96: {=INDIRECT("8월!$K$49")} -> 0 | N96: {=INDIRECT("9월!$K$49")} -> 142700 | O96: {=INDIRECT("10월!$K$49")} -> 0 | P96: {=INDIRECT("11월!$K$49")} -> 0 | Q96: {=INDIRECT("12월!$K$49")} -> 0 | R96: =IFERROR(SUM(F96:Q96)/W$69,"") -> 19262.5
D97: 소모품 | E97: =SUM(F97:Q97) -> 138175 | F97: {=INDIRECT("1월!$K$50")} -> 0 | G97: {=INDIRECT("2월!$K$50")} -> 0 | H97: {=INDIRECT("3월!$K$50")} -> 0 | I97: {=INDIRECT("4월!$K$50")} -> 0 | J97: {=INDIRECT("5월!$K$50")} -> 0 | K97: {=INDIRECT("6월!$K$50")} -> 0 | L97: {=INDIRECT("7월!$K$50")} -> 12600 | M97: {=INDIRECT("8월!$K$50")} -> 0 | N97: {=INDIRECT("9월!$K$50")} -> 14200 | O97: {=INDIRECT("10월!$K$50")} -> 55375 | P97: {=INDIRECT("11월!$K$50")} -> 0 | Q97: {=INDIRECT("12월!$K$50")} -> 56000 | R97: =IFERROR(SUM(F97:Q97)/W$69,"") -> 17271.875
D98: 기타 | E98: =SUM(F98:Q98) -> 146100 | F98: {=INDIRECT("1월!$K$51")} -> 0 | G98: {=INDIRECT("2월!$K$51")} -> 0 | H98: {=INDIRECT("3월!$K$51")} -> 0 | I98: {=INDIRECT("4월!$K$51")} -> 0 | J98: {=INDIRECT("5월!$K$51")} -> 0 | K98: {=INDIRECT("6월!$K$51")} -> 0 | L98: {=INDIRECT("7월!$K$51")} -> 2000 | M98: {=INDIRECT("8월!$K$51")} -> 1600 | N98: {=INDIRECT("9월!$K$51")} -> 81600 | O98: {=INDIRECT("10월!$K$51")} -> 60900 | P98: {=INDIRECT("11월!$K$51")} -> 0 | Q98: {=INDIRECT("12월!$K$51")} -> 0 | R98: =IFERROR(SUM(F98:Q98)/W$69,"") -> 18262.5
E99: =SUM(F99:Q99) -> 0 | F99: {=INDIRECT("1월!$K$52")} -> 0 | G99: {=INDIRECT("2월!$K$52")} -> 0 | H99: {=INDIRECT("3월!$K$52")} -> 0 | I99: {=INDIRECT("4월!$K$52")} -> 0 | J99: {=INDIRECT("5월!$K$52")} -> 0 | K99: {=INDIRECT("6월!$K$52")} -> 0 | L99: {=INDIRECT("7월!$K$52")} -> 0 | M99: {=INDIRECT("8월!$K$52")} -> 0 | N99: {=INDIRECT("9월!$K$52")} -> 0 | O99: {=INDIRECT("10월!$K$52")} -> 0 | P99: {=INDIRECT("11월!$K$52")} -> 0 | Q99: {=INDIRECT("12월!$K$52")} -> 0 | R99: =IFERROR(SUM(F99:Q99)/W$69,"") -> 0
E100: =SUM(F100:Q100) -> 0 | F100: {=INDIRECT("1월!$K$53")} -> 0 | G100: {=INDIRECT("2월!$K$53")} -> 0 | H100: {=INDIRECT("3월!$K$53")} -> 0 | I100: {=INDIRECT("4월!$K$53")} -> 0 | J100: {=INDIRECT("5월!$K$53")} -> 0 | K100: {=INDIRECT("6월!$K$53")} -> 0 | L100: {=INDIRECT("7월!$K$53")} -> 0 | M100: {=INDIRECT("8월!$K$53")} -> 0 | N100: {=INDIRECT("9월!$K$53")} -> 0 | O100: {=INDIRECT("10월!$K$53")} -> 0 | P100: {=INDIRECT("11월!$K$53")} -> 0 | Q100: {=INDIRECT("12월!$K$53")} -> 0 | R100: =IFERROR(SUM(F100:Q100)/W$69,"") -> 0
E101: =SUM(F101:Q101) -> 0 | F101: {=INDIRECT("1월!$K$54")} -> 0 | G101: {=INDIRECT("2월!$K$54")} -> 0 | H101: {=INDIRECT("3월!$K$54")} -> 0 | I101: {=INDIRECT("4월!$K$54")} -> 0 | J101: {=INDIRECT("5월!$K$54")} -> 0 | K101: {=INDIRECT("6월!$K$54")} -> 0 | L101: {=INDIRECT("7월!$K$54")} -> 0 | M101: {=INDIRECT("8월!$K$54")} -> 0 | N101: {=INDIRECT("9월!$K$54")} -> 0 | O101: {=INDIRECT("10월!$K$54")} -> 0 | P101: {=INDIRECT("11월!$K$54")} -> 0 | Q101: {=INDIRECT("12월!$K$54")} -> 0 | R101: =IFERROR(SUM(F101:Q101)/W$69,"") -> 0
C102: =IF($C$96=0,"","총"&$C$96) -> 총🐻생필품 | E102: =SUM(F102:Q102) -> 438375 | F102: {=INDIRECT("1월!$K$55")} -> 0 | G102: {=INDIRECT("2월!$K$55")} -> 0 | H102: {=INDIRECT("3월!$K$55")} -> 0 | I102: {=INDIRECT("4월!$K$55")} -> 0 | J102: {=INDIRECT("5월!$K$55")} -> 0 | K102: {=INDIRECT("6월!$K$55")} -> 6400 | L102: {=INDIRECT("7월!$K$55")} -> 19600 | M102: {=INDIRECT("8월!$K$55")} -> 1600 | N102: {=INDIRECT("9월!$K$55")} -> 238500 | O102: {=INDIRECT("10월!$K$55")} -> 116275 | P102: {=INDIRECT("11월!$K$55")} -> 0 | Q102: {=INDIRECT("12월!$K$55")} -> 56000 | R102: =IFERROR(SUM(F102:Q102)/W$69,"") -> 54796.875
C103: 🍪식비 | D103: 식재료비 | E103: =SUM(F103:Q103) -> 2563708 | F103: {=INDIRECT("1월!$P$25")} -> 0 | G103: {=INDIRECT("2월!$P$25")} -> 0 | H103: {=INDIRECT("3월!$P$25")} -> 0 | I103: {=INDIRECT("4월!$P$25")} -> 0 | J103: {=INDIRECT("5월!$P$25")} -> 89070 | K103: {=INDIRECT("6월!$P$25")} -> 457034 | L103: {=INDIRECT("7월!$P$25")} -> 352990 | M103: {=INDIRECT("8월!$P$25")} -> 195972 | N103: {=INDIRECT("9월!$P$25")} -> 289810 | O103: {=INDIRECT("10월!$P$25")} -> 425846 | P103: {=INDIRECT("11월!$P$25")} -> 340743 | Q103: {=INDIRECT("12월!$P$25")} -> 412243 | R103: =IFERROR(SUM(F103:Q103)/W$69,"") -> 320463.5
D104: 회사점심 | E104: =SUM(F104:Q104) -> 648160 | F104: {=INDIRECT("1월!$P$26")} -> 0 | G104: {=INDIRECT("2월!$P$26")} -> 0 | H104: {=INDIRECT("3월!$P$26")} -> 0 | I104: {=INDIRECT("4월!$P$26")} -> 0 | J104: {=INDIRECT("5월!$P$26")} -> 148300 | K104: {=INDIRECT("6월!$P$26")} -> 101600 | L104: {=INDIRECT("7월!$P$26")} -> 115500 | M104: {=INDIRECT("8월!$P$26")} -> 55200 | N104: {=INDIRECT("9월!$P$26")} -> 31700 | O104: {=INDIRECT("10월!$P$26")} -> 60500 | P104: {=INDIRECT("11월!$P$26")} -> 31410 | Q104: {=INDIRECT("12월!$P$26")} -> 103950 | R104: =IFERROR(SUM(F104:Q104)/W$69,"") -> 81020
D105: 간식/카페 | E105: =SUM(F105:Q105) -> 1046900 | F105: {=INDIRECT("1월!$P$27")} -> 0 | G105: {=INDIRECT("2월!$P$27")} -> 0 | H105: {=INDIRECT("3월!$P$27")} -> 0 | I105: {=INDIRECT("4월!$P$27")} -> 0 | J105: {=INDIRECT("5월!$P$27")} -> 133950 | K105: {=INDIRECT("6월!$P$27")} -> 96900 | L105: {=INDIRECT("7월!$P$27")} -> 133200 | M105: {=INDIRECT("8월!$P$27")} -> 76300 | N105: {=INDIRECT("9월!$P$27")} -> 221400 | O105: {=INDIRECT("10월!$P$27")} -> 107000 | P105: {=INDIRECT("11월!$P$27")} -> 122550 | Q105: {=INDIRECT("12월!$P$27")} -> 155600 | R105: =IFERROR(SUM(F105:Q105)/W$69,"") -> 130862.5
D106: 외식/배달 | E106: =SUM(F106:Q106) -> 2723946 | F106: {=INDIRECT("1월!$P$28")} -> 0 | G106: {=INDIRECT("2월!$P$28")} -> 0 | H106: {=INDIRECT("3월!$P$28")} -> 0 | I106: {=INDIRECT("4월!$P$28")} -> 0 | J106: {=INDIRECT("5월!$P$28")} -> 371534 | K106: {=INDIRECT("6월!$P$28")} -> 140500 | L106: {=INDIRECT("7월!$P$28")} -> 571780 | M106: {=INDIRECT("8월!$P$28")} -> 207500 | N106: {=INDIRECT("9월!$P$28")} -> 617800 | O106: {=INDIRECT("10월!$P$28")} -> 344970 | P106: {=INDIRECT("11월!$P$28")} -> 301062 | Q106: {=INDIRECT("12월!$P$28")} -> 168800 | R106: =IFERROR(SUM(F106:Q106)/W$69,"") -> 340493.25
D107: 기타 | E107: =SUM(F107:Q107) -> 89810 | F107: {=INDIRECT("1월!$P$29")} -> 0 | G107: {=INDIRECT("2월!$P$29")} -> 0 | H107: {=INDIRECT("3월!$P$29")} -> 0 | I107: {=INDIRECT("4월!$P$29")} -> 0 | J107: {=INDIRECT("5월!$P$29")} -> 0 | K107: {=INDIRECT("6월!$P$29")} -> 89810 | L107: {=INDIRECT("7월!$P$29")} -> 0 | M107: {=INDIRECT("8월!$P$29")} -> 0 | N107: {=INDIRECT("9월!$P$29")} -> 0 | O107: {=INDIRECT("10월!$P$29")} -> 0 | P107: {=INDIRECT("11월!$P$29")} -> 0 | Q107: {=INDIRECT("12월!$P$29")} -> 0 | R107: =IFERROR(SUM(F107:Q107)/W$69,"") -> 11226.25
E108: =SUM(F108:Q108) -> 0 | F108: {=INDIRECT("1월!$P$30")} -> 0 | G108: {=INDIRECT("2월!$P$30")} -> 0 | H108: {=INDIRECT("3월!$P$30")} -> 0 | I108: {=INDIRECT("4월!$P$30")} -> 0 | J108: {=INDIRECT("5월!$P$30")} -> 0 | K108: {=INDIRECT("6월!$P$30")} -> 0 | L108: {=INDIRECT("7월!$P$30")} -> 0 | M108: {=INDIRECT("8월!$P$30")} -> 0 | N108: {=INDIRECT("9월!$P$30")} -> 0 | O108: {=INDIRECT("10월!$P$30")} -> 0 | P108: {=INDIRECT("11월!$P$30")} -> 0 | Q108: {=INDIRECT("12월!$P$30")} -> 0 | R108: =IFERROR(SUM(F108:Q108)/W$69,"") -> 0
C109: =IF($C$103=0,"","총"&$C$103) -> 총🍪식비 | E109: =SUM(F109:Q109) -> 7072524 | F109: {=INDIRECT("1월!$P$31")} -> 0 | G109: {=INDIRECT("2월!$P$31")} -> 0 | H109: {=INDIRECT("3월!$P$31")} -> 0 | I109: {=INDIRECT("4월!$P$31")} -> 0 | J109: {=INDIRECT("5월!$P$31")} -> 742854 | K109: {=INDIRECT("6월!$P$31")} -> 885844 | L109: {=INDIRECT("7월!$P$31")} -> 1173470 | M109: {=INDIRECT("8월!$P$31")} -> 534972 | N109: {=INDIRECT("9월!$P$31")} -> 1160710 | O109: {=INDIRECT("10월!$P$31")} -> 938316 | P109: {=INDIRECT("11월!$P$31")} -> 795765 | Q109: {=INDIRECT("12월!$P$31")} -> 840593 | R109: =IFERROR(SUM(F109:Q109)/W$69,"") -> 884065.5
C110: 🐻식비 | D110: 식재료비 | E110: =SUM(F110:Q110) -> 780432 | F110: {=INDIRECT("1월!$P$33")} -> 0 | G110: {=INDIRECT("2월!$P$33")} -> 0 | H110: {=INDIRECT("3월!$P$33")} -> 0 | I110: {=INDIRECT("4월!$P$33")} -> 0 | J110: {=INDIRECT("5월!$P$33")} -> 0 | K110: {=INDIRECT("6월!$P$33")} -> 39340 | L110: {=INDIRECT("7월!$P$33")} -> 20900 | M110: {=INDIRECT("8월!$P$33")} -> 75380 | N110: {=INDIRECT("9월!$P$33")} -> 499030 | O110: {=INDIRECT("10월!$P$33")} -> 96194 | P110: {=INDIRECT("11월!$P$33")} -> 6600 | Q110: {=INDIRECT("12월!$P$33")} -> 42988 | R110: =IFERROR(SUM(F110:Q110)/W$69,"") -> 97554
D111: 회사점심 | E111: =SUM(F111:Q111) -> 962100 | F111: {=INDIRECT("1월!$P$34")} -> 0 | G111: {=INDIRECT("2월!$P$34")} -> 0 | H111: {=INDIRECT("3월!$P$34")} -> 0 | I111: {=INDIRECT("4월!$P$34")} -> 0 | J111: {=INDIRECT("5월!$P$34")} -> 0 | K111: {=INDIRECT("6월!$P$34")} -> 180800 | L111: {=INDIRECT("7월!$P$34")} -> 168000 | M111: {=INDIRECT("8월!$P$34")} -> 98400 | N111: {=INDIRECT("9월!$P$34")} -> 137500 | O111: {=INDIRECT("10월!$P$34")} -> 95700 | P111: {=INDIRECT("11월!$P$34")} -> 167500 | Q111: {=INDIRECT("12월!$P$34")} -> 114200 | R111: =IFERROR(SUM(F111:Q111)/W$69,"") -> 120262.5
D112: 간식/카페 | E112: =SUM(F112:Q112) -> 314200 | F112: {=INDIRECT("1월!$P$35")} -> 0 | G112: {=INDIRECT("2월!$P$35")} -> 0 | H112: {=INDIRECT("3월!$P$35")} -> 0 | I112: {=INDIRECT("4월!$P$35")} -> 0 | J112: {=INDIRECT("5월!$P$35")} -> 0 | K112: {=INDIRECT("6월!$P$35")} -> 67700 | L112: {=INDIRECT("7월!$P$35")} -> 98300 | M112: {=INDIRECT("8월!$P$35")} -> 54000 | N112: {=INDIRECT("9월!$P$35")} -> 38000 | O112: {=INDIRECT("10월!$P$35")} -> 31800 | P112: {=INDIRECT("11월!$P$35")} -> 19600 | Q112: {=INDIRECT("12월!$P$35")} -> 4800 | R112: =IFERROR(SUM(F112:Q112)/W$69,"") -> 39275
D113: 외식/배달 | E113: =SUM(F113:Q113) -> 464700 | F113: {=INDIRECT("1월!$P$36")} -> 0 | G113: {=INDIRECT("2월!$P$36")} -> 0 | H113: {=INDIRECT("3월!$P$36")} -> 0 | I113: {=INDIRECT("4월!$P$36")} -> 0 | J113: {=INDIRECT("5월!$P$36")} -> 0 | K113: {=INDIRECT("6월!$P$36")} -> 90000 | L113: {=INDIRECT("7월!$P$36")} -> 67000 | M113: {=INDIRECT("8월!$P$36")} -> 105000 | N113: {=INDIRECT("9월!$P$36")} -> 137700 | O113: {=INDIRECT("10월!$P$36")} -> 40000 | P113: {=INDIRECT("11월!$P$36")} -> 0 | Q113: {=INDIRECT("12월!$P$36")} -> 25000 | R113: =IFERROR(SUM(F113:Q113)/W$69,"") -> 58087.5
D114: 기타 | E114: =SUM(F114:Q114) -> 0 | F114: {=INDIRECT("1월!$P$37")} -> 0 | G114: {=INDIRECT("2월!$P$37")} -> 0 | H114: {=INDIRECT("3월!$P$37")} -> 0 | I114: {=INDIRECT("4월!$P$37")} -> 0 | J114: {=INDIRECT("5월!$P$37")} -> 0 | K114: {=INDIRECT("6월!$P$37")} -> 0 | L114: {=INDIRECT("7월!$P$37")} -> 0 | M114: {=INDIRECT("8월!$P$37")} -> 0 | N114: {=INDIRECT("9월!$P$37")} -> 0 | O114: {=INDIRECT("10월!$P$37")} -> 0 | P114: {=INDIRECT("11월!$P$37")} -> 0 | Q114: {=INDIRECT("12월!$P$37")} -> 0 | R114: =IFERROR(SUM(F114:Q114)/W$69,"") -> 0
E115: =SUM(F115:Q115) -> 0 | F115: {=INDIRECT("1월!$P$38")} -> 0 | G115: {=INDIRECT("2월!$P$38")} -> 0 | H115: {=INDIRECT("3월!$P$38")} -> 0 | I115: {=INDIRECT("4월!$P$38")} -> 0 | J115: {=INDIRECT("5월!$P$38")} -> 0 | K115: {=INDIRECT("6월!$P$38")} -> 0 | L115: {=INDIRECT("7월!$P$38")} -> 0 | M115: {=INDIRECT("8월!$P$38")} -> 0 | N115: {=INDIRECT("9월!$P$38")} -> 0 | O115: {=INDIRECT("10월!$P$38")} -> 0 | P115: {=INDIRECT("11월!$P$38")} -> 0 | Q115: {=INDIRECT("12월!$P$38")} -> 0 | R115: =IFERROR(SUM(F115:Q115)/W$69,"") -> 0
C116: =IF($C$110=0,"","총"&$C$110) -> 총🐻식비 | E116: =SUM(F116:Q116) -> 2521432 | F116: {=INDIRECT("1월!$P$39")} -> 0 | G116: {=INDIRECT("2월!$P$39")} -> 0 | H116: {=INDIRECT("3월!$P$39")} -> 0 | I116: {=INDIRECT("4월!$P$39")} -> 0 | J116: {=INDIRECT("5월!$P$39")} -> 0 | K116: {=INDIRECT("6월!$P$39")} -> 377840 | L116: {=INDIRECT("7월!$P$39")} -> 354200 | M116: {=INDIRECT("8월!$P$39")} -> 332780 | N116: {=INDIRECT("9월!$P$39")} -> 812230 | O116: {=INDIRECT("10월!$P$39")} -> 263694 | P116: {=INDIRECT("11월!$P$39")} -> 193700 | Q116: {=INDIRECT("12월!$P$39")} -> 186988 | R116: =IFERROR(SUM(F116:Q116)/W$69,"") -> 315179
C117: 🍪여가비 | D117: 의류/잡화 | E117: =SUM(F117:Q117) -> 4660856 | F117: {=INDIRECT("1월!$P$41")} -> 0 | G117: {=INDIRECT("2월!$P$41")} -> 0 | H117: {=INDIRECT("3월!$P$41")} -> 0 | I117: {=INDIRECT("4월!$P$41")} -> 0 | J117: {=INDIRECT("5월!$P$41")} -> 620200 | K117: {=INDIRECT("6월!$P$41")} -> 329000 | L117: {=INDIRECT("7월!$P$41")} -> 590260 | M117: {=INDIRECT("8월!$P$41")} -> 691396 | N117: {=INDIRECT("9월!$P$41")} -> 550000 | O117: {=INDIRECT("10월!$P$41")} -> 0 | P117: {=INDIRECT("11월!$P$41")} -> 0 | Q117: {=INDIRECT("12월!$P$41")} -> 1880000 | R117: =IFERROR(SUM(F117:Q117)/W$69,"") -> 582607
D118: OTT | E118: =SUM(F118:Q118) -> 54510 | F118: {=INDIRECT("1월!$P$42")} -> 0 | G118: {=INDIRECT("2월!$P$42")} -> 0 | H118: {=INDIRECT("3월!$P$42")} -> 0 | I118: {=INDIRECT("4월!$P$42")} -> 0 | J118: {=INDIRECT("5월!$P$42")} -> 4990 | K118: {=INDIRECT("6월!$P$42")} -> 4990 | L118: {=INDIRECT("7월!$P$42")} -> 4990 | M118: {=INDIRECT("8월!$P$42")} -> 7890 | N118: {=INDIRECT("9월!$P$42")} -> 7890 | O118: {=INDIRECT("10월!$P$42")} -> 7890 | P118: {=INDIRECT("11월!$P$42")} -> 7890 | Q118: {=INDIRECT("12월!$P$42")} -> 7980 | R118: =IFERROR(SUM(F118:Q118)/W$69,"") -> 6813.75
...

Sheet 자산관리
C22: 대분류 | D22: 소분류 | E22: 1월 | F22: 2월 | G22: 3월 | H22: 4월 | I22: 5월 | J22: 6월 | K22: 7월 | L22: 8월 | M22: 9월 | N22: 10월 | O22: 11월 | P22: 12월
C23: 부채 | D23: 전세대출 | E23: 60000000 | F23: 60000000 | G23: 60000000 | H23: 60000000 | I23: 60000000 | J23: 60000000 | K23: 60000000 | L23: 60000000 | M23: 60000000 | N23: 60000000 | O23: 60000000 | P23: 60000000
C29: 부채 합계 | E29: =SUM(E23:E28) -> 60000000 | F29: =SUM(F23:F28) -> 60000000 | G29: =SUM(G23:G28) -> 60000000 | H29: =SUM(H23:H28) -> 60000000 | I29: =SUM(I23:I28) -> 60000000 | J29: =SUM(J23:J28) -> 60000000 | K29: =SUM(K23:K28) -> 60000000 | L29: =SUM(L23:L28) -> 60000000 | ... P29: =SUM(P23:P28) -> 60000000
C30: 비유동자산 | D30: 아트포레-전세보증금 | E30: 340000000 | F30: 340000000 | G30: 340000000 | H30: 340000000 | I30: 340000000 | J30: 340000000 | K30: 340000000 | L30: 340000000 | M30: 340000000 | N30: 300000000 | O30: 300000000 | P30: 300000000
D31: SK뷰-전세보증금 | N31: 50000000 | O31: 50000000 | P31: 50000000
D32: 🐻주택청약 | E32: 10010010 | F32: 10060010 | G32: 10110010 | H32: 10160010 | I32: 10210010 | J32: 10260010 | K32: 10260010 | L32: 10260010 | M32: 10260010 | N32: 10260010 | O32: 10260010 | P32: 10260010
D33: 🍪주택청약 | E33: 2380000 | F33: 2400000 | G33: 2420000 | H33: 2440000 | I33: 2460000 | J33: 3000000 | K33: 3000000 | L33: 3000000 | M33: 3000000 | N33: 3000000 | O33: 3000000 | P33: 3000000
C37: 비유동자산 합계 | E37: =SUM(E30:E36) -> 352390010 | F37: =SUM(F30:F36) -> 352460010 | G37: =SUM(G30:G36) -> 352530010 | H37: =SUM(H30:H36) -> 352600010 | I37: =SUM(I30:I36) -> 352670010 | J37: =SUM(J30:J36) -> 353260010 | K37: =SUM(K30:K36) -> 353260010 | L37: =SUM(L30:L36) -> 353260010 | ... P37: =SUM(P30:P36) -> 363260010
C38: 유동자산 (투자) | D38: 🐻주식 | J38: 10914659 | K38: 9125617 | L38: 8434149 | M38: =10635233+143752 -> 10778985 | N38: =10635233+143752 -> 10778985
D39: 🐻연금저축 | J39: 5755642 | K39: 7711965 | L39: 8000049 | M39: 8072426 | N39: 8072426
D40: 🍪주식 | J40: 1956027 | K40: 1920301
D41: 🍪연금저축 | J41: 3724782 | K41: 3834193 | N41: 4244327
E43: - | G43: -
C45: 유동자산(투자) 합계 | E45: =SUM(E38:E44) -> 0 | F45: =SUM(F38:F44) -> 0 | G45: =SUM(G38:G44) -> 0 | H45: =SUM(H38:H44) -> 0 | I45: =SUM(I38:I44) -> 0 | J45: =SUM(J38:J44) -> 22351110 | K45: =SUM(K38:K44) -> 22592076 | L45: =SUM(L38:L44) -> 16434198 | ... P45: =SUM(P38:P44) -> 0
D46: 🐻우리은행적금 | E46: 500000 | F46: 1000000 | G46: 1500000 | H46: 2000000 | I46: 2500000 | J46: 3000000 | K46: 3500000 | L46: 4000000 | M46: 4500000 | N46: 5000000 | O46: 5500000 | P46: 6000000
D47: 🐻K뱅크-예금 | E47: 10000000 | F47: 10000000 | G47: 10000000 | H47: 10000000 | I47: 10000000 | J47: 10000000 | K47: 10000000 | L47: 10000000 | M47: 10000000 | N47: 10000000 | O47: 10000000 | P47: 0
D48: 🐻K뱅크-생활통장 | E48: 3000000 | F48: 3000000 | G48: 3000000 | H48: 3000000 | I48: 3000000 | J48: 3000000 | K48: 3000000 | L48: 1850000 | M48: 3000000 | N48: 3000000 | O48: 3000000 | P48: 3000000
D49: 🐻K뱅크-파킹 | J49: 12500000 | K49: 12500000 | L49: 16550000 | M49: 45000000 | N49: 54000000 | O49: 59000000 | P49: 73000000
D50: 🍪우리은행적금 | E50: 500000 | F50: 1000000 | G50: 1500000 | H50: 2000000 | I50: 2500000 | J50: 3000000 | K50: 3500000 | L50: 4000000 | M50: 4500000 | N50: 5000000 | O50: 5500000 | P50: 6000000
D51: 🍪K뱅크-예금 | E51: 35000000 | F51: 35000000 | G51: 35000000 | H51: 35000000 | I51: 35000000 | J51: 35000000 | K51: 35000000 | L51: 35000000 | M51: 15000000 | N51: 15000000 | O51: 15000000 | P51: 0
D52: 🍪K뱅크-생활통장 | E52: 3000000 | F52: 3000000 | G52: 3000000 | H52: 3000000 | I52: 3000000 | J52: 3000000 | K52: 3000000 | L52: 3000000 | M52: 3000000 | N52: 3000000 | O52: 3000000 | P52: 3000000
D53: 🍪K뱅크-파킹 | E53: 16000000 | F53: 16000000 | G53: 16000000 | H53: 16000000 | I53: 16000000 | J53: 16000000 | K53: 16000000 | L53: 16000000 | M53: 36000000 | N53: 21000000 | O53: 24000000 | P53: 39000000
C54: 유동자산(현금) 합계 | E54: =SUM(E46:E53) -> 68000000 | F54: =SUM(F46:F53) -> 69000000 | G54: =SUM(G46:G53) -> 70000000 | H54: =SUM(H46:H53) -> 71000000 | I54: =SUM(I46:I53) -> 72000000 | J54: =SUM(J46:J53) -> 85500000 | K54: =SUM(K46:K53) -> 86500000 | L54: =SUM(L46:L53) -> 90400000 | ... P54: =SUM(P46:P53) -> 130000000
C55: 순자산 | E55: =SUM(E37,E54) -> 420390010 | F55: =SUM(F37,F54) -> 421460010 | G55: =SUM(G37,G54) -> 422530010 | H55: =SUM(H37,H54) -> 423600010 | I55: =SUM(I37,I54) -> 424670010 | J55: =SUM(J37,J54) -> 438760010 | K55: =SUM(K37,K54) -> 439760010 | L55: =SUM(L37,L54) -> 443660010 | ... P55: =SUM(P37,P54) -> 493260010
C56: 증감액 | F56: =IF(F55=0, "",F55-E55) -> 1070000 | G56: =IF(G55=0, "",G55-F55) -> 1070000 | H56: =IF(H55=0, "",H55-G55) -> 1070000 | I56: =IF(I55=0, "",I55-H55) -> 1070000 | J56: =IF(J55=0, "",J55-I55) -> 14090000 | K56: =IF(K55=0, "",K55-J55) -> 1000000 | L56: =IF(L55=0, "",L55-K55) -> 3900000 | M56: =IF(M55=0, "",M55-L55) -> 30600000 | ... P56: =IF(P55=0, "",P55-O55) -> 5000000
C57: 주식칸도 만들어봄♥

Sheet 1월
C3: 2024 | D3: 1
R8: S | S8: M | T8: T | U8: W | V8: T | W8: F | X8: S | Y8: 누적 | AB8: 대분류 | AC8: 합계
R9: =DATE($C$3,$D$3,1)-WEEKDAY(DATE($C$3,$D$3,1))+1 -> 45291 | S9: =R9 + 1 -> 45292 | T9: =S9 + 1 -> 45293 | U9: =T9 + 1 -> 45294 | V9: =U9 + 1 -> 45295 | W9: =V9 + 1 -> 45296 | X9: =W9 + 1 -> 45297 | AB9: =$H$25 -> 🍪고정비 | AC9: =$K$31 -> 0 | AD9: =_xlfn.RANK.EQ(AC9,$AB$9:$AC$20,0) + ROW(AB1)/10000 -> 1.0001 | AE9: =SMALL($AD$9:$AD$20, ROW(AB1)) -> 1.0001 | AF9: =INDEX($AB$9:$AB$20,MATCH(AE9,$AD$9:$AD$20,0)) -> 🍪고정비 | AG9: =INDEX($AC$9:$AC$20,MATCH(AE9,$AD$9:$AD$20,0)) -> 0
R10: =SUMIFS($K$62:$K$500,$H$62:$H$500,R9,$I$62:$I$500,"<>수입",$I$62:$I$500,"<>저축") -> 0 | S10: =SUMIFS($K$62:$K$500,$H$62:$H$500,S9,$I$62:$I$500,"<>수입",$I$62:$I$500,"<>저축") -> 0 | T10: =SUMIFS($K$62:$K$500,$H$62:$H$500,T9,$I$62:$I$500,"<>수입",$I$62:$I$500,"<>저축") -> 0 | U10: =SUMIFS($K$62:$K$500,$H$62:$H$500,U9,$I$62:$I$500,"<>수입",$I$62:$I$500,"<>저축") -> 0 | V10: =SUMIFS($K$62:$K$500,$H$62:$H$500,V9,$I$62:$I$500,"<>수입",$I$62:$I$500,"<>저축") -> 0 | W10: =SUMIFS($K$62:$K$500,$H$62:$H$500,W9,$I$62:$I$500,"<>수입",$I$62:$I$500,"<>저축") -> 0 | X10: =SUMIFS($K$62:$K$500,$H$62:$H$500,X9,$I$62:$I$500,"<>수입",$I$62:$I$500,"<>저축") -> 0 | Y10: =SUM(R10:X10) -> 0 | AB10: =$H$33 -> 🐻고정비 | AC10: =$K$39 -> 0 | AD10: =_xlfn.RANK.EQ(AC10,$AB$9:$AC$20,0) + ROW(AB2)/10000 -> 1.0002 | AE10: =SMALL($AD$9:$AD$20, ROW(AB2)) -> 1.0002 | AF10: =INDEX($AB$9:$AB$20,MATCH(AE10,$AD$9:$AD$20,0)) -> 🐻고정비 | AG10: =INDEX($AC$9:$AC$20,MATCH(AE10,$AD$9:$AD$20,0)) -> 0
C11: 항목 | D11: 금액 | R11: =R9 + 7 -> 45298 | S11: =S9 + 7 -> 45299 | T11: =T9 + 7 -> 45300 | U11: =U9 + 7 -> 45301 | V11: =V9 + 7 -> 45302 | W11: =W9 + 7 -> 45303 | X11: =X9 + 7 -> 45304 | AB11: =$H$41 -> 🍪생필품 | AC11: =$K$47 -> 0 | AD11: =_xlfn.RANK.EQ(AC11,$AB$9:$AC$20,0) + ROW(AB3)/10000 -> 1.0003 | AE11: =SMALL($AD$9:$AD$20, ROW(AB3)) -> 1.0003 | AF11: =INDEX($AB$9:$AB$20,MATCH(AE11,$AD$9:$AD$20,0)) -> 🍪생필품 | AG11: =INDEX($AC$9:$AC$20,MATCH(AE11,$AD$9:$AD$20,0)) -> 0
C12: 총수입 | D12: =F33 -> 0 | R12: =SUMIFS($K$62:$K$500,$H$62:$H$500,R11,$I$62:$I$500,"<>수입",$I$62:$I$500,"<>저축") -> 0 | S12: =SUMIFS($K$62:$K$500,$H$62:$H$500,S11,$I$62:$I$500,"<>수입",$I$62:$I$500,"<>저축") -> 0 | T12: =SUMIFS($K$62:$K$500,$H$62:$H$500,T11,$I$62:$I$500,"<>수입",$I$62:$I$500,"<>저축") -> 0 | U12: =SUMIFS($K$62:$K$500,$H$62:$H$500,U11,$I$62:$I$500,"<>수입",$I$62:$I$500,"<>저축") -> 0 | V12: =SUMIFS($K$62:$K$500,$H$62:$H$500,V11,$I$62:$I$500,"<>수입",$I$62:$I$500,"<>저축") -> 0 | W12: =SUMIFS($K$62:$K$500,$H$62:$H$500,W11,$I$62:$I$500,"<>수입",$I$62:$I$500,"<>저축") -> 0 | X12: =SUMIFS($K$62:$K$500,$H$62:$H$500,X11,$I$62:$I$500,"<>수입",$I$62:$I$500,"<>저축") -> 0 | Y12: =SUM(R12:X12) -> 0 | AB12: =$H$49 -> 🐻생필품 | AC12: =$K$55 -> 0 | AD12: =_xlfn.RANK.EQ(AC12,$AB$9:$AC$20,0) + ROW(AB4)/10000 -> 1.0004 | AE12: =SMALL($AD$9:$AD$20, ROW(AB4)) -> 1.0004 | AF12: =INDEX($AB$9:$AB$20,MATCH(AE12,$AD$9:$AD$20,0)) -> 🐻생필품 | AG12: =INDEX($AC$9:$AC$20,MATCH(AE12,$AD$9:$AD$20,0)) -> 0
E13: 결제수단 | F13: 금액 | R13: =R11+7 -> 45305 | S13: =S11+7 -> 45306 | T13: =T11+7 -> 45307 | U13: =U11+7 -> 45308 | V13: =V11+7 -> 45309 | W13: =W11+7 -> 45310 | X13: =X11+7 -> 45311 | AB13: =$M$25 -> 🍪식비 | AC13: =$P$31 -> 0 | AD13: =_xlfn.RANK.EQ(AC13,$AB$9:$AC$20,0) + ROW(AB5)/10000 -> 1.0005 | AE13: =SMALL($AD$9:$AD$20, ROW(AB5)) -> 1.0005 | AF13: =INDEX($AB$9:$AB$20,MATCH(AE13,$AD$9:$AD$20,0)) -> 🍪식비 | AG13: =INDEX($AC$9:$AC$20,MATCH(AE13,$AD$9:$AD$20,0)) -> 0
C14: 총지출 | D14: =SUM($K$31+$K$39+$K$47+$K$55+$P$31+$P$39+$P$47+$P$55+X31+X39+X47+X55) -> 0 | E14: 체크카드 | F14: =SUMIFS($K$62:$K$500,$L$62:$L$500,E14,$I$62:$I$500,"<>수입",$I$62:$I$500,"<>저축") -> 0 | R14: =SUMIFS($K$62:$K$500,$H$62:$H$500,R13,$I$62:$I$500,"<>수입",$I$62:$I$500,"<>저축") -> 0 | S14: =SUMIFS($K$62:$K$500,$H$62:$H$500,S13,$I$62:$I$500,"<>수입",$I$62:$I$500,"<>저축") -> 0 | T14: =SUMIFS($K$62:$K$500,$H$62:$H$500,T13,$I$62:$I$500,"<>수입",$I$62:$I$500,"<>저축") -> 0 | U14: =SUMIFS($K$62:$K$500,$H$62:$H$500,U13,$I$62:$I$500,"<>수입",$I$62:$I$500,"<>저축") -> 0 | V14: =SUMIFS($K$62:$K$500,$H$62:$H$500,V13,$I$62:$I$500,"<>수입",$I$62:$I$500,"<>저축") -> 0 | W14: =SUMIFS($K$62:$K$500,$H$62:$H$500,W13,$I$62:$I$500,"<>수입",$I$62:$I$500,"<>저축") -> 0 | X14: =SUMIFS($K$62:$K$500,$H$62:$H$500,X13,$I$62:$I$500,"<>수입",$I$62:$I$500,"<>저축") -> 0 | Y14: =SUM(R14:X14) -> 0 | AB14: =$M$33 -> 🐻식비 | AC14: =$P$39 -> 0 | AD14: =_xlfn.RANK.EQ(AC14,$AB$9:$AC$20,0) + ROW(AB6)/10000 -> 1.0006 | AE14: =SMALL($AD$9:$AD$20, ROW(AB6)) -> 1.0006 | AF14: =INDEX($AB$9:$AB$20,MATCH(AE14,$AD$9:$AD$20,0)) -> 🐻식비 | AG14: =INDEX($AC$9:$AC$20,MATCH(AE14,$AD$9:$AD$20,0)) -> 0
E15: 현금/이체 | F15: =SUMIFS($K$62:$K$500,$L$62:$L$500,E15,$I$62:$I$500,"<>수입",$I$62:$I$500,"<>저축") -> 0 | R15: =R13+7 -> 45312 | S15: =S13+7 -> 45313 | T15: =T13+7 -> 45314 | U15: =U13+7 -> 45315 | V15: =V13+7 -> 45316 | W15: =W13+7 -> 45317 | X15: =X13+7 -> 45318 | AB15: =$M$41 -> 🍪여가비 | AC15: =$P$47 -> 0 | AD15: =_xlfn.RANK.EQ(AC15,$AB$9:$AC$20,0) + ROW(AB7)/10000 -> 1.0007 | AE15: =SMALL($AD$9:$AD$20, ROW(AB7)) -> 1.0007 | AF15: =INDEX($AB$9:$AB$20,MATCH(AE15,$AD$9:$AD$20,0)) -> 🍪여가비 | AG15: =INDEX($AC$9:$AC$20,MATCH(AE15,$AD$9:$AD$20,0)) -> 0
C16: 총저축 | D16: =F43 -> 0 | E16: 현대카드 | F16: =SUMIFS($K$62:$K$500,$L$62:$L$500,E16,$I$62:$I$500,"<>수입",$I$62:$I$500,"<>저축") -> 0 | H16: 이벤트 | R16: =SUMIFS($K$62:$K$500,$H$62:$H$500,R15,$I$62:$I$500,"<>수입",$I$62:$I$500,"<>저축") -> 0 | S16: =SUMIFS($K$62:$K$500,$H$62:$H$500,S15,$I$62:$I$500,"<>수입",$I$62:$I$500,"<>저축") -> 0 | T16: =SUMIFS($K$62:$K$500,$H$62:$H$500,T15,$I$62:$I$500,"<>수입",$I$62:$I$500,"<>저축") -> 0 | U16: =SUMIFS($K$62:$K$500,$H$62:$H$500,U15,$I$62:$I$500,"<>수입",$I$62:$I$500,"<>저축") -> 0 | V16: =SUMIFS($K$62:$K$500,$H$62:$H$500,V15,$I$62:$I$500,"<>수입",$I$62:$I$500,"<>저축") -> 0 | W16: =SUMIFS($K$62:$K$500,$H$62:$H$500,W15,$I$62:$I$500,"<>수입",$I$62:$I$500,"<>저축") -> 0 | X16: =SUMIFS($K$62:$K$500,$H$62:$H$500,X15,$I$62:$I$500,"<>수입",$I$62:$I$500,"<>저축") -> 0 | Y16: =SUM(R16:X16) -> 0 | AB16: =$M$49 -> 🐻여가비 | AC16: =$P$55 -> 0 | AD16: =_xlfn.RANK.EQ(AC16,$AB$9:$AC$20,0) + ROW(AB8)/10000 -> 1.0008 | AE16: =SMALL($AD$9:$AD$20, ROW(AB8)) -> 1.0008 | AF16: =INDEX($AB$9:$AB$20,MATCH(AE16,$AD$9:$AD$20,0)) -> 🐻여가비 | AG16: =INDEX($AC$9:$AC$20,MATCH(AE16,$AD$9:$AD$20,0)) -> 0
E17: 국민카드 | F17: =SUMIFS($K$62:$K$500,$L$62:$L$500,E17,$I$62:$I$500,"<>수입",$I$62:$I$500,"<>저축") -> 0 | R17: =R15+7 -> 45319 | S17: =S15+7 -> 45320 | T17: =T15+7 -> 45321 | U17: =U15+7 -> 45322 | V17: =V15+7 -> 45323 | W17: =W15+7 -> 45324 | X17: =X15+7 -> 45325 | AB17: =$R$25 -> 🍪기타 | AC17: =$X$31 -> 0 | AD17: =_xlfn.RANK.EQ(AC17,$AB$9:$AC$20,0) + ROW(AB9)/10000 -> 1.0009 | AE17: =SMALL($AD$9:$AD$20, ROW(AB9)) -> 1.0009 | AF17: =INDEX($AB$9:$AB$20,MATCH(AE17,$AD$9:$AD$20,0)) -> 🍪기타 | AG17: =INDEX($AC$9:$AC$20,MATCH(AE17,$AD$9:$AD$20,0)) -> 0
C18: 잉여현금 | D18: =D12-D14-D16 -> 0 | E18: 현백카드 | F18: =SUMIFS($K$62:$K$500,$L$62:$L$500,E18,$I$62:$I$500,"<>수입",$I$62:$I$500,"<>저축") -> 0 | R18: =SUMIFS($K$62:$K$500,$H$62:$H$500,R17,$I$62:$I$500,"<>수입",$I$62:$I$500,"<>저축") -> 0 | S18: =SUMIFS($K$62:$K$500,$H$62:$H$500,S17,$I$62:$I$500,"<>수입",$I$62:$I$500,"<>저축") -> 0 | T18: =SUMIFS($K$62:$K$500,$H$62:$H$500,T17,$I$62:$I$500,"<>수입",$I$62:$I$500,"<>저축") -> 0 | U18: =SUMIFS($K$62:$K$500,$H$62:$H$500,U17,$I$62:$I$500,"<>수입",$I$62:$I$500,"<>저축") -> 0 | V18: =SUMIFS($K$62:$K$500,$H$62:$H$500,V17,$I$62:$I$500,"<>수입",$I$62:$I$500,"<>저축") -> 0 | W18: =SUMIFS($K$62:$K$500,$H$62:$H$500,W17,$I$62:$I$500,"<>수입",$I$62:$I$500,"<>저축") -> 0 | X18: =SUMIFS($K$62:$K$500,$H$62:$H$500,X17,$I$62:$I$500,"<>수입",$I$62:$I$500,"<>저축") -> 0 | Y18: =SUM(R18:X18) -> 0 | AB18: =$R$33 -> 🐻기타 | AC18: =$X$39 -> 0 | AD18: =_xlfn.RANK.EQ(AC18,$AB$9:$AC$20,0) + ROW(AB10)/10000 -> 1.001 | AE18: =SMALL($AD$9:$AD$20, ROW(AB10)) -> 1.001 | AF18: =INDEX($AB$9:$AB$20,MATCH(AE18,$AD$9:$AD$20,0)) -> 🐻기타 | AG18: =INDEX($AC$9:$AC$20,MATCH(AE18,$AD$9:$AD$20,0)) -> 0
C19: 총저축률 | D19: =(D16+D18)/D12 -> #DIV/0! | E19: 하나카드 | F19: =SUMIFS($K$62:$K$500,$L$62:$L$500,E19,$I$62:$I$500,"<>수입",$I$62:$I$500,"<>저축") -> 0 | R19: =R17+7 -> 45326 | S19: =S17+7 -> 45327 | T19: =T17+7 -> 45328 | U19: =U17+7 -> 45329 | V19: =V17+7 -> 45330 | W19: =W17+7 -> 45331 | X19: =X17+7 -> 45332 | AB19: =$R$41 -> 🍪이벤트성 | AC19: =$X$47 -> 0 | AD19: =_xlfn.RANK.EQ(AC19,$AB$9:$AC$20,0) + ROW(AB11)/10000 -> 1.0011 | AE19: =SMALL($AD$9:$AD$20, ROW(AB11)) -> 1.0011 | AF19: =INDEX($AB$9:$AB$20,MATCH(AE19,$AD$9:$AD$20,0)) -> 🍪이벤트성 | AG19: =INDEX($AC$9:$AC$20,MATCH(AE19,$AD$9:$AD$20,0)) -> 0
C20: 현금저축률 | D20: =D18/D12 -> #DIV/0! | E20: 총지출 | F20: =SUM($F$14:$F$19) -> 0 | R20: =SUMIFS($K$62:$K$500,$H$62:$H$500,R19,$I$62:$I$500,"<>수입",$I$62:$I$500,"<>저축") -> 0 | S20: =SUMIFS($K$62:$K$500,$H$62:$H$500,S19,$I$62:$I$500,"<>수입",$I$62:$I$500,"<>저축") -> 0 | T20: =SUMIFS($K$62:$K$500,$H$62:$H$500,T19,$I$62:$I$500,"<>수입",$I$62:$I$500,"<>저축") -> 0 | U20: =SUMIFS($K$62:$K$500,$H$62:$H$500,U19,$I$62:$I$500,"<>수입",$I$62:$I$500,"<>저축") -> 0 | V20: =SUMIFS($K$62:$K$500,$H$62:$H$500,V19,$I$62:$I$500,"<>수입",$I$62:$I$500,"<>저축") -> 0 | W20: =SUMIFS($K$62:$K$500,$H$62:$H$500,W19,$I$62:$I$500,"<>수입",$I$62:$I$500,"<>저축") -> 0 | X20: =SUMIFS($K$62:$K$500,$H$62:$H$500,X19,$I$62:$I$500,"<>수입",$I$62:$I$500,"<>저축") -> 0 | Y20: =SUM(R20:X20) -> 0 | AB20: =$R$49 -> 🐻 이벤트성 | AC20: =$X$55 -> 0 | AD20: =_xlfn.RANK.EQ(AC20,$AB$9:$AC$20,0) + ROW(AB12)/10000 -> 1.0012 | AE20: =SMALL($AD$9:$AD$20, ROW(AB12)) -> 1.0012 | AF20: =INDEX($AB$9:$AB$20,MATCH(AE20,$AD$9:$AD$20,0)) -> 🐻 이벤트성 | AG20: =INDEX($AC$9:$AC$20,MATCH(AE20,$AD$9:$AD$20,0)) -> 0
C24: 대분류 | D24: 소분류 | E24: 목표 | F24: 합계 | H24: 대분류 | I24: 소분류 | J24: 예산 | K24: 합계 | M24: 대분류 | N24: 소분류 | O24: 예산 | P24: 합계 | R24: 대분류 | T24: 소분류 | V24: 예산 | X24: 합계
C25: 수입 | D25: 🍪 월급 | F25: =SUMIFS($K$62:$K$500,$I$62:$I$500,$C$25,$J$62:$J$500,D25) -> 0 | H25: 🍪고정비 | I25: 관리비 | K25: =SUMIFS($K$62:$K$500,$I$62:$I$500,$H$25,$J$62:$J$500,I25) -> 0 | M25: 🍪식비 | N25: 식재료비 | P25: =SUMIFS($K$62:$K$500,$I$62:$I$500,$M$25,$J$62:$J$500,N25) -> 0 | R25: 🍪기타 | T25: 약국 | X25: =SUMIFS($K$62:$K$500,$I$62:$I$500,$R$25,$J$62:$J$500,T25) -> 0
D26: 🍪 부수입 | F26: =SUMIFS($K$62:$K$500,$I$62:$I$500,$C$25,$J$62:$J$500,D26) -> 0 | I26: 월세 | K26: =SUMIFS($K$62:$K$500,$I$62:$I$500,$H$25,$J$62:$J$500,I26) -> 0 | N26: 회사점심 | P26: =SUMIFS($K$62:$K$500,$I$62:$I$500,$M$25,$J$62:$J$500,N26) -> 0 | T26: 병원비 | X26: =SUMIFS($K$62:$K$500,$I$62:$I$500,$R$25,$J$62:$J$500,T26) -> 0
D27: 🐻 월급 | F27: =SUMIFS($K$62:$K$500,$I$62:$I$500,$C$25,$J$62:$J$500,D27) -> 0 | I27: 대출이자 | K27: =SUMIFS($K$62:$K$500,$I$62:$I$500,$H$25,$J$62:$J$500,I27) -> 0 | N27: 간식/카페 | P27: =SUMIFS($K$62:$K$500,$I$62:$I$500,$M$25,$J$62:$J$500,N27) -> 0 | T27: 영양제 | X27: =SUMIFS($K$62:$K$500,$I$62:$I$500,$R$25,$J$62:$J$500,T27) -> 0
D28: 🐻 부수입 | F28: =SUMIFS($K$62:$K$500,$I$62:$I$500,$C$25,$J$62:$J$500,D28) -> 0 | I28: 통신비 | K28: =SUMIFS($K$62:$K$500,$I$62:$I$500,$H$25,$J$62:$J$500,I28) -> 0 | N28: 외식/배달 | P28: =SUMIFS($K$62:$K$500,$I$62:$I$500,$M$25,$J$62:$J$500,N28) -> 0 | T28: 교통비 | X28: =SUMIFS($K$62:$K$500,$I$62:$I$500,$R$25,$J$62:$J$500,T28) -> 0
D29: 기타 | F29: =SUMIFS($K$62:$K$500,$I$62:$I$500,$C$25,$J$62:$J$500,D29) -> 0 | I29: 보험료 | K29: =SUMIFS($K$62:$K$500,$I$62:$I$500,$H$25,$J$62:$J$500,I29) -> 0 | N29: 기타 | P29: =SUMIFS($K$62:$K$500,$I$62:$I$500,$M$25,$J$62:$J$500,N29) -> 0 | T29: 주유비 | X29: =SUMIFS($K$62:$K$500,$I$62:$I$500,$R$25,$J$62:$J$500,T29) -> 0
F30: =SUMIFS($K$62:$K$500,$I$62:$I$500,$C$25,$J$62:$J$500,D30) -> 0 | I30: 곗돈 | K30: =SUMIFS($K$62:$K$500,$I$62:$I$500,$H$25,$J$62:$J$500,I30) -> 0 | P30: =SUMIFS($K$62:$K$500,$I$62:$I$500,$M$25,$J$62:$J$500,N30) -> 0 | T30: 기타 | X30: =SUMIFS($K$62:$K$500,$I$62:$I$500,$R$25,$J$62:$J$500,T30) -> 0
F31: =SUMIFS($K$62:$K$500,$I$62:$I$500,$C$25,$J$62:$J$500,D31) -> 0 | H31: =IF(H25=0,"","총"&H25) -> 총🍪고정비 | K31: =SUM(K25:K30) -> 0 | M31: =IF(M25=0,"","총"&M25) -> 총🍪식비 | P31: =SUM(P25:P30) -> 0 | R31: =IF(R25=0,"","총"&R25) -> 총🍪기타 | X31: =SUM(X25:X30) -> 0
F32: =SUMIFS($K$62:$K$500,$I$62:$I$500,$C$25,$J$62:$J$500,D32) -> 0 | K32: =K31-J25 -> 0 | P32: =P31-O25 -> 0 | X32: =X31-V25 -> 0
C33: =IF(C25=0,"","총"&C25) -> 총수입 | F33: =SUM(F25:F32) -> 0 | H33: 🐻고정비 | I33: 관리비 | K33: =SUMIFS($K$62:$K$500,$I$62:$I$500,$H$33,$J$62:$J$500,I33) -> 0 | M33: 🐻식비 | N33: 식재료비 | P33: =SUMIFS($K$62:$K$500,$I$62:$I$500,$M$33,$J$62:$J$500,N33) -> 0 | R33: 🐻기타 | T33: 약국 | X33: =SUMIFS($K$62:$K$500,$I$62:$I$500,$R$33,$J$62:$J$500,T33) -> 0
F34: =F33-E25 -> 0 | I34: 대출이자 | K34: =SUMIFS($K$62:$K$500,$I$62:$I$500,$H$33,$J$62:$J$500,I34) -> 0 | N34: 회사점심 | P34: =SUMIFS($K$62:$K$500,$I$62:$I$500,$M$33,$J$62:$J$500,N34) -> 0 | T34: 병원비 | X34: =SUMIFS($K$62:$K$500,$I$62:$I$500,$R$33,$J$62:$J$500,T34) -> 0
C35: 저축 | D35: 주택청약 | F35: =SUMIFS($K$62:$K$500,$I$62:$I$500,$C$35,$J$62:$J$500,D35) -> 0 | I35: 통신비 | K35: =SUMIFS($K$62:$K$500,$I$62:$I$500,$H$33,$J$62:$J$500,I35) -> 0 | N35: 간식/카페 | P35: =SUMIFS($K$62:$K$500,$I$62:$I$500,$M$33,$J$62:$J$500,N35) -> 0 | T35: 영양제 | X35: =SUMIFS($K$62:$K$500,$I$62:$I$500,$R$33,$J$62:$J$500,T35) -> 0
D36: 우리은행 | F36: =SUMIFS($K$62:$K$500,$I$62:$I$500,$C$35,$J$62:$J$500,D36) -> 0 | I36: 보험료 | K36: =SUMIFS($K$62:$K$500,$I$62:$I$500,$H$33,$J$62:$J$500,I36) -> 0 | N36: 외식/배달 | P36: =SUMIFS($K$62:$K$500,$I$62:$I$500,$M$33,$J$62:$J$500,N36) -> 0 | T36: 교통비 | X36: =SUMIFS($K$62:$K$500,$I$62:$I$500,$R$33,$J$62:$J$500,T36) -> 0
D37: 케이뱅크 | F37: =SUMIFS($K$62:$K$500,$I$62:$I$500,$C$35,$J$62:$J$500,D37) -> 0 | I37: 곗돈 | K37: =SUMIFS($K$62:$K$500,$I$62:$I$500,$H$33,$J$62:$J$500,I37) -> 0 | N37: 기타 | P37: =SUMIFS($K$62:$K$500,$I$62:$I$500,$M$33,$J$62:$J$500,N37) -> 0 | T37: 주유비 | X37: =SUMIFS($K$62:$K$500,$I$62:$I$500,$R$33,$J$62:$J$500,T37) -> 0
D38: 연금저축 | F38: =SUMIFS($K$62:$K$500,$I$62:$I$500,$C$35,$J$62:$J$500,D38) -> 0 | K38: =SUMIFS($K$62:$K$500,$I$62:$I$500,$H$33,$J$62:$J$500,I38) -> 0 | P38: =SUMIFS($K$62:$K$500,$I$62:$I$500,$M$33,$J$62:$J$500,N38) -> 0 | T38: 기타 | X38: =SUMIFS($K$62:$K$500,$I$62:$I$500,$R$33,$J$62:$J$500,T38) -> 0
F39: =SUMIFS($K$62:$K$500,$I$62:$I$500,$C$35,$J$62:$J$500,D39) -> 0 | H39: =IF(H33=0,"","총"&H33) -> 총🐻고정비 | K39: =SUM(K33:K38) -> 0 | M39: =IF(M33=0,"","총"&M33) -> 총🐻식비 | P39: =SUM(P33:P38) -> 0 | R39: =IF(R33=0,"","총"&R33) -> 총🐻기타 | X39: =SUM(X33:X38) -> 0
F40: =SUMIFS($K$62:$K$500,$I$62:$I$500,$C$35,$J$62:$J$500,D40) -> 0 | K40: =K39-J33 -> 0 | P40: =P39-O33 -> 0 | X40: =X39-V33 -> 0
F41: =SUMIFS($K$62:$K$500,$I$62:$I$500,$C$35,$J$62:$J$500,D41) -> 0 | H41: 🍪생필품 | I41: 주방/욕실 | K41: =SUMIFS($K$62:$K$500,$I$62:$I$500,$H$41,$J$62:$J$500,I41) -> 0 | M41: 🍪여가비 | N41: 의류/잡화 | P41: =SUMIFS($K$62:$K$500,$I$62:$I$500,$M$41,$J$62:$J$500,N41) -> 0 | R41: 🍪이벤트성 | T41: 축의/부의금 | X41: =SUMIFS($K$62:$K$500,$I$62:$I$500,$R$41,$J$62:$J$500,T41) -> 0
F42: =SUMIFS($K$62:$K$500,$I$62:$I$500,$C$35,$J$62:$J$500,D42) -> 0 | I42: 소모품 | K42: =SUMIFS($K$62:$K$500,$I$62:$I$500,$H$41,$J$62:$J$500,I42) -> 0 | N42: OTT | P42: =SUMIFS($K$62:$K$500,$I$62:$I$500,$M$41,$J$62:$J$500,N42) -> 0 | T42: 생신/생일선물 | X42: =SUMIFS($K$62:$K$500,$I$62:$I$500,$R$41,$J$62:$J$500,T42) -> 0
C43: =IF(C35=0,"","총"&C35) -> 총저축 | F43: =SUM(F35:F42) -> 0 | I43: 기타 | K43: =SUMIFS($K$62:$K$500,$I$62:$I$500,$H$41,$J$62:$J$500,I43) -> 0 | N43: 문화생활 | P43: =SUMIFS($K$62:$K$500,$I$62:$I$500,$M$41,$J$62:$J$500,N43) -> 0 | T43: 명절/어버이날 | X43: =SUMIFS($K$62:$K$500,$I$62:$I$500,$R$41,$J$62:$J$500,T43) -> 0
F44: =F43-E35 -> 0 | K44: =SUMIFS($K$62:$K$500,$I$62:$I$500,$H$41,$J$62:$J$500,I44) -> 0 | N44: 자기계발 | P44: =SUMIFS($K$62:$K$500,$I$62:$I$500,$M$41,$J$62:$J$500,N44) -> 0 | T44: 여행 | X44: =SUMIFS($K$62:$K$500,$I$62:$I$500,$R$41,$J$62:$J$500,T44) -> 0
K45: =SUMIFS($K$62:$K$500,$I$62:$I$500,$H$41,$J$62:$J$500,I45) -> 0 | N45: 미용 | P45: =SUMIFS($K$62:$K$500,$I$62:$I$500,$M$41,$J$62:$J$500,N45) -> 0 | T45: 기타 | X45: =SUMIFS($K$62:$K$500,$I$62:$I$500,$R$41,$J$62:$J$500,T45) -> 0
K46: =SUMIFS($K$62:$K$500,$I$62:$I$500,$H$41,$J$62:$J$500,I46) -> 0 | N46: 기타 | P46: =SUMIFS($K$62:$K$500,$I$62:$I$500,$M$41,$J$62:$J$500,N46) -> 0 | X46: =SUMIFS($K$62:$K$500,$I$62:$I$500,$R$41,$J$62:$J$500,T46) -> 0
H47: =IF(H41=0,"","총"&H41) -> 총🍪생필품 | K47: =SUM(K41:K46) -> 0 | M47: =IF(M41=0,"","총"&M41) -> 총🍪여가비 | P47: =SUM(P41:P46) -> 0 | R47: =IF(R41=0,"","총"&R41) -> 총🍪이벤트성 | X47: =SUM(X41:X46) -> 0
K48: =K47-J41 -> 0 | P48: =P47-O41 -> 0 | X48: =X47-V41 -> 0
H49: 🐻생필품 | I49: 주방/욕실 | K49: =SUMIFS($K$62:$K$500,$I$62:$I$500,$H$49,$J$62:$J$500,I49) -> 0 | M49: 🐻여가비 | N49: 의류/잡화 | P49: =SUMIFS($K$62:$K$500,$I$62:$I$500,$M$49,$J$62:$J$500,N49) -> 0 | R49: 🐻 이벤트성 | T49: 축의/부의금 | X49: =SUMIFS($K$62:$K$500,$I$62:$I$500,$R$49,$J$62:$J$500,T49) -> 0
I50: 소모품 | K50: =SUMIFS($K$62:$K$500,$I$62:$I$500,$H$49,$J$62:$J$500,I50) -> 0 | N50: OTT | P50: =SUMIFS($K$62:$K$500,$I$62:$I$500,$M$49,$J$62:$J$500,N50) -> 0 | T50: 생신/생일선물 | X50: =SUMIFS($K$62:$K$500,$I$62:$I$500,$R$49,$J$62:$J$500,T50) -> 0
I51: 기타 | K51: =SUMIFS($K$62:$K$500,$I$62:$I$500,$H$49,$J$62:$J$500,I51) -> 0 | N51: 문화생활 | P51: =SUMIFS($K$62:$K$500,$I$62:$I$500,$M$49,$J$62:$J$500,N51) -> 0 | T51: 명절/어버이날 | X51: =SUMIFS($K$62:$K$500,$I$62:$I$500,$R$49,$J$62:$J$500,T51) -> 0
K52: =SUMIFS($K$62:$K$500,$I$62:$I$500,$H$49,$J$62:$J$500,I52) -> 0 | N52: 자기계발 | P52: =SUMIFS($K$62:$K$500,$I$62:$I$500,$M$49,$J$62:$J$500,N52) -> 0 | T52: 여행 | X52: =SUMIFS($K$62:$K$500,$I$62:$I$500,$R$49,$J$62:$J$500,T52) -> 0
K53: =SUMIFS($K$62:$K$500,$I$62:$I$500,$H$49,$J$62:$J$500,I53) -> 0 | N53: 미용 | P53: =SUMIFS($K$62:$K$500,$I$62:$I$500,$M$49,$J$62:$J$500,N53) -> 0 | T53: 기타 | X53: =SUMIFS($K$62:$K$500,$I$62:$I$500,$R$49,$J$62:$J$500,T53) -> 0
K54: =SUMIFS($K$62:$K$500,$I$62:$I$500,$H$49,$J$62:$J$500,I54) -> 0 | N54: 기타 | P54: =SUMIFS($K$62:$K$500,$I$62:$I$500,$M$49,$J$62:$J$500,N54) -> 0 | X54: =SUMIFS($K$62:$K$500,$I$62:$I$500,$R$49,$J$62:$J$500,T54) -> 0
H55: =IF(H49=0,"","총"&H49) -> 총🐻생필품 | K55: =SUM(K49:K54) -> 0 | M55: =IF(M49=0,"","총"&M49) -> 총🐻여가비 | P55: =SUM(P49:P54) -> 0 | R55: =IF(R49=0,"","총"&R49) -> 총🐻 이벤트성 | X55: =SUM(X49:X54) -> 0
K56: =K55-J49 -> 0 | P56: =P55-O49 -> 0 | X56: =X55-V49 -> 0
V60: 지출예산 | X60: =SUM(J49,J41,J33,J25,O25,O33,O41,O49,V49,V41,V33,V25) -> 0
H61: 날짜 | I61: 대분류 | J61: 소분류 | K61: 금액 | L61: 결제수단 | N61: 세부사항 | R61: 비고 | V61: 잔여예산 | X61: =X60-SUM($K$31+$K$39+$K$47+$K$55+$P$31+$P$39+$P$47+$P$55+$X$31+$X$39+$X$47+$X$55) -> 0
AB62: =IFERROR(__xludf.DUMMYFUNCTION("FILTER('설정시트'!$D$7:$K$20,'설정시트'!$C$7:$C$20=I62)"),"#N/A") -> #N/A
AB63: =IFERROR(__xludf.DUMMYFUNCTION("FILTER('설정시트'!$D$7:$K$20,'설정시트'!$C$7:$C$20=I63)"),"#N/A") -> #N/A
AB64: =IFERROR(__xludf.DUMMYFUNCTION("FILTER('설정시트'!$D$7:$K$20,'설정시트'!$C$7:$C$20=I64)"),"#N/A") -> #N/A
AB65: =IFERROR(__xludf.DUMMYFUNCTION("FILTER('설정시트'!$D$7:$K$20,'설정시트'!$C$7:$C$20=I65)"),"#N/A") -> #N/A
AB66: =IFERROR(__xludf.DUMMYFUNCTION("FILTER('설정시트'!$D$7:$K$20,'설정시트'!$C$7:$C$20=I66)"),"#N/A") -> #N/A
AB67: =IFERROR(__xludf.DUMMYFUNCTION("FILTER('설정시트'!$D$7:$K$20,'설정시트'!$C$7:$C$20=I67)"),"#N/A") -> #N/A
AB68: =IFERROR(__xludf.DUMMYFUNCTION("FILTER('설정시트'!$D$7:$K$20,'설정시트'!$C$7:$C$20=I68)"),"#N/A") -> #N/A
AB69: =IFERROR(__xludf.DUMMYFUNCTION("FILTER('설정시트'!$D$7:$K$20,'설정시트'!$C$7:$C$20=I69)"),"#N/A") -> #N/A
AB70: =IFERROR(__xludf.DUMMYFUNCTION("FILTER('설정시트'!$D$7:$K$20,'설정시트'!$C$7:$C$20=I70)"),"#N/A") -> #N/A
AB71: =IFERROR(__xludf.DUMMYFUNCTION("FILTER('설정시트'!$D$7:$K$20,'설정시트'!$C$7:$C$20=I71)"),"#N/A") -> #N/A
AB72: =IFERROR(__xludf.DUMMYFUNCTION("FILTER('설정시트'!$D$7:$K$20,'설정시트'!$C$7:$C$20=I72)"),"#N/A") -> #N/A
AB73: =IFERROR(__xludf.DUMMYFUNCTION("FILTER('설정시트'!$D$7:$K$20,'설정시트'!$C$7:$C$20=I73)"),"#N/A") -> #N/A
AB74: =IFERROR(__xludf.DUMMYFUNCTION("FILTER('설정시트'!$D$7:$K$20,'설정시트'!$C$7:$C$20=I74)"),"#N/A") -> #N/A
AB75: =IFERROR(__xludf.DUMMYFUNCTION("FILTER('설정시트'!$D$7:$K$20,'설정시트'!$C$7:$C$20=I75)"),"#N/A") -> #N/A
AB76: =IFERROR(__xludf.DUMMYFUNCTION("FILTER('설정시트'!$D$7:$K$20,'설정시트'!$C$7:$C$20=I76)"),"#N/A") -> #N/A
AB77: =IFERROR(__xludf.DUMMYFUNCTION("FILTER('설정시트'!$D$7:$K$20,'설정시트'!$C$7:$C$20=I77)"),"#N/A") -> #N/A
AB78: =IFERROR(__xludf.DUMMYFUNCTION("FILTER('설정시트'!$D$7:$K$20,'설정시트'!$C$7:$C$20=I78)"),"#N/A") -> #N/A
AB79: =IFERROR(__xludf.DUMMYFUNCTION("FILTER('설정시트'!$D$7:$K$20,'설정시트'!$C$7:$C$20=I79)"),"#N/A") -> #N/A
AB80: =IFERROR(__xludf.DUMMYFUNCTION("FILTER('설정시트'!$D$7:$K$20,'설정시트'!$C$7:$C$20=I80)"),"#N/A") -> #N/A
AB81: =IFERROR(__xludf.DUMMYFUNCTION("FILTER('설정시트'!$D$7:$K$20,'설정시트'!$C$7:$C$20=I81)"),"#N/A") -> #N/A
AB82: =IFERROR(__xludf.DUMMYFUNCTION("FILTER('설정시트'!$D$7:$K$20,'설정시트'!$C$7:$C$20=I82)"),"#N/A") -> #N/A
AB83: =IFERROR(__xludf.DUMMYFUNCTION("FILTER('설정시트'!$D$7:$K$20,'설정시트'!$C$7:$C$20=I83)"),"#N/A") -> #N/A
AB84: =IFERROR(__xludf.DUMMYFUNCTION("FILTER('설정시트'!$D$7:$K$20,'설정시트'!$C$7:$C$20=I84)"),"#N/A") -> #N/A
AB85: =IFERROR(__xludf.DUMMYFUNCTION("FILTER('설정시트'!$D$7:$K$20,'설정시트'!$C$7:$C$20=I85)"),"#N/A") -> #N/A
AB86: =IFERROR(__xludf.DUMMYFUNCTION("FILTER('설정시트'!$D$7:$K$20,'설정시트'!$C$7:$C$20=I86)"),"#N/A") -> #N/A
AB87: =IFERROR(__xludf.DUMMYFUNCTION("FILTER('설정시트'!$D$7:$K$20,'설정시트'!$C$7:$C$20=I87)"),"#N/A") -> #N/A
AB88: =IFERROR(__xludf.DUMMYFUNCTION("FILTER('설정시트'!$D$7:$K$20,'설정시트'!$C$7:$C$20=I88)"),"#N/A") -> #N/A
AB89: =IFERROR(__xludf.DUMMYFUNCTION("FILTER('설정시트'!$D$7:$K$20,'설정시트'!$C$7:$C$20=I89)"),"#N/A") -> #N/A
AB90: =IFERROR(__xludf.DUMMYFUNCTION("FILTER('설정시트'!$D$7:$K$20,'설정시트'!$C$7:$C$20=I90)"),"#N/A") -> #N/A
AB91: =IFERROR(__xludf.DUMMYFUNCTION("FILTER('설정시트'!$D$7:$K$20,'설정시트'!$C$7:$C$20=I91)"),"#N/A") -> #N/A
AB92: =IFERROR(__xludf.DUMMYFUNCTION("FILTER('설정시트'!$D$7:$K$20,'설정시트'!$C$7:$C$20=I92)"),"#N/A") -> #N/A
AB93: =IFERROR(__xludf.DUMMYFUNCTION("FILTER('설정시트'!$D$7:$K$20,'설정시트'!$C$7:$C$20=I93)"),"#N/A") -> #N/A
AB94: =IFERROR(__xludf.DUMMYFUNCTION("FILTER('설정시트'!$D$7:$K$20,'설정시트'!$C$7:$C$20=I94)"),"#N/A") -> #N/A
AB95: =IFERROR(__xludf.DUMMYFUNCTION("FILTER('설정시트'!$D$7:$K$20,'설정시트'!$C$7:$C$20=I95)"),"#N/A") -> #N/A
AB96: =IFERROR(__xludf.DUMMYFUNCTION("FILTER('설정시트'!$D$7:$K$20,'설정시트'!$C$7:$C$20=I96)"),"#N/A") -> #N/A
AB97: =IFERROR(__xludf.DUMMYFUNCTION("FILTER('설정시트'!$D$7:$K$20,'설정시트'!$C$7:$C$20=I97)"),"#N/A") -> #N/A
AB98: =IFERROR(__xludf.DUMMYFUNCTION("FILTER('설정시트'!$D$7:$K$20,'설정시트'!$C$7:$C$20=I98)"),"#N/A") -> #N/A
AB99: =IFERROR(__xludf.DUMMYFUNCTION("FILTER('설정시트'!$D$7:$K$20,'설정시트'!$C$7:$C$20=I99)"),"#N/A") -> #N/A
AB100: =IFERROR(__xludf.DUMMYFUNCTION("FILTER('설정시트'!$D$7:$K$20,'설정시트'!$C$7:$C$20=I100)"),"#N/A") -> #N/A
AB101: =IFERROR(__xludf.DUMMYFUNCTION("FILTER('설정시트'!$D$7:$K$20,'설정시트'!$C$7:$C$20=I101)"),"#N/A") -> #N/A
AB102: =IFERROR(__xludf.DUMMYFUNCTION("FILTER('설정시트'!$D$7:$K$20,'설정시트'!$C$7:$C$20=I102)"),"#N/A") -> #N/A
AB103: =IFERROR(__xludf.DUMMYFUNCTION("FILTER('설정시트'!$D$7:$K$20,'설정시트'!$C$7:$C$20=I103)"),"#N/A") -> #N/A
AB104: =IFERROR(__xludf.DUMMYFUNCTION("FILTER('설정시트'!$D$7:$K$20,'설정시트'!$C$7:$C$20=I104)"),"#N/A") -> #N/A
AB105: =IFERROR(__xludf.DUMMYFUNCTION("FILTER('설정시트'!$D$7:$K$20,'설정시트'!$C$7:$C$20=I105)"),"#N/A") -> #N/A
AB106: =IFERROR(__xludf.DUMMYFUNCTION("FILTER('설정시트'!$D$7:$K$20,'설정시트'!$C$7:$C$20=I106)"),"#N/A") -> #N/A
AB107: =IFERROR(__xludf.DUMMYFUNCTION("FILTER('설정시트'!$D$7:$K$20,'설정시트'!$C$7:$C$20=I107)"),"#N/A") -> #N/A
AB108: =IFERROR(__xludf.DUMMYFUNCTION("FILTER('설정시트'!$D$7:$K$20,'설정시트'!$C$7:$C$20=I108)"),"#N/A") -> #N/A
AB109: =IFERROR(__xludf.DUMMYFUNCTION("FILTER('설정시트'!$D$7:$K$20,'설정시트'!$C$7:$C$20=I109)"),"#N/A") -> #N/A
AB110: =IFERROR(__xludf.DUMMYFUNCTION("FILTER('설정시트'!$D$7:$K$20,'설정시트'!$C$7:$C$20=I110)"),"#N/A") -> #N/A
AB111: =IFERROR(__xludf.DUMMYFUNCTION("FILTER('설정시트'!$D$7:$K$20,'설정시트'!$C$7:$C$20=I111)"),"#N/A") -> #N/A
AB112: =IFERROR(__xludf.DUMMYFUNCTION("FILTER('설정시트'!$D$7:$K$20,'설정시트'!$C$7:$C$20=I112)"),"#N/A") -> #N/A
...

Sheet 2월
C3: 2024 | D3: 2
R8: S | S8: M | T8: T | U8: W | V8: T | W8: F | X8: S | Y8: 누적 | AB8: 대분류 | AC8: 합계
R9: =DATE($C$3,$D$3,1)-WEEKDAY(DATE($C$3,$D$3,1))+1 -> 45319 | S9: =R9 + 1 -> 45320 | T9: =S9 + 1 -> 45321 | U9: =T9 + 1 -> 45322 | V9: =U9 + 1 -> 45323 | W9: =V9 + 1 -> 45324 | X9: =W9 + 1 -> 45325 | AB9: =$H$25 -> 🍪고정비 | AC9: =$K$31 -> 0 | AD9: =_xlfn.RANK.EQ(AC9,$AB$9:$AC$20,0) + ROW(AB1)/10000 -> 1.0001 | AE9: =SMALL($AD$9:$AD$20, ROW(AB1)) -> 1.0001 | AF9: =INDEX($AB$9:$AB$20,MATCH(AE9,$AD$9:$AD$20,0)) -> 🍪고정비 | AG9: =INDEX($AC$9:$AC$20,MATCH(AE9,$AD$9:$AD$20,0)) -> 0
R10: =SUMIFS($K$62:$K$500,$H$62:$H$500,R9,$I$62:$I$500,"<>수입",$I$62:$I$500,"<>저축") -> 0 | S10: =SUMIFS($K$62:$K$500,$H$62:$H$500,S9,$I$62:$I$500,"<>수입",$I$62:$I$500,"<>저축") -> 0 | T10: =SUMIFS($K$62:$K$500,$H$62:$H$500,T9,$I$62:$I$500,"<>수입",$I$62:$I$500,"<>저축") -> 0 | U10: =SUMIFS($K$62:$K$500,$H$62:$H$500,U9,$I$62:$I$500,"<>수입",$I$62:$I$500,"<>저축") -> 0 | V10: =SUMIFS($K$62:$K$500,$H$62:$H$500,V9,$I$62:$I$500,"<>수입",$I$62:$I$500,"<>저축") -> 0 | W10: =SUMIFS($K$62:$K$500,$H$62:$H$500,W9,$I$62:$I$500,"<>수입",$I$62:$I$500,"<>저축") -> 0 | X10: =SUMIFS($K$62:$K$500,$H$62:$H$500,X9,$I$62:$I$500,"<>수입",$I$62:$I$500,"<>저축") -> 0 | Y10: =SUM(R10:X10) -> 0 | AB10: =$H$33 -> 🐻고정비 | AC10: =$K$39 -> 0 | AD10: =_xlfn.RANK.EQ(AC10,$AB$9:$AC$20,0) + ROW(AB2)/10000 -> 1.0002 | AE10: =SMALL($AD$9:$AD$20, ROW(AB2)) -> 1.0002 | AF10: =INDEX($AB$9:$AB$20,MATCH(AE10,$AD$9:$AD$20,0)) -> 🐻고정비 | AG10: =INDEX($AC$9:$AC$20,MATCH(AE10,$AD$9:$AD$20,0)) -> 0
C11: 항목 | D11: 금액 | R11: =R9 + 7 -> 45326 | S11: =S9 + 7 -> 45327 | T11: =T9 + 7 -> 45328 | U11: =U9 + 7 -> 45329 | V11: =V9 + 7 -> 45330 | W11: =W9 + 7 -> 45331 | X11: =X9 + 7 -> 45332 | AB11: =$H$41 -> 🍪생필품 | AC11: =$K$47 -> 0 | AD11: =_xlfn.RANK.EQ(AC11,$AB$9:$AC$20,0) + ROW(AB3)/10000 -> 1.0003 | AE11: =SMALL($AD$9:$AD$20, ROW(AB3)) -> 1.0003 | AF11: =INDEX($AB$9:$AB$20,MATCH(AE11,$AD$9:$AD$20,0)) -> 🍪생필품 | AG11: =INDEX($AC$9:$AC$20,MATCH(AE11,$AD$9:$AD$20,0)) -> 0
C12: 총수입 | D12: =F33 -> 0 | R12: =SUMIFS($K$62:$K$500,$H$62:$H$500,R11,$I$62:$I$500,"<>수입",$I$62:$I$500,"<>저축") -> 0 | S12: =SUMIFS($K$62:$K$500,$H$62:$H$500,S11,$I$62:$I$500,"<>수입",$I$62:$I$500,"<>저축") -> 0 | T12: =SUMIFS($K$62:$K$500,$H$62:$H$500,T11,$I$62:$I$500,"<>수입",$I$62:$I$500,"<>저축") -> 0 | U12: =SUMIFS($K$62:$K$500,$H$62:$H$500,U11,$I$62:$I$500,"<>수입",$I$62:$I$500,"<>저축") -> 0 | V12: =SUMIFS($K$62:$K$500,$H$62:$H$500,V11,$I$62:$I$500,"<>수입",$I$62:$I$500,"<>저축") -> 0 | W12: =SUMIFS($K$62:$K$500,$H$62:$H$500,W11,$I$62:$I$500,"<>수입",$I$62:$I$500,"<>저축") -> 0 | X12: =SUMIFS($K$62:$K$500,$H$62:$H$500,X11,$I$62:$I$500,"<>수입",$I$62:$I$500,"<>저축") -> 0 | Y12: =SUM(R12:X12) -> 0 | AB12: =$H$49 -> 🐻생필품 | AC12: =$K$55 -> 0 | AD12: =_xlfn.RANK.EQ(AC12,$AB$9:$AC$20,0) + ROW(AB4)/10000 -> 1.0004 | AE12: =SMALL($AD$9:$AD$20, ROW(AB4)) -> 1.0004 | AF12: =INDEX($AB$9:$AB$20,MATCH(AE12,$AD$9:$AD$20,0)) -> 🐻생필품 | AG12: =INDEX($AC$9:$AC$20,MATCH(AE12,$AD$9:$AD$20,0)) -> 0
E13: 결제수단 | F13: 금액 | R13: =R11+7 -> 45333 | S13: =S11+7 -> 45334 | T13: =T11+7 -> 45335 | U13: =U11+7 -> 45336 | V13: =V11+7 -> 45337 | W13: =W11+7 -> 45338 | X13: =X11+7 -> 45339 | AB13: =$M$25 -> 🍪식비 | AC13: =$P$31 -> 0 | AD13: =_xlfn.RANK.EQ(AC13,$AB$9:$AC$20,0) + ROW(AB5)/10000 -> 1.0005 | AE13: =SMALL($AD$9:$AD$20, ROW(AB5)) -> 1.0005 | AF13: =INDEX($AB$9:$AB$20,MATCH(AE13,$AD$9:$AD$20,0)) -> 🍪식비 | AG13: =INDEX($AC$9:$AC$20,MATCH(AE13,$AD$9:$AD$20,0)) -> 0
C14: 총지출 | D14: =SUM($K$31+$K$39+$K$47+$K$55+$P$31+$P$39+$P$47+$P$55+X31+X39+X47+X55) -> 0 | E14: 체크카드 | F14: =SUMIFS($K$62:$K$500,$L$62:$L$500,E14,$I$62:$I$500,"<>수입",$I$62:$I$500,"<>저축") -> 0 | R14: =SUMIFS($K$62:$K$500,$H$62:$H$500,R13,$I$62:$I$500,"<>수입",$I$62:$I$500,"<>저축") -> 0 | S14: =SUMIFS($K$62:$K$500,$H$62:$H$500,S13,$I$62:$I$500,"<>수입",$I$62:$I$500,"<>저축") -> 0 | T14: =SUMIFS($K$62:$K$500,$H$62:$H$500,T13,$I$62:$I$500,"<>수입",$I$62:$I$500,"<>저축") -> 0 | U14: =SUMIFS($K$62:$K$500,$H$62:$H$500,U13,$I$62:$I$500,"<>수입",$I$62:$I$500,"<>저축") -> 0 | V14: =SUMIFS($K$62:$K$500,$H$62:$H$500,V13,$I$62:$I$500,"<>수입",$I$62:$I$500,"<>저축") -> 0 | W14: =SUMIFS($K$62:$K$500,$H$62:$H$500,W13,$I$62:$I$500,"<>수입",$I$62:$I$500,"<>저축") -> 0 | X14: =SUMIFS($K$62:$K$500,$H$62:$H$500,X13,$I$62:$I$500,"<>수입",$I$62:$I$500,"<>저축") -> 0 | Y14: =SUM(R14:X14) -> 0 | AB14: =$M$33 -> 🐻식비 | AC14: =$P$39 -> 0 | AD14: =_xlfn.RANK.EQ(AC14,$AB$9:$AC$20,0) + ROW(AB6)/10000 -> 1.0006 | AE14: =SMALL($AD$9:$AD$20, ROW(AB6)) -> 1.0006 | AF14: =INDEX($AB$9:$AB$20,MATCH(AE14,$AD$9:$AD$20,0)) -> 🐻식비 | AG14: =INDEX($AC$9:$AC$20,MATCH(AE14,$AD$9:$AD$20,0)) -> 0
E15: 현금/이체 | F15: =SUMIFS($K$62:$K$500,$L$62:$L$500,E15,$I$62:$I$500,"<>수입",$I$62:$I$500,"<>저축") -> 0 | R15: =R13+7 -> 45340 | S15: =S13+7 -> 45341 | T15: =T13+7 -> 45342 | U15: =U13+7 -> 45343 | V15: =V13+7 -> 45344 | W15: =W13+7 -> 45345 | X15: =X13+7 -> 45346 | AB15: =$M$41 -> 🍪여가비 | AC15: =$P$47 -> 0 | AD15: =_xlfn.RANK.EQ(AC15,$AB$9:$AC$20,0) + ROW(AB7)/10000 -> 1.0007 | AE15: =SMALL($AD$9:$AD$20, ROW(AB7)) -> 1.0007 | AF15: =INDEX($AB$9:$AB$20,MATCH(AE15,$AD$9:$AD$20,0)) -> 🍪여가비 | AG15: =INDEX($AC$9:$AC$20,MATCH(AE15,$AD$9:$AD$20,0)) -> 0
C16: 총저축 | D16: =F43 -> 0 | E16: 현대카드 | F16: =SUMIFS($K$62:$K$500,$L$62:$L$500,E16,$I$62:$I$500,"<>수입",$I$62:$I$500,"<>저축") -> 0 | H16: 이벤트 | R16: =SUMIFS($K$62:$K$500,$H$62:$H$500,R15,$I$62:$I$500,"<>수입",$I$62:$I$500,"<>저축") -> 0 | S16: =SUMIFS($K$62:$K$500,$H$62:$H$500,S15,$I$62:$I$500,"<>수입",$I$62:$I$500,"<>저축") -> 0 | T16: =SUMIFS($K$62:$K$500,$H$62:$H$500,T15,$I$62:$I$500,"<>수입",$I$62:$I$500,"<>저축") -> 0 | U16: =SUMIFS($K$62:$K$500,$H$62:$H$500,U15,$I$62:$I$500,"<>수입",$I$62:$I$500,"<>저축") -> 0 | V16: =SUMIFS($K$62:$K$500,$H$62:$H$500,V15,$I$62:$I$500,"<>수입",$I$62:$I$500,"<>저축") -> 0 | W16: =SUMIFS($K$62:$K$500,$H$62:$H$500,W15,$I$62:$I$500,"<>수입",$I$62:$I$500,"<>저축") -> 0 | X16: =SUMIFS($K$62:$K$500,$H$62:$H$500,X15,$I$62:$I$500,"<>수입",$I$62:$I$500,"<>저축") -> 0 | Y16: =SUM(R16:X16) -> 0 | AB16: =$M$49 -> 🐻여가비 | AC16: =$P$55 -> 0 | AD16: =_xlfn.RANK.EQ(AC16,$AB$9:$AC$20,0) + ROW(AB8)/10000 -> 1.0008 | AE16: =SMALL($AD$9:$AD$20, ROW(AB8)) -> 1.0008 | AF16: =INDEX($AB$9:$AB$20,MATCH(AE16,$AD$9:$AD$20,0)) -> 🐻여가비 | AG16: =INDEX($AC$9:$AC$20,MATCH(AE16,$AD$9:$AD$20,0)) -> 0
E17: 국민카드 | F17: =SUMIFS($K$62:$K$500,$L$62:$L$500,E17,$I$62:$I$500,"<>수입",$I$62:$I$500,"<>저축") -> 0 | R17: =R15+7 -> 45347 | S17: =S15+7 -> 45348 | T17: =T15+7 -> 45349 | U17: =U15+7 -> 45350 | V17: =V15+7 -> 45351 | W17: =W15+7 -> 45352 | X17: =X15+7 -> 45353 | AB17: =$R$25 -> 🍪기타 | AC17: =$X$31 -> 0 | AD17: =_xlfn.RANK.EQ(AC17,$AB$9:$AC$20,0) + ROW(AB9)/10000 -> 1.0009 | AE17: =SMALL($AD$9:$AD$20, ROW(AB9)) -> 1.0009 | AF17: =INDEX($AB$9:$AB$20,MATCH(AE17,$AD$9:$AD$20,0)) -> 🍪기타 | AG17: =INDEX($AC$9:$AC$20,MATCH(AE17,$AD$9:$AD$20,0)) -> 0
C18: 잉여현금 | D18: =D12-D14-D16 -> 0 | E18: 현백카드 | F18: =SUMIFS($K$62:$K$500,$L$62:$L$500,E18,$I$62:$I$500,"<>수입",$I$62:$I$500,"<>저축") -> 0 | R18: =SUMIFS($K$62:$K$500,$H$62:$H$500,R17,$I$62:$I$500,"<>수입",$I$62:$I$500,"<>저축") -> 0 | S18: =SUMIFS($K$62:$K$500,$H$62:$H$500,S17,$I$62:$I$500,"<>수입",$I$62:$I$500,"<>저축") -> 0 | T18: =SUMIFS($K$62:$K$500,$H$62:$H$500,T17,$I$62:$I$500,"<>수입",$I$62:$I$500,"<>저축") -> 0 | U18: =SUMIFS($K$62:$K$500,$H$62:$H$500,U17,$I$62:$I$500,"<>수입",$I$62:$I$500,"<>저축") -> 0 | V18: =SUMIFS($K$62:$K$500,$H$62:$H$500,V17,$I$62:$I$500,"<>수입",$I$62:$I$500,"<>저축") -> 0 | W18: =SUMIFS($K$62:$K$500,$H$62:$H$500,W17,$I$62:$I$500,"<>수입",$I$62:$I$500,"<>저축") -> 0 | X18: =SUMIFS($K$62:$K$500,$H$62:$H$500,X17,$I$62:$I$500,"<>수입",$I$62:$I$500,"<>저축") -> 0 | Y18: =SUM(R18:X18) -> 0 | AB18: =$R$33 -> 🐻기타 | AC18: =$X$39 -> 0 | AD18: =_xlfn.RANK.EQ(AC18,$AB$9:$AC$20,0) + ROW(AB10)/10000 -> 1.001 | AE18: =SMALL($AD$9:$AD$20, ROW(AB10)) -> 1.001 | AF18: =INDEX($AB$9:$AB$20,MATCH(AE18,$AD$9:$AD$20,0)) -> 🐻기타 | AG18: =INDEX($AC$9:$AC$20,MATCH(AE18,$AD$9:$AD$20,0)) -> 0
C19: 총저축률 | D19: =(D16+D18)/D12 -> #DIV/0! | E19: 하나카드 | F19: =SUMIFS($K$62:$K$500,$L$62:$L$500,E19,$I$62:$I$500,"<>수입",$I$62:$I$500,"<>저축") -> 0 | R19: =R17+7 -> 45354 | S19: =S17+7 -> 45355 | T19: =T17+7 -> 45356 | U19: =U17+7 -> 45357 | V19: =V17+7 -> 45358 | W19: =W17+7 -> 45359 | X19: =X17+7 -> 45360 | AB19: =$R$41 -> 🍪이벤트성 | AC19: =$X$47 -> 0 | AD19: =_xlfn.RANK.EQ(AC19,$AB$9:$AC$20,0) + ROW(AB11)/10000 -> 1.0011 | AE19: =SMALL($AD$9:$AD$20, ROW(AB11)) -> 1.0011 | AF19: =INDEX($AB$9:$AB$20,MATCH(AE19,$AD$9:$AD$20,0)) -> 🍪이벤트성 | AG19: =INDEX($AC$9:$AC$20,MATCH(AE19,$AD$9:$AD$20,0)) -> 0
C20: 현금저축률 | D20: =D18/D12 -> #DIV/0! | E20: 총지출 | F20: =SUM($F$14:$F$19) -> 0 | R20: =SUMIFS($K$62:$K$500,$H$62:$H$500,R19,$I$62:$I$500,"<>수입",$I$62:$I$500,"<>저축") -> 0 | S20: =SUMIFS($K$62:$K$500,$H$62:$H$500,S19,$I$62:$I$500,"<>수입",$I$62:$I$500,"<>저축") -> 0 | T20: =SUMIFS($K$62:$K$500,$H$62:$H$500,T19,$I$62:$I$500,"<>수입",$I$62:$I$500,"<>저축") -> 0 | U20: =SUMIFS($K$62:$K$500,$H$62:$H$500,U19,$I$62:$I$500,"<>수입",$I$62:$I$500,"<>저축") -> 0 | V20: =SUMIFS($K$62:$K$500,$H$62:$H$500,V19,$I$62:$I$500,"<>수입",$I$62:$I$500,"<>저축") -> 0 | W20: =SUMIFS($K$62:$K$500,$H$62:$H$500,W19,$I$62:$I$500,"<>수입",$I$62:$I$500,"<>저축") -> 0 | X20: =SUMIFS($K$62:$K$500,$H$62:$H$500,X19,$I$62:$I$500,"<>수입",$I$62:$I$500,"<>저축") -> 0 | Y20: =SUM(R20:X20) -> 0 | AB20: =$R$49 -> 🐻 이벤트성 | AC20: =$X$55 -> 0 | AD20: =_xlfn.RANK.EQ(AC20,$AB$9:$AC$20,0) + ROW(AB12)/10000 -> 1.0012 | AE20: =SMALL($AD$9:$AD$20, ROW(AB12)) -> 1.0012 | AF20: =INDEX($AB$9:$AB$20,MATCH(AE20,$AD$9:$AD$20,0)) -> 🐻 이벤트성 | AG20: =INDEX($AC$9:$AC$20,MATCH(AE20,$AD$9:$AD$20,0)) -> 0
C24: 대분류 | D24: 소분류 | E24: 목표 | F24: 합계 | H24: 대분류 | I24: 소분류 | J24: 예산 | K24: 합계 | M24: 대분류 | N24: 소분류 | O24: 예산 | P24: 합계 | R24: 대분류 | T24: 소분류 | V24: 예산 | X24: 합계
C25: 수입 | D25: 🍪 월급 | F25: =SUMIFS($K$62:$K$500,$I$62:$I$500,$C$25,$J$62:$J$500,D25) -> 0 | H25: 🍪고정비 | I25: 관리비 | K25: =SUMIFS($K$62:$K$500,$I$62:$I$500,$H$25,$J$62:$J$500,I25) -> 0 | M25: 🍪식비 | N25: 식재료비 | P25: =SUMIFS($K$62:$K$500,$I$62:$I$500,$M$25,$J$62:$J$500,N25) -> 0 | R25: 🍪기타 | T25: 약국 | X25: =SUMIFS($K$62:$K$500,$I$62:$I$500,$R$25,$J$62:$J$500,T25) -> 0
D26: 🍪 부수입 | F26: =SUMIFS($K$62:$K$500,$I$62:$I$500,$C$25,$J$62:$J$500,D26) -> 0 | I26: 월세 | K26: =SUMIFS($K$62:$K$500,$I$62:$I$500,$H$25,$J$62:$J$500,I26) -> 0 | N26: 회사점심 | P26: =SUMIFS($K$62:$K$500,$I$62:$I$500,$M$25,$J$62:$J$500,N26) -> 0 | T26: 병원비 | X26: =SUMIFS($K$62:$K$500,$I$62:$I$500,$R$25,$J$62:$J$500,T26) -> 0
D27: 🐻 월급 | F27: =SUMIFS($K$62:$K$500,$I$62:$I$500,$C$25,$J$62:$J$500,D27) -> 0 | I27: 대출이자 | K27: =SUMIFS($K$62:$K$500,$I$62:$I$500,$H$25,$J$62:$J$500,I27) -> 0 | N27: 간식/카페 | P27: =SUMIFS($K$62:$K$500,$I$62:$I$500,$M$25,$J$62:$J$500,N27) -> 0 | T27: 영양제 | X27: =SUMIFS($K$62:$K$500,$I$62:$I$500,$R$25,$J$62:$J$500,T27) -> 0
D28: 🐻 부수입 | F28: =SUMIFS($K$62:$K$500,$I$62:$I$500,$C$25,$J$62:$J$500,D28) -> 0 | I28: 통신비 | K28: =SUMIFS($K$62:$K$500,$I$62:$I$500,$H$25,$J$62:$J$500,I28) -> 0 | N28: 외식/배달 | P28: =SUMIFS($K$62:$K$500,$I$62:$I$500,$M$25,$J$62:$J$500,N28) -> 0 | T28: 교통비 | X28: =SUMIFS($K$62:$K$500,$I$62:$I$500,$R$25,$J$62:$J$500,T28) -> 0
D29: 기타 | F29: =SUMIFS($K$62:$K$500,$I$62:$I$500,$C$25,$J$62:$J$500,D29) -> 0 | I29: 보험료 | K29: =SUMIFS($K$62:$K$500,$I$62:$I$500,$H$25,$J$62:$J$500,I29) -> 0 | N29: 기타 | P29: =SUMIFS($K$62:$K$500,$I$62:$I$500,$M$25,$J$62:$J$500,N29) -> 0 | T29: 주유비 | X29: =SUMIFS($K$62:$K$500,$I$62:$I$500,$R$25,$J$62:$J$500,T29) -> 0
F30: =SUMIFS($K$62:$K$500,$I$62:$I$500,$C$25,$J$62:$J$500,D30) -> 0 | I30: 곗돈 | K30: =SUMIFS($K$62:$K$500,$I$62:$I$500,$H$25,$J$62:$J$500,I30) -> 0 | P30: =SUMIFS($K$62:$K$500,$I$62:$I$500,$M$25,$J$62:$J$500,N30) -> 0 | T30: 기타 | X30: =SUMIFS($K$62:$K$500,$I$62:$I$500,$R$25,$J$62:$J$500,T30) -> 0
F31: =SUMIFS($K$62:$K$500,$I$62:$I$500,$C$25,$J$62:$J$500,D31) -> 0 | H31: =IF(H25=0,"","총"&H25) -> 총🍪고정비 | K31: =SUM(K25:K30) -> 0 | M31: =IF(M25=0,"","총"&M25) -> 총🍪식비 | P31: =SUM(P25:P30) -> 0 | R31: =IF(R25=0,"","총"&R25) -> 총🍪기타 | X31: =SUM(X25:X30) -> 0
F32: =SUMIFS($K$62:$K$500,$I$62:$I$500,$C$25,$J$62:$J$500,D32) -> 0 | K32: =K31-J25 -> 0 | P32: =P31-O25 -> 0 | X32: =X31-V25 -> 0
C33: =IF(C25=0,"","총"&C25) -> 총수입 | F33: =SUM(F25:F32) -> 0 | H33: 🐻고정비 | I33: 관리비 | K33: =SUMIFS($K$62:$K$500,$I$62:$I$500,$H$33,$J$62:$J$500,I33) -> 0 | M33: 🐻식비 | N33: 식재료비 | P33: =SUMIFS($K$62:$K$500,$I$62:$I$500,$M$33,$J$62:$J$500,N33) -> 0 | R33: 🐻기타 | T33: 약국 | X33: =SUMIFS($K$62:$K$500,$I$62:$I$500,$R$33,$J$62:$J$500,T33) -> 0
F34: =F33-E25 -> 0 | I34: 대출이자 | K34: =SUMIFS($K$62:$K$500,$I$62:$I$500,$H$33,$J$62:$J$500,I34) -> 0 | N34: 회사점심 | P34: =SUMIFS($K$62:$K$500,$I$62:$I$500,$M$33,$J$62:$J$500,N34) -> 0 | T34: 병원비 | X34: =SUMIFS($K$62:$K$500,$I$62:$I$500,$R$33,$J$62:$J$500,T34) -> 0
C35: 저축 | D35: 주택청약 | F35: =SUMIFS($K$62:$K$500,$I$62:$I$500,$C$35,$J$62:$J$500,D35) -> 0 | I35: 통신비 | K35: =SUMIFS($K$62:$K$500,$I$62:$I$500,$H$33,$J$62:$J$500,I35) -> 0 | N35: 간식/카페 | P35: =SUMIFS($K$62:$K$500,$I$62:$I$500,$M$33,$J$62:$J$500,N35) -> 0 | T35: 영양제 | X35: =SUMIFS($K$62:$K$500,$I$62:$I$500,$R$33,$J$62:$J$500,T35) -> 0
D36: 우리은행 | F36: =SUMIFS($K$62:$K$500,$I$62:$I$500,$C$35,$J$62:$J$500,D36) -> 0 | I36: 보험료 | K36: =SUMIFS($K$62:$K$500,$I$62:$I$500,$H$33,$J$62:$J$500,I36) -> 0 | N36: 외식/배달 | P36: =SUMIFS($K$62:$K$500,$I$62:$I$500,$M$33,$J$62:$J$500,N36) -> 0 | T36: 교통비 | X36: =SUMIFS($K$62:$K$500,$I$62:$I$500,$R$33,$J$62:$J$500,T36) -> 0
D37: 케이뱅크 | F37: =SUMIFS($K$62:$K$500,$I$62:$I$500,$C$35,$J$62:$J$500,D37) -> 0 | I37: 곗돈 | K37: =SUMIFS($K$62:$K$500,$I$62:$I$500,$H$33,$J$62:$J$500,I37) -> 0 | N37: 기타 | P37: =SUMIFS($K$62:$K$500,$I$62:$I$500,$M$33,$J$62:$J$500,N37) -> 0 | T37: 주유비 | X37: =SUMIFS($K$62:$K$500,$I$62:$I$500,$R$33,$J$62:$J$500,T37) -> 0
D38: 연금저축 | F38: =SUMIFS($K$62:$K$500,$I$62:$I$500,$C$35,$J$62:$J$500,D38) -> 0 | K38: =SUMIFS($K$62:$K$500,$I$62:$I$500,$H$33,$J$62:$J$500,I38) -> 0 | P38: =SUMIFS($K$62:$K$500,$I$62:$I$500,$M$33,$J$62:$J$500,N38) -> 0 | T38: 기타 | X38: =SUMIFS($K$62:$K$500,$I$62:$I$500,$R$33,$J$62:$J$500,T38) -> 0
F39: =SUMIFS($K$62:$K$500,$I$62:$I$500,$C$35,$J$62:$J$500,D39) -> 0 | H39: =IF(H33=0,"","총"&H33) -> 총🐻고정비 | K39: =SUM(K33:K38) -> 0 | M39: =IF(M33=0,"","총"&M33) -> 총🐻식비 | P39: =SUM(P33:P38) -> 0 | R39: =IF(R33=0,"","총"&R33) -> 총🐻기타 | X39: =SUM(X33:X38) -> 0
F40: =SUMIFS($K$62:$K$500,$I$62:$I$500,$C$35,$J$62:$J$500,D40) -> 0 | K40: =K39-J33 -> 0 | P40: =P39-O33 -> 0 | X40: =X39-V33 -> 0
F41: =SUMIFS($K$62:$K$500,$I$62:$I$500,$C$35,$J$62:$J$500,D41) -> 0 | H41: 🍪생필품 | I41: 주방/욕실 | K41: =SUMIFS($K$62:$K$500,$I$62:$I$500,$H$41,$J$62:$J$500,I41) -> 0 | M41: 🍪여가비 | N41: 의류/잡화 | P41: =SUMIFS($K$62:$K$500,$I$62:$I$500,$M$41,$J$62:$J$500,N41) -> 0 | R41: 🍪이벤트성 | T41: 축의/부의금 | X41: =SUMIFS($K$62:$K$500,$I$62:$I$500,$R$41,$J$62:$J$500,T41) -> 0
F42: =SUMIFS($K$62:$K$500,$I$62:$I$500,$C$35,$J$62:$J$500,D42) -> 0 | I42: 소모품 | K42: =SUMIFS($K$62:$K$500,$I$62:$I$500,$H$41,$J$62:$J$500,I42) -> 0 | N42: OTT | P42: =SUMIFS($K$62:$K$500,$I$62:$I$500,$M$41,$J$62:$J$500,N42) -> 0 | T42: 생신/생일선물 | X42: =SUMIFS($K$62:$K$500,$I$62:$I$500,$R$41,$J$62:$J$500,T42) -> 0
C43: =IF(C35=0,"","총"&C35) -> 총저축 | F43: =SUM(F35:F42) -> 0 | I43: 기타 | K43: =SUMIFS($K$62:$K$500,$I$62:$I$500,$H$41,$J$62:$J$500,I43) -> 0 | N43: 문화생활 | P43: =SUMIFS($K$62:$K$500,$I$62:$I$500,$M$41,$J$62:$J$500,N43) -> 0 | T43: 명절/어버이날 | X43: =SUMIFS($K$62:$K$500,$I$62:$I$500,$R$41,$J$62:$J$500,T43) -> 0
F44: =F43-E35 -> 0 | K44: =SUMIFS($K$62:$K$500,$I$62:$I$500,$H$41,$J$62:$J$500,I44) -> 0 | N44: 자기계발 | P44: =SUMIFS($K$62:$K$500,$I$62:$I$500,$M$41,$J$62:$J$500,N44) -> 0 | T44: 여행 | X44: =SUMIFS($K$62:$K$500,$I$62:$I$500,$R$41,$J$62:$J$500,T44) -> 0
K45: =SUMIFS($K$62:$K$500,$I$62:$I$500,$H$41,$J$62:$J$500,I45) -> 0 | N45: 미용 | P45: =SUMIFS($K$62:$K$500,$I$62:$I$500,$M$41,$J$62:$J$500,N45) -> 0 | T45: 기타 | X45: =SUMIFS($K$62:$K$500,$I$62:$I$500,$R$41,$J$62:$J$500,T45) -> 0
K46: =SUMIFS($K$62:$K$500,$I$62:$I$500,$H$41,$J$62:$J$500,I46) -> 0 | N46: 기타 | P46: =SUMIFS($K$62:$K$500,$I$62:$I$500,$M$41,$J$62:$J$500,N46) -> 0 | X46: =SUMIFS($K$62:$K$500,$I$62:$I$500,$R$41,$J$62:$J$500,T46) -> 0
H47: =IF(H41=0,"","총"&H41) -> 총🍪생필품 | K47: =SUM(K41:K46) -> 0 | M47: =IF(M41=0,"","총"&M41) -> 총🍪여가비 | P47: =SUM(P41:P46) -> 0 | R47: =IF(R41=0,"","총"&R41) -> 총🍪이벤트성 | X47: =SUM(X41:X46) -> 0
K48: =K47-J41 -> 0 | P48: =P47-O41 -> 0 | X48: =X47-V41 -> 0
H49: 🐻생필품 | I49: 주방/욕실 | K49: =SUMIFS($K$62:$K$500,$I$62:$I$500,$H$49,$J$62:$J$500,I49) -> 0 | M49: 🐻여가비 | N49: 의류/잡화 | P49: =SUMIFS($K$62:$K$500,$I$62:$I$500,$M$49,$J$62:$J$500,N49) -> 0 | R49: 🐻 이벤트성 | T49: 축의/부의금 | X49: =SUMIFS($K$62:$K$500,$I$62:$I$500,$R$49,$J$62:$J$500,T49) -> 0
I50: 소모품 | K50: =SUMIFS($K$62:$K$500,$I$62:$I$500,$H$49,$J$62:$J$500,I50) -> 0 | N50: OTT | P50: =SUMIFS($K$62:$K$500,$I$62:$I$500,$M$49,$J$62:$J$500,N50) -> 0 | T50: 생신/생일선물 | X50: =SUMIFS($K$62:$K$500,$I$62:$I$500,$R$49,$J$62:$J$500,T50) -> 0
I51: 기타 | K51: =SUMIFS($K$62:$K$500,$I$62:$I$500,$H$49,$J$62:$J$500,I51) -> 0 | N51: 문화생활 | P51: =SUMIFS($K$62:$K$500,$I$62:$I$500,$M$49,$J$62:$J$500,N51) -> 0 | T51: 명절/어버이날 | X51: =SUMIFS($K$62:$K$500,$I$62:$I$500,$R$49,$J$62:$J$500,T51) -> 0
K52: =SUMIFS($K$62:$K$500,$I$62:$I$500,$H$49,$J$62:$J$500,I52) -> 0 | N52: 자기계발 | P52: =SUMIFS($K$62:$K$500,$I$62:$I$500,$M$49,$J$62:$J$500,N52) -> 0 | T52: 여행 | X52: =SUMIFS($K$62:$K$500,$I$62:$I$500,$R$49,$J$62:$J$500,T52) -> 0
K53: =SUMIFS($K$62:$K$500,$I$62:$I$500,$H$49,$J$62:$J$500,I53) -> 0 | N53: 미용 | P53: =SUMIFS($K$62:$K$500,$I$62:$I$500,$M$49,$J$62:$J$500,N53) -> 0 | T53: 기타 | X53: =SUMIFS($K$62:$K$500,$I$62:$I$500,$R$49,$J$62:$J$500,T53) -> 0
K54: =SUMIFS($K$62:$K$500,$I$62:$I$500,$H$49,$J$62:$J$500,I54) -> 0 | N54: 기타 | P54: =SUMIFS($K$62:$K$500,$I$62:$I$500,$M$49,$J$62:$J$500,N54) -> 0 | X54: =SUMIFS($K$62:$K$500,$I$62:$I$500,$R$49,$J$62:$J$500,T54) -> 0
H55: =IF(H49=0,"","총"&H49) -> 총🐻생필품 | K55: =SUM(K49:K54) -> 0 | M55: =IF(M49=0,"","총"&M49) -> 총🐻여가비 | P55: =SUM(P49:P54) -> 0 | R55: =IF(R49=0,"","총"&R49) -> 총🐻 이벤트성 | X55: =SUM(X49:X54) -> 0
K56: =K55-J49 -> 0 | P56: =P55-O49 -> 0 | X56: =X55-V49 -> 0
V60: 지출예산 | X60: =SUM(J49,J41,J33,J25,O25,O33,O41,O49,V49,V41,V33,V25) -> 0
H61: 날짜 | I61: 대분류 | J61: 소분류 | K61: 금액 | L61: 결제수단 | N61: 세부사항 | R61: 비고 | V61: 잔여예산 | X61: =X60-SUM($K$31+$K$39+$K$47+$K$55+$P$31+$P$39+$P$47+$P$55+$X$31+$X$39+$X$47+$X$55) -> 0
AB62: =IFERROR(__xludf.DUMMYFUNCTION("FILTER('설정시트'!$D$7:$K$20,'설정시트'!$C$7:$C$20=I62)"),"#N/A") -> #N/A
AB63: =IFERROR(__xludf.DUMMYFUNCTION("FILTER('설정시트'!$D$7:$K$20,'설정시트'!$C$7:$C$20=I63)"),"#N/A") -> #N/A
AB64: =IFERROR(__xludf.DUMMYFUNCTION("FILTER('설정시트'!$D$7:$K$20,'설정시트'!$C$7:$C$20=I64)"),"#N/A") -> #N/A
AB65: =IFERROR(__xludf.DUMMYFUNCTION("FILTER('설정시트'!$D$7:$K$20,'설정시트'!$C$7:$C$20=I65)"),"#N/A") -> #N/A
AB66: =IFERROR(__xludf.DUMMYFUNCTION("FILTER('설정시트'!$D$7:$K$20,'설정시트'!$C$7:$C$20=I66)"),"#N/A") -> #N/A
AB67: =IFERROR(__xludf.DUMMYFUNCTION("FILTER('설정시트'!$D$7:$K$20,'설정시트'!$C$7:$C$20=I67)"),"#N/A") -> #N/A
AB68: =IFERROR(__xludf.DUMMYFUNCTION("FILTER('설정시트'!$D$7:$K$20,'설정시트'!$C$7:$C$20=I68)"),"#N/A") -> #N/A
AB69: =IFERROR(__xludf.DUMMYFUNCTION("FILTER('설정시트'!$D$7:$K$20,'설정시트'!$C$7:$C$20=I69)"),"#N/A") -> #N/A
AB70: =IFERROR(__xludf.DUMMYFUNCTION("FILTER('설정시트'!$D$7:$K$20,'설정시트'!$C$7:$C$20=I70)"),"#N/A") -> #N/A
AB71: =IFERROR(__xludf.DUMMYFUNCTION("FILTER('설정시트'!$D$7:$K$20,'설정시트'!$C$7:$C$20=I71)"),"#N/A") -> #N/A
AB72: =IFERROR(__xludf.DUMMYFUNCTION("FILTER('설정시트'!$D$7:$K$20,'설정시트'!$C$7:$C$20=I72)"),"#N/A") -> #N/A
AB73: =IFERROR(__xludf.DUMMYFUNCTION("FILTER('설정시트'!$D$7:$K$20,'설정시트'!$C$7:$C$20=I73)"),"#N/A") -> #N/A
AB74: =IFERROR(__xludf.DUMMYFUNCTION("FILTER('설정시트'!$D$7:$K$20,'설정시트'!$C$7:$C$20=I74)"),"#N/A") -> #N/A
AB75: =IFERROR(__xludf.DUMMYFUNCTION("FILTER('설정시트'!$D$7:$K$20,'설정시트'!$C$7:$C$20=I75)"),"#N/A") -> #N/A
AB76: =IFERROR(__xludf.DUMMYFUNCTION("FILTER('설정시트'!$D$7:$K$20,'설정시트'!$C$7:$C$20=I76)"),"#N/A") -> #N/A
AB77: =IFERROR(__xludf.DUMMYFUNCTION("FILTER('설정시트'!$D$7:$K$20,'설정시트'!$C$7:$C$20=I77)"),"#N/A") -> #N/A
AB78: =IFERROR(__xludf.DUMMYFUNCTION("FILTER('설정시트'!$D$7:$K$20,'설정시트'!$C$7:$C$20=I78)"),"#N/A") -> #N/A
AB79: =IFERROR(__xludf.DUMMYFUNCTION("FILTER('설정시트'!$D$7:$K$20,'설정시트'!$C$7:$C$20=I79)"),"#N/A") -> #N/A
AB80: =IFERROR(__xludf.DUMMYFUNCTION("FILTER('설정시트'!$D$7:$K$20,'설정시트'!$C$7:$C$20=I80)"),"#N/A") -> #N/A
AB81: =IFERROR(__xludf.DUMMYFUNCTION("FILTER('설정시트'!$D$7:$K$20,'설정시트'!$C$7:$C$20=I81)"),"#N/A") -> #N/A
AB82: =IFERROR(__xludf.DUMMYFUNCTION("FILTER('설정시트'!$D$7:$K$20,'설정시트'!$C$7:$C$20=I82)"),"#N/A") -> #N/A
AB83: =IFERROR(__xludf.DUMMYFUNCTION("FILTER('설정시트'!$D$7:$K$20,'설정시트'!$C$7:$C$20=I83)"),"#N/A") -> #N/A
AB84: =IFERROR(__xludf.DUMMYFUNCTION("FILTER('설정시트'!$D$7:$K$20,'설정시트'!$C$7:$C$20=I84)"),"#N/A") -> #N/A
AB85: =IFERROR(__xludf.DUMMYFUNCTION("FILTER('설정시트'!$D$7:$K$20,'설정시트'!$C$7:$C$20=I85)"),"#N/A") -> #N/A
AB86: =IFERROR(__xludf.DUMMYFUNCTION("FILTER('설정시트'!$D$7:$K$20,'설정시트'!$C$7:$C$20=I86)"),"#N/A") -> #N/A
AB87: =IFERROR(__xludf.DUMMYFUNCTION("FILTER('설정시트'!$D$7:$K$20,'설정시트'!$C$7:$C$20=I87)"),"#N/A") -> #N/A
AB88: =IFERROR(__xludf.DUMMYFUNCTION("FILTER('설정시트'!$D$7:$K$20,'설정시트'!$C$7:$C$20=I88)"),"#N/A") -> #N/A
AB89: =IFERROR(__xludf.DUMMYFUNCTION("FILTER('설정시트'!$D$7:$K$20,'설정시트'!$C$7:$C$20=I89)"),"#N/A") -> #N/A
AB90: =IFERROR(__xludf.DUMMYFUNCTION("FILTER('설정시트'!$D$7:$K$20,'설정시트'!$C$7:$C$20=I90)"),"#N/A") -> #N/A
AB91: =IFERROR(__xludf.DUMMYFUNCTION("FILTER('설정시트'!$D$7:$K$20,'설정시트'!$C$7:$C$20=I91)"),"#N/A") -> #N/A
AB92: =IFERROR(__xludf.DUMMYFUNCTION("FILTER('설정시트'!$D$7:$K$20,'설정시트'!$C$7:$C$20=I92)"),"#N/A") -> #N/A
AB93: =IFERROR(__xludf.DUMMYFUNCTION("FILTER('설정시트'!$D$7:$K$20,'설정시트'!$C$7:$C$20=I93)"),"#N/A") -> #N/A
AB94: =IFERROR(__xludf.DUMMYFUNCTION("FILTER('설정시트'!$D$7:$K$20,'설정시트'!$C$7:$C$20=I94)"),"#N/A") -> #N/A
AB95: =IFERROR(__xludf.DUMMYFUNCTION("FILTER('설정시트'!$D$7:$K$20,'설정시트'!$C$7:$C$20=I95)"),"#N/A") -> #N/A
AB96: =IFERROR(__xludf.DUMMYFUNCTION("FILTER('설정시트'!$D$7:$K$20,'설정시트'!$C$7:$C$20=I96)"),"#N/A") -> #N/A
AB97: =IFERROR(__xludf.DUMMYFUNCTION("FILTER('설정시트'!$D$7:$K$20,'설정시트'!$C$7:$C$20=I97)"),"#N/A") -> #N/A
AB98: =IFERROR(__xludf.DUMMYFUNCTION("FILTER('설정시트'!$D$7:$K$20,'설정시트'!$C$7:$C$20=I98)"),"#N/A") -> #N/A
AB99: =IFERROR(__xludf.DUMMYFUNCTION("FILTER('설정시트'!$D$7:$K$20,'설정시트'!$C$7:$C$20=I99)"),"#N/A") -> #N/A
AB100: =IFERROR(__xludf.DUMMYFUNCTION("FILTER('설정시트'!$D$7:$K$20,'설정시트'!$C$7:$C$20=I100)"),"#N/A") -> #N/A
AB101: =IFERROR(__xludf.DUMMYFUNCTION("FILTER('설정시트'!$D$7:$K$20,'설정시트'!$C$7:$C$20=I101)"),"#N/A") -> #N/A
AB102: =IFERROR(__xludf.DUMMYFUNCTION("FILTER('설정시트'!$D$7:$K$20,'설정시트'!$C$7:$C$20=I102)"),"#N/A") -> #N/A
AB103: =IFERROR(__xludf.DUMMYFUNCTION("FILTER('설정시트'!$D$7:$K$20,'설정시트'!$C$7:$C$20=I103)"),"#N/A") -> #N/A
AB104: =IFERROR(__xludf.DUMMYFUNCTION("FILTER('설정시트'!$D$7:$K$20,'설정시트'!$C$7:$C$20=I104)"),"#N/A") -> #N/A
AB105: =IFERROR(__xludf.DUMMYFUNCTION("FILTER('설정시트'!$D$7:$K$20,'설정시트'!$C$7:$C$20=I105)"),"#N/A") -> #N/A
AB106: =IFERROR(__xludf.DUMMYFUNCTION("FILTER('설정시트'!$D$7:$K$20,'설정시트'!$C$7:$C$20=I106)"),"#N/A") -> #N/A
AB107: =IFERROR(__xludf.DUMMYFUNCTION("FILTER('설정시트'!$D$7:$K$20,'설정시트'!$C$7:$C$20=I107)"),"#N/A") -> #N/A
AB108: =IFERROR(__xludf.DUMMYFUNCTION("FILTER('설정시트'!$D$7:$K$20,'설정시트'!$C$7:$C$20=I108)"),"#N/A") -> #N/A
AB109: =IFERROR(__xludf.DUMMYFUNCTION("FILTER('설정시트'!$D$7:$K$20,'설정시트'!$C$7:$C$20=I109)"),"#N/A") -> #N/A
AB110: =IFERROR(__xludf.DUMMYFUNCTION("FILTER('설정시트'!$D$7:$K$20,'설정시트'!$C$7:$C$20=I110)"),"#N/A") -> #N/A
AB111: =IFERROR(__xludf.DUMMYFUNCTION("FILTER('설정시트'!$D$7:$K$20,'설정시트'!$C$7:$C$20=I111)"),"#N/A") -> #N/A
AB112: =IFERROR(__xludf.DUMMYFUNCTION("FILTER('설정시트'!$D$7:$K$20,'설정시트'!$C$7:$C$20=I112)"),"#N/A") -> #N/A
...

Sheet 3월
C3: 2024 | D3: 3
R8: S | S8: M | T8: T | U8: W | V8: T | W8: F | X8: S | Y8: 누적 | AB8: 대분류 | AC8: 합계
R9: =DATE($C$3,$D$3,1)-WEEKDAY(DATE($C$3,$D$3,1))+1 -> 45347 | S9: =R9 + 1 -> 45348 | T9: =S9 + 1 -> 45349 | U9: =T9 + 1 -> 45350 | V9: =U9 + 1 -> 45351 | W9: =V9 + 1 -> 45352 | X9: =W9 + 1 -> 45353 | AB9: =$H$25 -> 🍪고정비 | AC9: =$K$31 -> 0 | AD9: =_xlfn.RANK.EQ(AC9,$AB$9:$AC$20,0) + ROW(AB1)/10000 -> 1.0001 | AE9: =SMALL($AD$9:$AD$20, ROW(AB1)) -> 1.0001 | AF9: =INDEX($AB$9:$AB$20,MATCH(AE9,$AD$9:$AD$20,0)) -> 🍪고정비 | AG9: =INDEX($AC$9:$AC$20,MATCH(AE9,$AD$9:$AD$20,0)) -> 0
R10: =SUMIFS($K$62:$K$500,$H$62:$H$500,R9,$I$62:$I$500,"<>수입",$I$62:$I$500,"<>저축") -> 0 | S10: =SUMIFS($K$62:$K$500,$H$62:$H$500,S9,$I$62:$I$500,"<>수입",$I$62:$I$500,"<>저축") -> 0 | T10: =SUMIFS($K$62:$K$500,$H$62:$H$500,T9,$I$62:$I$500,"<>수입",$I$62:$I$500,"<>저축") -> 0 | U10: =SUMIFS($K$62:$K$500,$H$62:$H$500,U9,$I$62:$I$500,"<>수입",$I$62:$I$500,"<>저축") -> 0 | V10: =SUMIFS($K$62:$K$500,$H$62:$H$500,V9,$I$62:$I$500,"<>수입",$I$62:$I$500,"<>저축") -> 0 | W10: =SUMIFS($K$62:$K$500,$H$62:$H$500,W9,$I$62:$I$500,"<>수입",$I$62:$I$500,"<>저축") -> 0 | X10: =SUMIFS($K$62:$K$500,$H$62:$H$500,X9,$I$62:$I$500,"<>수입",$I$62:$I$500,"<>저축") -> 0 | Y10: =SUM(R10:X10) -> 0 | AB10: =$H$33 -> 🐻고정비 | AC10: =$K$39 -> 0 | AD10: =_xlfn.RANK.EQ(AC10,$AB$9:$AC$20,0) + ROW(AB2)/10000 -> 1.0002 | AE10: =SMALL($AD$9:$AD$20, ROW(AB2)) -> 1.0002 | AF10: =INDEX($AB$9:$AB$20,MATCH(AE10,$AD$9:$AD$20,0)) -> 🐻고정비 | AG10: =INDEX($AC$9:$AC$20,MATCH(AE10,$AD$9:$AD$20,0)) -> 0
C11: 항목 | D11: 금액 | R11: =R9 + 7 -> 45354 | S11: =S9 + 7 -> 45355 | T11: =T9 + 7 -> 45356 | U11: =U9 + 7 -> 45357 | V11: =V9 + 7 -> 45358 | W11: =W9 + 7 -> 45359 | X11: =X9 + 7 -> 45360 | AB11: =$H$41 -> 🍪생필품 | AC11: =$K$47 -> 0 | AD11: =_xlfn.RANK.EQ(AC11,$AB$9:$AC$20,0) + ROW(AB3)/10000 -> 1.0003 | AE11: =SMALL($AD$9:$AD$20, ROW(AB3)) -> 1.0003 | AF11: =INDEX($AB$9:$AB$20,MATCH(AE11,$AD$9:$AD$20,0)) -> 🍪생필품 | AG11: =INDEX($AC$9:$AC$20,MATCH(AE11,$AD$9:$AD$20,0)) -> 0
C12: 총수입 | D12: =F33 -> 0 | R12: =SUMIFS($K$62:$K$500,$H$62:$H$500,R11,$I$62:$I$500,"<>수입",$I$62:$I$500,"<>저축") -> 0 | S12: =SUMIFS($K$62:$K$500,$H$62:$H$500,S11,$I$62:$I$500,"<>수입",$I$62:$I$500,"<>저축") -> 0 | T12: =SUMIFS($K$62:$K$500,$H$62:$H$500,T11,$I$62:$I$500,"<>수입",$I$62:$I$500,"<>저축") -> 0 | U12: =SUMIFS($K$62:$K$500,$H$62:$H$500,U11,$I$62:$I$500,"<>수입",$I$62:$I$500,"<>저축") -> 0 | V12: =SUMIFS($K$62:$K$500,$H$62:$H$500,V11,$I$62:$I$500,"<>수입",$I$62:$I$500,"<>저축") -> 0 | W12: =SUMIFS($K$62:$K$500,$H$62:$H$500,W11,$I$62:$I$500,"<>수입",$I$62:$I$500,"<>저축") -> 0 | X12: =SUMIFS($K$62:$K$500,$H$62:$H$500,X11,$I$62:$I$500,"<>수입",$I$62:$I$500,"<>저축") -> 0 | Y12: =SUM(R12:X12) -> 0 | AB12: =$H$49 -> 🐻생필품 | AC12: =$K$55 -> 0 | AD12: =_xlfn.RANK.EQ(AC12,$AB$9:$AC$20,0) + ROW(AB4)/10000 -> 1.0004 | AE12: =SMALL($AD$9:$AD$20, ROW(AB4)) -> 1.0004 | AF12: =INDEX($AB$9:$AB$20,MATCH(AE12,$AD$9:$AD$20,0)) -> 🐻생필품 | AG12: =INDEX($AC$9:$AC$20,MATCH(AE12,$AD$9:$AD$20,0)) -> 0
E13: 결제수단 | F13: 금액 | R13: =R11+7 -> 45361 | S13: =S11+7 -> 45362 | T13: =T11+7 -> 45363 | U13: =U11+7 -> 45364 | V13: =V11+7 -> 45365 | W13: =W11+7 -> 45366 | X13: =X11+7 -> 45367 | AB13: =$M$25 -> 🍪식비 | AC13: =$P$31 -> 0 | AD13: =_xlfn.RANK.EQ(AC13,$AB$9:$AC$20,0) + ROW(AB5)/10000 -> 1.0005 | AE13: =SMALL($AD$9:$AD$20, ROW(AB5)) -> 1.0005 | AF13: =INDEX($AB$9:$AB$20,MATCH(AE13,$AD$9:$AD$20,0)) -> 🍪식비 | AG13: =INDEX($AC$9:$AC$20,MATCH(AE13,$AD$9:$AD$20,0)) -> 0
C14: 총지출 | D14: =SUM($K$31+$K$39+$K$47+$K$55+$P$31+$P$39+$P$47+$P$55+X31+X39+X47+X55) -> 0 | E14: 체크카드 | F14: =SUMIFS($K$62:$K$500,$L$62:$L$500,E14,$I$62:$I$500,"<>수입",$I$62:$I$500,"<>저축") -> 0 | R14: =SUMIFS($K$62:$K$500,$H$62:$H$500,R13,$I$62:$I$500,"<>수입",$I$62:$I$500,"<>저축") -> 0 | S14: =SUMIFS($K$62:$K$500,$H$62:$H$500,S13,$I$62:$I$500,"<>수입",$I$62:$I$500,"<>저축") -> 0 | T14: =SUMIFS($K$62:$K$500,$H$62:$H$500,T13,$I$62:$I$500,"<>수입",$I$62:$I$500,"<>저축") -> 0 | U14: =SUMIFS($K$62:$K$500,$H$62:$H$500,U13,$I$62:$I$500,"<>수입",$I$62:$I$500,"<>저축") -> 0 | V14: =SUMIFS($K$62:$K$500,$H$62:$H$500,V13,$I$62:$I$500,"<>수입",$I$62:$I$500,"<>저축") -> 0 | W14: =SUMIFS($K$62:$K$500,$H$62:$H$500,W13,$I$62:$I$500,"<>수입",$I$62:$I$500,"<>저축") -> 0 | X14: =SUMIFS($K$62:$K$500,$H$62:$H$500,X13,$I$62:$I$500,"<>수입",$I$62:$I$500,"<>저축") -> 0 | Y14: =SUM(R14:X14) -> 0 | AB14: =$M$33 -> 🐻식비 | AC14: =$P$39 -> 0 | AD14: =_xlfn.RANK.EQ(AC14,$AB$9:$AC$20,0) + ROW(AB6)/10000 -> 1.0006 | AE14: =SMALL($AD$9:$AD$20, ROW(AB6)) -> 1.0006 | AF14: =INDEX($AB$9:$AB$20,MATCH(AE14,$AD$9:$AD$20,0)) -> 🐻식비 | AG14: =INDEX($AC$9:$AC$20,MATCH(AE14,$AD$9:$AD$20,0)) -> 0
E15: 현금/이체 | F15: =SUMIFS($K$62:$K$500,$L$62:$L$500,E15,$I$62:$I$500,"<>수입",$I$62:$I$500,"<>저축") -> 0 | R15: =R13+7 -> 45368 | S15: =S13+7 -> 45369 | T15: =T13+7 -> 45370 | U15: =U13+7 -> 45371 | V15: =V13+7 -> 45372 | W15: =W13+7 -> 45373 | X15: =X13+7 -> 45374 | AB15: =$M$41 -> 🍪여가비 | AC15: =$P$47 -> 0 | AD15: =_xlfn.RANK.EQ(AC15,$AB$9:$AC$20,0) + ROW(AB7)/10000 -> 1.0007 | AE15: =SMALL($AD$9:$AD$20, ROW(AB7)) -> 1.0007 | AF15: =INDEX($AB$9:$AB$20,MATCH(AE15,$AD$9:$AD$20,0)) -> 🍪여가비 | AG15: =INDEX($AC$9:$AC$20,MATCH(AE15,$AD$9:$AD$20,0)) -> 0
C16: 총저축 | D16: =F43 -> 0 | E16: 현대카드 | F16: =SUMIFS($K$62:$K$500,$L$62:$L$500,E16,$I$62:$I$500,"<>수입",$I$62:$I$500,"<>저축") -> 0 | H16: 이벤트 | R16: =SUMIFS($K$62:$K$500,$H$62:$H$500,R15,$I$62:$I$500,"<>수입",$I$62:$I$500,"<>저축") -> 0 | S16: =SUMIFS($K$62:$K$500,$H$62:$H$500,S15,$I$62:$I$500,"<>수입",$I$62:$I$500,"<>저축") -> 0 | T16: =SUMIFS($K$62:$K$500,$H$62:$H$500,T15,$I$62:$I$500,"<>수입",$I$62:$I$500,"<>저축") -> 0 | U16: =SUMIFS($K$62:$K$500,$H$62:$H$500,U15,$I$62:$I$500,"<>수입",$I$62:$I$500,"<>저축") -> 0 | V16: =SUMIFS($K$62:$K$500,$H$62:$H$500,V15,$I$62:$I$500,"<>수입",$I$62:$I$500,"<>저축") -> 0 | W16: =SUMIFS($K$62:$K$500,$H$62:$H$500,W15,$I$62:$I$500,"<>수입",$I$62:$I$500,"<>저축") -> 0 | X16: =SUMIFS($K$62:$K$500,$H$62:$H$500,X15,$I$62:$I$500,"<>수입",$I$62:$I$500,"<>저축") -> 0 | Y16: =SUM(R16:X16) -> 0 | AB16: =$M$49 -> 🐻여가비 | AC16: =$P$55 -> 0 | AD16: =_xlfn.RANK.EQ(AC16,$AB$9:$AC$20,0) + ROW(AB8)/10000 -> 1.0008 | AE16: =SMALL($AD$9:$AD$20, ROW(AB8)) -> 1.0008 | AF16: =INDEX($AB$9:$AB$20,MATCH(AE16,$AD$9:$AD$20,0)) -> 🐻여가비 | AG16: =INDEX($AC$9:$AC$20,MATCH(AE16,$AD$9:$AD$20,0)) -> 0
E17: 국민카드 | F17: =SUMIFS($K$62:$K$500,$L$62:$L$500,E17,$I$62:$I$500,"<>수입",$I$62:$I$500,"<>저축") -> 0 | R17: =R15+7 -> 45375 | S17: =S15+7 -> 45376 | T17: =T15+7 -> 45377 | U17: =U15+7 -> 45378 | V17: =V15+7 -> 45379 | W17: =W15+7 -> 45380 | X17: =X15+7 -> 45381 | AB17: =$R$25 -> 🍪기타 | AC17: =$X$31 -> 0 | AD17: =_xlfn.RANK.EQ(AC17,$AB$9:$AC$20,0) + ROW(AB9)/10000 -> 1.0009 | AE17: =SMALL($AD$9:$AD$20, ROW(AB9)) -> 1.0009 | AF17: =INDEX($AB$9:$AB$20,MATCH(AE17,$AD$9:$AD$20,0)) -> 🍪기타 | AG17: =INDEX($AC$9:$AC$20,MATCH(AE17,$AD$9:$AD$20,0)) -> 0
C18: 잉여현금 | D18: =D12-D14-D16 -> 0 | E18: 현백카드 | F18: =SUMIFS($K$62:$K$500,$L$62:$L$500,E18,$I$62:$I$500,"<>수입",$I$62:$I$500,"<>저축") -> 0 | R18: =SUMIFS($K$62:$K$500,$H$62:$H$500,R17,$I$62:$I$500,"<>수입",$I$62:$I$500,"<>저축") -> 0 | S18: =SUMIFS($K$62:$K$500,$H$62:$H$500,S17,$I$62:$I$500,"<>수입",$I$62:$I$500,"<>저축") -> 0 | T18: =SUMIFS($K$62:$K$500,$H$62:$H$500,T17,$I$62:$I$500,"<>수입",$I$62:$I$500,"<>저축") -> 0 | U18: =SUMIFS($K$62:$K$500,$H$62:$H$500,U17,$I$62:$I$500,"<>수입",$I$62:$I$500,"<>저축") -> 0 | V18: =SUMIFS($K$62:$K$500,$H$62:$H$500,V17,$I$62:$I$500,"<>수입",$I$62:$I$500,"<>저축") -> 0 | W18: =SUMIFS($K$62:$K$500,$H$62:$H$500,W17,$I$62:$I$500,"<>수입",$I$62:$I$500,"<>저축") -> 0 | X18: =SUMIFS($K$62:$K$500,$H$62:$H$500,X17,$I$62:$I$500,"<>수입",$I$62:$I$500,"<>저축") -> 0 | Y18: =SUM(R18:X18) -> 0 | AB18: =$R$33 -> 🐻기타 | AC18: =$X$39 -> 0 | AD18: =_xlfn.RANK.EQ(AC18,$AB$9:$AC$20,0) + ROW(AB10)/10000 -> 1.001 | AE18: =SMALL($AD$9:$AD$20, ROW(AB10)) -> 1.001 | AF18: =INDEX($AB$9:$AB$20,MATCH(AE18,$AD$9:$AD$20,0)) -> 🐻기타 | AG18: =INDEX($AC$9:$AC$20,MATCH(AE18,$AD$9:$AD$20,0)) -> 0
C19: 총저축률 | D19: =(D16+D18)/D12 -> #DIV/0! | E19: 하나카드 | F19: =SUMIFS($K$62:$K$500,$L$62:$L$500,E19,$I$62:$I$500,"<>수입",$I$62:$I$500,"<>저축") -> 0 | R19: =R17+7 -> 45382 | S19: =S17+7 -> 45383 | T19: =T17+7 -> 45384 | U19: =U17+7 -> 45385 | V19: =V17+7 -> 45386 | W19: =W17+7 -> 45387 | X19: =X17+7 -> 45388 | AB19: =$R$41 -> 🍪이벤트성 | AC19: =$X$47 -> 0 | AD19: =_xlfn.RANK.EQ(AC19,$AB$9:$AC$20,0) + ROW(AB11)/10000 -> 1.0011 | AE19: =SMALL($AD$9:$AD$20, ROW(AB11)) -> 1.0011 | AF19: =INDEX($AB$9:$AB$20,MATCH(AE19,$AD$9:$AD$20,0)) -> 🍪이벤트성 | AG19: =INDEX($AC$9:$AC$20,MATCH(AE19,$AD$9:$AD$20,0)) -> 0
C20: 현금저축률 | D20: =D18/D12 -> #DIV/0! | E20: 총지출 | F20: =SUM($F$14:$F$19) -> 0 | R20: =SUMIFS($K$62:$K$500,$H$62:$H$500,R19,$I$62:$I$500,"<>수입",$I$62:$I$500,"<>저축") -> 0 | S20: =SUMIFS($K$62:$K$500,$H$62:$H$500,S19,$I$62:$I$500,"<>수입",$I$62:$I$500,"<>저축") -> 0 | T20: =SUMIFS($K$62:$K$500,$H$62:$H$500,T19,$I$62:$I$500,"<>수입",$I$62:$I$500,"<>저축") -> 0 | U20: =SUMIFS($K$62:$K$500,$H$62:$H$500,U19,$I$62:$I$500,"<>수입",$I$62:$I$500,"<>저축") -> 0 | V20: =SUMIFS($K$62:$K$500,$H$62:$H$500,V19,$I$62:$I$500,"<>수입",$I$62:$I$500,"<>저축") -> 0 | W20: =SUMIFS($K$62:$K$500,$H$62:$H$500,W19,$I$62:$I$500,"<>수입",$I$62:$I$500,"<>저축") -> 0 | X20: =SUMIFS($K$62:$K$500,$H$62:$H$500,X19,$I$62:$I$500,"<>수입",$I$62:$I$500,"<>저축") -> 0 | Y20: =SUM(R20:X20) -> 0 | AB20: =$R$49 -> 🐻 이벤트성 | AC20: =$X$55 -> 0 | AD20: =_xlfn.RANK.EQ(AC20,$AB$9:$AC$20,0) + ROW(AB12)/10000 -> 1.0012 | AE20: =SMALL($AD$9:$AD$20, ROW(AB12)) -> 1.0012 | AF20: =INDEX($AB$9:$AB$20,MATCH(AE20,$AD$9:$AD$20,0)) -> 🐻 이벤트성 | AG20: =INDEX($AC$9:$AC$20,MATCH(AE20,$AD$9:$AD$20,0)) -> 0
C24: 대분류 | D24: 소분류 | E24: 목표 | F24: 합계 | H24: 대분류 | I24: 소분류 | J24: 예산 | K24: 합계 | M24: 대분류 | N24: 소분류 | O24: 예산 | P24: 합계 | R24: 대분류 | T24: 소분류 | V24: 예산 | X24: 합계
C25: 수입 | D25: 🍪 월급 | F25: =SUMIFS($K$62:$K$500,$I$62:$I$500,$C$25,$J$62:$J$500,D25) -> 0 | H25: 🍪고정비 | I25: 관리비 | K25: =SUMIFS($K$62:$K$500,$I$62:$I$500,$H$25,$J$62:$J$500,I25) -> 0 | M25: 🍪식비 | N25: 식재료비 | P25: =SUMIFS($K$62:$K$500,$I$62:$I$500,$M$25,$J$62:$J$500,N25) -> 0 | R25: 🍪기타 | T25: 약국 | X25: =SUMIFS($K$62:$K$500,$I$62:$I$500,$R$25,$J$62:$J$500,T25) -> 0
D26: 🍪 부수입 | F26: =SUMIFS($K$62:$K$500,$I$62:$I$500,$C$25,$J$62:$J$500,D26) -> 0 | I26: 월세 | K26: =SUMIFS($K$62:$K$500,$I$62:$I$500,$H$25,$J$62:$J$500,I26) -> 0 | N26: 회사점심 | P26: =SUMIFS($K$62:$K$500,$I$62:$I$500,$M$25,$J$62:$J$500,N26) -> 0 | T26: 병원비 | X26: =SUMIFS($K$62:$K$500,$I$62:$I$500,$R$25,$J$62:$J$500,T26) -> 0
D27: 🐻 월급 | F27: =SUMIFS($K$62:$K$500,$I$62:$I$500,$C$25,$J$62:$J$500,D27) -> 0 | I27: 대출이자 | K27: =SUMIFS($K$62:$K$500,$I$62:$I$500,$H$25,$J$62:$J$500,I27) -> 0 | N27: 간식/카페 | P27: =SUMIFS($K$62:$K$500,$I$62:$I$500,$M$25,$J$62:$J$500,N27) -> 0 | T27: 영양제 | X27: =SUMIFS($K$62:$K$500,$I$62:$I$500,$R$25,$J$62:$J$500,T27) -> 0
D28: 🐻 부수입 | F28: =SUMIFS($K$62:$K$500,$I$62:$I$500,$C$25,$J$62:$J$500,D28) -> 0 | I28: 통신비 | K28: =SUMIFS($K$62:$K$500,$I$62:$I$500,$H$25,$J$62:$J$500,I28) -> 0 | N28: 외식/배달 | P28: =SUMIFS($K$62:$K$500,$I$62:$I$500,$M$25,$J$62:$J$500,N28) -> 0 | T28: 교통비 | X28: =SUMIFS($K$62:$K$500,$I$62:$I$500,$R$25,$J$62:$J$500,T28) -> 0
D29: 기타 | F29: =SUMIFS($K$62:$K$500,$I$62:$I$500,$C$25,$J$62:$J$500,D29) -> 0 | I29: 보험료 | K29: =SUMIFS($K$62:$K$500,$I$62:$I$500,$H$25,$J$62:$J$500,I29) -> 0 | N29: 기타 | P29: =SUMIFS($K$62:$K$500,$I$62:$I$500,$M$25,$J$62:$J$500,N29) -> 0 | T29: 주유비 | X29: =SUMIFS($K$62:$K$500,$I$62:$I$500,$R$25,$J$62:$J$500,T29) -> 0
F30: =SUMIFS($K$62:$K$500,$I$62:$I$500,$C$25,$J$62:$J$500,D30) -> 0 | I30: 곗돈 | K30: =SUMIFS($K$62:$K$500,$I$62:$I$500,$H$25,$J$62:$J$500,I30) -> 0 | P30: =SUMIFS($K$62:$K$500,$I$62:$I$500,$M$25,$J$62:$J$500,N30) -> 0 | T30: 기타 | X30: =SUMIFS($K$62:$K$500,$I$62:$I$500,$R$25,$J$62:$J$500,T30) -> 0
F31: =SUMIFS($K$62:$K$500,$I$62:$I$500,$C$25,$J$62:$J$500,D31) -> 0 | H31: =IF(H25=0,"","총"&H25) -> 총🍪고정비 | K31: =SUM(K25:K30) -> 0 | M31: =IF(M25=0,"","총"&M25) -> 총🍪식비 | P31: =SUM(P25:P30) -> 0 | R31: =IF(R25=0,"","총"&R25) -> 총🍪기타 | X31: =SUM(X25:X30) -> 0
F32: =SUMIFS($K$62:$K$500,$I$62:$I$500,$C$25,$J$62:$J$500,D32) -> 0 | K32: =K31-J25 -> 0 | P32: =P31-O25 -> 0 | X32: =X31-V25 -> 0
C33: =IF(C25=0,"","총"&C25) -> 총수입 | F33: =SUM(F25:F32) -> 0 | H33: 🐻고정비 | I33: 관리비 | K33: =SUMIFS($K$62:$K$500,$I$62:$I$500,$H$33,$J$62:$J$500,I33) -> 0 | M33: 🐻식비 | N33: 식재료비 | P33: =SUMIFS($K$62:$K$500,$I$62:$I$500,$M$33,$J$62:$J$500,N33) -> 0 | R33: 🐻기타 | T33: 약국 | X33: =SUMIFS($K$62:$K$500,$I$62:$I$500,$R$33,$J$62:$J$500,T33) -> 0
F34: =F33-E25 -> 0 | I34: 대출이자 | K34: =SUMIFS($K$62:$K$500,$I$62:$I$500,$H$33,$J$62:$J$500,I34) -> 0 | N34: 회사점심 | P34: =SUMIFS($K$62:$K$500,$I$62:$I$500,$M$33,$J$62:$J$500,N34) -> 0 | T34: 병원비 | X34: =SUMIFS($K$62:$K$500,$I$62:$I$500,$R$33,$J$62:$J$500,T34) -> 0
C35: 저축 | D35: 주택청약 | F35: =SUMIFS($K$62:$K$500,$I$62:$I$500,$C$35,$J$62:$J$500,D35) -> 0 | I35: 통신비 | K35: =SUMIFS($K$62:$K$500,$I$62:$I$500,$H$33,$J$62:$J$500,I35) -> 0 | N35: 간식/카페 | P35: =SUMIFS($K$62:$K$500,$I$62:$I$500,$M$33,$J$62:$J$500,N35) -> 0 | T35: 영양제 | X35: =SUMIFS($K$62:$K$500,$I$62:$I$500,$R$33,$J$62:$J$500,T35) -> 0
D36: 우리은행 | F36: =SUMIFS($K$62:$K$500,$I$62:$I$500,$C$35,$J$62:$J$500,D36) -> 0 | I36: 보험료 | K36: =SUMIFS($K$62:$K$500,$I$62:$I$500,$H$33,$J$62:$J$500,I36) -> 0 | N36: 외식/배달 | P36: =SUMIFS($K$62:$K$500,$I$62:$I$500,$M$33,$J$62:$J$500,N36) -> 0 | T36: 교통비 | X36: =SUMIFS($K$62:$K$500,$I$62:$I$500,$R$33,$J$62:$J$500,T36) -> 0
D37: 케이뱅크 | F37: =SUMIFS($K$62:$K$500,$I$62:$I$500,$C$35,$J$62:$J$500,D37) -> 0 | I37: 곗돈 | K37: =SUMIFS($K$62:$K$500,$I$62:$I$500,$H$33,$J$62:$J$500,I37) -> 0 | N37: 기타 | P37: =SUMIFS($K$62:$K$500,$I$62:$I$500,$M$33,$J$62:$J$500,N37) -> 0 | T37: 주유비 | X37: =SUMIFS($K$62:$K$500,$I$62:$I$500,$R$33,$J$62:$J$500,T37) -> 0
D38: 연금저축 | F38: =SUMIFS($K$62:$K$500,$I$62:$I$500,$C$35,$J$62:$J$500,D38) -> 0 | K38: =SUMIFS($K$62:$K$500,$I$62:$I$500,$H$33,$J$62:$J$500,I38) -> 0 | P38: =SUMIFS($K$62:$K$500,$I$62:$I$500,$M$33,$J$62:$J$500,N38) -> 0 | T38: 기타 | X38: =SUMIFS($K$62:$K$500,$I$62:$I$500,$R$33,$J$62:$J$500,T38) -> 0
F39: =SUMIFS($K$62:$K$500,$I$62:$I$500,$C$35,$J$62:$J$500,D39) -> 0 | H39: =IF(H33=0,"","총"&H33) -> 총🐻고정비 | K39: =SUM(K33:K38) -> 0 | M39: =IF(M33=0,"","총"&M33) -> 총🐻식비 | P39: =SUM(P33:P38) -> 0 | R39: =IF(R33=0,"","총"&R33) -> 총🐻기타 | X39: =SUM(X33:X38) -> 0
F40: =SUMIFS($K$62:$K$500,$I$62:$I$500,$C$35,$J$62:$J$500,D40) -> 0 | K40: =K39-J33 -> 0 | P40: =P39-O33 -> 0 | X40: =X39-V33 -> 0
F41: =SUMIFS($K$62:$K$500,$I$62:$I$500,$C$35,$J$62:$J$500,D41) -> 0 | H41: 🍪생필품 | I41: 주방/욕실 | K41: =SUMIFS($K$62:$K$500,$I$62:$I$500,$H$41,$J$62:$J$500,I41) -> 0 | M41: 🍪여가비 | N41: 의류/잡화 | P41: =SUMIFS($K$62:$K$500,$I$62:$I$500,$M$41,$J$62:$J$500,N41) -> 0 | R41: 🍪이벤트성 | T41: 축의/부의금 | X41: =SUMIFS($K$62:$K$500,$I$62:$I$500,$R$41,$J$62:$J$500,T41) -> 0
F42: =SUMIFS($K$62:$K$500,$I$62:$I$500,$C$35,$J$62:$J$500,D42) -> 0 | I42: 소모품 | K42: =SUMIFS($K$62:$K$500,$I$62:$I$500,$H$41,$J$62:$J$500,I42) -> 0 | N42: OTT | P42: =SUMIFS($K$62:$K$500,$I$62:$I$500,$M$41,$J$62:$J$500,N42) -> 0 | T42: 생신/생일선물 | X42: =SUMIFS($K$62:$K$500,$I$62:$I$500,$R$41,$J$62:$J$500,T42) -> 0
C43: =IF(C35=0,"","총"&C35) -> 총저축 | F43: =SUM(F35:F42) -> 0 | I43: 기타 | K43: =SUMIFS($K$62:$K$500,$I$62:$I$500,$H$41,$J$62:$J$500,I43) -> 0 | N43: 문화생활 | P43: =SUMIFS($K$62:$K$500,$I$62:$I$500,$M$41,$J$62:$J$500,N43) -> 0 | T43: 명절/어버이날 | X43: =SUMIFS($K$62:$K$500,$I$62:$I$500,$R$41,$J$62:$J$500,T43) -> 0
F44: =F43-E35 -> 0 | K44: =SUMIFS($K$62:$K$500,$I$62:$I$500,$H$41,$J$62:$J$500,I44) -> 0 | N44: 자기계발 | P44: =SUMIFS($K$62:$K$500,$I$62:$I$500,$M$41,$J$62:$J$500,N44) -> 0 | T44: 여행 | X44: =SUMIFS($K$62:$K$500,$I$62:$I$500,$R$41,$J$62:$J$500,T44) -> 0
K45: =SUMIFS($K$62:$K$500,$I$62:$I$500,$H$41,$J$62:$J$500,I45) -> 0 | N45: 미용 | P45: =SUMIFS($K$62:$K$500,$I$62:$I$500,$M$41,$J$62:$J$500,N45) -> 0 | T45: 기타 | X45: =SUMIFS($K$62:$K$500,$I$62:$I$500,$R$41,$J$62:$J$500,T45) -> 0
K46: =SUMIFS($K$62:$K$500,$I$62:$I$500,$H$41,$J$62:$J$500,I46) -> 0 | N46: 기타 | P46: =SUMIFS($K$62:$K$500,$I$62:$I$500,$M$41,$J$62:$J$500,N46) -> 0 | X46: =SUMIFS($K$62:$K$500,$I$62:$I$500,$R$41,$J$62:$J$500,T46) -> 0
H47: =IF(H41=0,"","총"&H41) -> 총🍪생필품 | K47: =SUM(K41:K46) -> 0 | M47: =IF(M41=0,"","총"&M41) -> 총🍪여가비 | P47: =SUM(P41:P46) -> 0 | R47: =IF(R41=0,"","총"&R41) -> 총🍪이벤트성 | X47: =SUM(X41:X46) -> 0
K48: =K47-J41 -> 0 | P48: =P47-O41 -> 0 | X48: =X47-V41 -> 0
H49: 🐻생필품 | I49: 주방/욕실 | K49: =SUMIFS($K$62:$K$500,$I$62:$I$500,$H$49,$J$62:$J$500,I49) -> 0 | M49: 🐻여가비 | N49: 의류/잡화 | P49: =SUMIFS($K$62:$K$500,$I$62:$I$500,$M$49,$J$62:$J$500,N49) -> 0 | R49: 🐻 이벤트성 | T49: 축의/부의금 | X49: =SUMIFS($K$62:$K$500,$I$62:$I$500,$R$49,$J$62:$J$500,T49) -> 0
I50: 소모품 | K50: =SUMIFS($K$62:$K$500,$I$62:$I$500,$H$49,$J$62:$J$500,I50) -> 0 | N50: OTT | P50: =SUMIFS($K$62:$K$500,$I$62:$I$500,$M$49,$J$62:$J$500,N50) -> 0 | T50: 생신/생일선물 | X50: =SUMIFS($K$62:$K$500,$I$62:$I$500,$R$49,$J$62:$J$500,T50) -> 0
I51: 기타 | K51: =SUMIFS($K$62:$K$500,$I$62:$I$500,$H$49,$J$62:$J$500,I51) -> 0 | N51: 문화생활 | P51: =SUMIFS($K$62:$K$500,$I$62:$I$500,$M$49,$J$62:$J$500,N51) -> 0 | T51: 명절/어버이날 | X51: =SUMIFS($K$62:$K$500,$I$62:$I$500,$R$49,$J$62:$J$500,T51) -> 0
K52: =SUMIFS($K$62:$K$500,$I$62:$I$500,$H$49,$J$62:$J$500,I52) -> 0 | N52: 자기계발 | P52: =SUMIFS($K$62:$K$500,$I$62:$I$500,$M$49,$J$62:$J$500,N52) -> 0 | T52: 여행 | X52: =SUMIFS($K$62:$K$500,$I$62:$I$500,$R$49,$J$62:$J$500,T52) -> 0
K53: =SUMIFS($K$62:$K$500,$I$62:$I$500,$H$49,$J$62:$J$500,I53) -> 0 | N53: 미용 | P53: =SUMIFS($K$62:$K$500,$I$62:$I$500,$M$49,$J$62:$J$500,N53) -> 0 | T53: 기타 | X53: =SUMIFS($K$62:$K$500,$I$62:$I$500,$R$49,$J$62:$J$500,T53) -> 0
K54: =SUMIFS($K$62:$K$500,$I$62:$I$500,$H$49,$J$62:$J$500,I54) -> 0 | N54: 기타 | P54: =SUMIFS($K$62:$K$500,$I$62:$I$500,$M$49,$J$62:$J$500,N54) -> 0 | X54: =SUMIFS($K$62:$K$500,$I$62:$I$500,$R$49,$J$62:$J$500,T54) -> 0
H55: =IF(H49=0,"","총"&H49) -> 총🐻생필품 | K55: =SUM(K49:K54) -> 0 | M55: =IF(M49=0,"","총"&M49) -> 총🐻여가비 | P55: =SUM(P49:P54) -> 0 | R55: =IF(R49=0,"","총"&R49) -> 총🐻 이벤트성 | X55: =SUM(X49:X54) -> 0
K56: =K55-J49 -> 0 | P56: =P55-O49 -> 0 | X56: =X55-V49 -> 0
V60: 지출예산 | X60: =SUM(J49,J41,J33,J25,O25,O33,O41,O49,V49,V41,V33,V25) -> 0
H61: 날짜 | I61: 대분류 | J61: 소분류 | K61: 금액 | L61: 결제수단 | N61: 세부사항 | R61: 비고 | V61: 잔여예산 | X61: =X60-SUM($K$31+$K$39+$K$47+$K$55+$P$31+$P$39+$P$47+$P$55+$X$31+$X$39+$X$47+$X$55) -> 0
AB62: =IFERROR(__xludf.DUMMYFUNCTION("FILTER('설정시트'!$D$7:$K$20,'설정시트'!$C$7:$C$20=I62)"),"#N/A") -> #N/A
AB63: =IFERROR(__xludf.DUMMYFUNCTION("FILTER('설정시트'!$D$7:$K$20,'설정시트'!$C$7:$C$20=I63)"),"#N/A") -> #N/A
AB64: =IFERROR(__xludf.DUMMYFUNCTION("FILTER('설정시트'!$D$7:$K$20,'설정시트'!$C$7:$C$20=I64)"),"#N/A") -> #N/A
AB65: =IFERROR(__xludf.DUMMYFUNCTION("FILTER('설정시트'!$D$7:$K$20,'설정시트'!$C$7:$C$20=I65)"),"#N/A") -> #N/A
AB66: =IFERROR(__xludf.DUMMYFUNCTION("FILTER('설정시트'!$D$7:$K$20,'설정시트'!$C$7:$C$20=I66)"),"#N/A") -> #N/A
AB67: =IFERROR(__xludf.DUMMYFUNCTION("FILTER('설정시트'!$D$7:$K$20,'설정시트'!$C$7:$C$20=I67)"),"#N/A") -> #N/A
AB68: =IFERROR(__xludf.DUMMYFUNCTION("FILTER('설정시트'!$D$7:$K$20,'설정시트'!$C$7:$C$20=I68)"),"#N/A") -> #N/A
AB69: =IFERROR(__xludf.DUMMYFUNCTION("FILTER('설정시트'!$D$7:$K$20,'설정시트'!$C$7:$C$20=I69)"),"#N/A") -> #N/A
AB70: =IFERROR(__xludf.DUMMYFUNCTION("FILTER('설정시트'!$D$7:$K$20,'설정시트'!$C$7:$C$20=I70)"),"#N/A") -> #N/A
AB71: =IFERROR(__xludf.DUMMYFUNCTION("FILTER('설정시트'!$D$7:$K$20,'설정시트'!$C$7:$C$20=I71)"),"#N/A") -> #N/A
AB72: =IFERROR(__xludf.DUMMYFUNCTION("FILTER('설정시트'!$D$7:$K$20,'설정시트'!$C$7:$C$20=I72)"),"#N/A") -> #N/A
AB73: =IFERROR(__xludf.DUMMYFUNCTION("FILTER('설정시트'!$D$7:$K$20,'설정시트'!$C$7:$C$20=I73)"),"#N/A") -> #N/A
AB74: =IFERROR(__xludf.DUMMYFUNCTION("FILTER('설정시트'!$D$7:$K$20,'설정시트'!$C$7:$C$20=I74)"),"#N/A") -> #N/A
AB75: =IFERROR(__xludf.DUMMYFUNCTION("FILTER('설정시트'!$D$7:$K$20,'설정시트'!$C$7:$C$20=I75)"),"#N/A") -> #N/A
AB76: =IFERROR(__xludf.DUMMYFUNCTION("FILTER('설정시트'!$D$7:$K$20,'설정시트'!$C$7:$C$20=I76)"),"#N/A") -> #N/A
AB77: =IFERROR(__xludf.DUMMYFUNCTION("FILTER('설정시트'!$D$7:$K$20,'설정시트'!$C$7:$C$20=I77)"),"#N/A") -> #N/A
AB78: =IFERROR(__xludf.DUMMYFUNCTION("FILTER('설정시트'!$D$7:$K$20,'설정시트'!$C$7:$C$20=I78)"),"#N/A") -> #N/A
AB79: =IFERROR(__xludf.DUMMYFUNCTION("FILTER('설정시트'!$D$7:$K$20,'설정시트'!$C$7:$C$20=I79)"),"#N/A") -> #N/A
AB80: =IFERROR(__xludf.DUMMYFUNCTION("FILTER('설정시트'!$D$7:$K$20,'설정시트'!$C$7:$C$20=I80)"),"#N/A") -> #N/A
AB81: =IFERROR(__xludf.DUMMYFUNCTION("FILTER('설정시트'!$D$7:$K$20,'설정시트'!$C$7:$C$20=I81)"),"#N/A") -> #N/A
AB82: =IFERROR(__xludf.DUMMYFUNCTION("FILTER('설정시트'!$D$7:$K$20,'설정시트'!$C$7:$C$20=I82)"),"#N/A") -> #N/A
AB83: =IFERROR(__xludf.DUMMYFUNCTION("FILTER('설정시트'!$D$7:$K$20,'설정시트'!$C$7:$C$20=I83)"),"#N/A") -> #N/A
AB84: =IFERROR(__xludf.DUMMYFUNCTION("FILTER('설정시트'!$D$7:$K$20,'설정시트'!$C$7:$C$20=I84)"),"#N/A") -> #N/A
AB85: =IFERROR(__xludf.DUMMYFUNCTION("FILTER('설정시트'!$D$7:$K$20,'설정시트'!$C$7:$C$20=I85)"),"#N/A") -> #N/A
AB86: =IFERROR(__xludf.DUMMYFUNCTION("FILTER('설정시트'!$D$7:$K$20,'설정시트'!$C$7:$C$20=I86)"),"#N/A") -> #N/A
AB87: =IFERROR(__xludf.DUMMYFUNCTION("FILTER('설정시트'!$D$7:$K$20,'설정시트'!$C$7:$C$20=I87)"),"#N/A") -> #N/A
AB88: =IFERROR(__xludf.DUMMYFUNCTION("FILTER('설정시트'!$D$7:$K$20,'설정시트'!$C$7:$C$20=I88)"),"#N/A") -> #N/A
AB89: =IFERROR(__xludf.DUMMYFUNCTION("FILTER('설정시트'!$D$7:$K$20,'설정시트'!$C$7:$C$20=I89)"),"#N/A") -> #N/A
AB90: =IFERROR(__xludf.DUMMYFUNCTION("FILTER('설정시트'!$D$7:$K$20,'설정시트'!$C$7:$C$20=I90)"),"#N/A") -> #N/A
AB91: =IFERROR(__xludf.DUMMYFUNCTION("FILTER('설정시트'!$D$7:$K$20,'설정시트'!$C$7:$C$20=I91)"),"#N/A") -> #N/A
AB92: =IFERROR(__xludf.DUMMYFUNCTION("FILTER('설정시트'!$D$7:$K$20,'설정시트'!$C$7:$C$20=I92)"),"#N/A") -> #N/A
AB93: =IFERROR(__xludf.DUMMYFUNCTION("FILTER('설정시트'!$D$7:$K$20,'설정시트'!$C$7:$C$20=I93)"),"#N/A") -> #N/A
AB94: =IFERROR(__xludf.DUMMYFUNCTION("FILTER('설정시트'!$D$7:$K$20,'설정시트'!$C$7:$C$20=I94)"),"#N/A") -> #N/A
AB95: =IFERROR(__xludf.DUMMYFUNCTION("FILTER('설정시트'!$D$7:$K$20,'설정시트'!$C$7:$C$20=I95)"),"#N/A") -> #N/A
AB96: =IFERROR(__xludf.DUMMYFUNCTION("FILTER('설정시트'!$D$7:$K$20,'설정시트'!$C$7:$C$20=I96)"),"#N/A") -> #N/A
AB97: =IFERROR(__xludf.DUMMYFUNCTION("FILTER('설정시트'!$D$7:$K$20,'설정시트'!$C$7:$C$20=I97)"),"#N/A") -> #N/A
AB98: =IFERROR(__xludf.DUMMYFUNCTION("FILTER('설정시트'!$D$7:$K$20,'설정시트'!$C$7:$C$20=I98)"),"#N/A") -> #N/A
AB99: =IFERROR(__xludf.DUMMYFUNCTION("FILTER('설정시트'!$D$7:$K$20,'설정시트'!$C$7:$C$20=I99)"),"#N/A") -> #N/A
AB100: =IFERROR(__xludf.DUMMYFUNCTION("FILTER('설정시트'!$D$7:$K$20,'설정시트'!$C$7:$C$20=I100)"),"#N/A") -> #N/A
AB101: =IFERROR(__xludf.DUMMYFUNCTION("FILTER('설정시트'!$D$7:$K$20,'설정시트'!$C$7:$C$20=I101)"),"#N/A") -> #N/A
AB102: =IFERROR(__xludf.DUMMYFUNCTION("FILTER('설정시트'!$D$7:$K$20,'설정시트'!$C$7:$C$20=I102)"),"#N/A") -> #N/A
AB103: =IFERROR(__xludf.DUMMYFUNCTION("FILTER('설정시트'!$D$7:$K$20,'설정시트'!$C$7:$C$20=I103)"),"#N/A") -> #N/A
AB104: =IFERROR(__xludf.DUMMYFUNCTION("FILTER('설정시트'!$D$7:$K$20,'설정시트'!$C$7:$C$20=I104)"),"#N/A") -> #N/A
AB105: =IFERROR(__xludf.DUMMYFUNCTION("FILTER('설정시트'!$D$7:$K$20,'설정시트'!$C$7:$C$20=I105)"),"#N/A") -> #N/A
AB106: =IFERROR(__xludf.DUMMYFUNCTION("FILTER('설정시트'!$D$7:$K$20,'설정시트'!$C$7:$C$20=I106)"),"#N/A") -> #N/A
AB107: =IFERROR(__xludf.DUMMYFUNCTION("FILTER('설정시트'!$D$7:$K$20,'설정시트'!$C$7:$C$20=I107)"),"#N/A") -> #N/A
AB108: =IFERROR(__xludf.DUMMYFUNCTION("FILTER('설정시트'!$D$7:$K$20,'설정시트'!$C$7:$C$20=I108)"),"#N/A") -> #N/A
AB109: =IFERROR(__xludf.DUMMYFUNCTION("FILTER('설정시트'!$D$7:$K$20,'설정시트'!$C$7:$C$20=I109)"),"#N/A") -> #N/A
AB110: =IFERROR(__xludf.DUMMYFUNCTION("FILTER('설정시트'!$D$7:$K$20,'설정시트'!$C$7:$C$20=I110)"),"#N/A") -> #N/A
AB111: =IFERROR(__xludf.DUMMYFUNCTION("FILTER('설정시트'!$D$7:$K$20,'설정시트'!$C$7:$C$20=I111)"),"#N/A") -> #N/A
AB112: =IFERROR(__xludf.DUMMYFUNCTION("FILTER('설정시트'!$D$7:$K$20,'설정시트'!$C$7:$C$20=I112)"),"#N/A") -> #N/A
...

Sheet 4월
C3: 2024 | D3: 4
R8: S | S8: M | T8: T | U8: W | V8: T | W8: F | X8: S | Y8: 누적 | AB8: 대분류 | AC8: 합계
R9: =DATE($C$3,$D$3,1)-WEEKDAY(DATE($C$3,$D$3,1))+1 -> 45382 | S9: =R9 + 1 -> 45383 | T9: =S9 + 1 -> 45384 | U9: =T9 + 1 -> 45385 | V9: =U9 + 1 -> 45386 | W9: =V9 + 1 -> 45387 | X9: =W9 + 1 -> 45388 | AB9: =$H$25 -> 🍪고정비 | AC9: =$K$31 -> 0 | AD9: =_xlfn.RANK.EQ(AC9,$AB$9:$AC$20,0) + ROW(AB1)/10000 -> 1.0001 | AE9: =SMALL($AD$9:$AD$20, ROW(AB1)) -> 1.0001 | AF9: =INDEX($AB$9:$AB$20,MATCH(AE9,$AD$9:$AD$20,0)) -> 🍪고정비 | AG9: =INDEX($AC$9:$AC$20,MATCH(AE9,$AD$9:$AD$20,0)) -> 0
R10: =SUMIFS($K$62:$K$500,$H$62:$H$500,R9,$I$62:$I$500,"<>수입",$I$62:$I$500,"<>저축") -> 0 | S10: =SUMIFS($K$62:$K$500,$H$62:$H$500,S9,$I$62:$I$500,"<>수입",$I$62:$I$500,"<>저축") -> 0 | T10: =SUMIFS($K$62:$K$500,$H$62:$H$500,T9,$I$62:$I$500,"<>수입",$I$62:$I$500,"<>저축") -> 0 | U10: =SUMIFS($K$62:$K$500,$H$62:$H$500,U9,$I$62:$I$500,"<>수입",$I$62:$I$500,"<>저축") -> 0 | V10: =SUMIFS($K$62:$K$500,$H$62:$H$500,V9,$I$62:$I$500,"<>수입",$I$62:$I$500,"<>저축") -> 0 | W10: =SUMIFS($K$62:$K$500,$H$62:$H$500,W9,$I$62:$I$500,"<>수입",$I$62:$I$500,"<>저축") -> 0 | X10: =SUMIFS($K$62:$K$500,$H$62:$H$500,X9,$I$62:$I$500,"<>수입",$I$62:$I$500,"<>저축") -> 0 | Y10: =SUM(R10:X10) -> 0 | AB10: =$H$33 -> 🐻고정비 | AC10: =$K$39 -> 0 | AD10: =_xlfn.RANK.EQ(AC10,$AB$9:$AC$20,0) + ROW(AB2)/10000 -> 1.0002 | AE10: =SMALL($AD$9:$AD$20, ROW(AB2)) -> 1.0002 | AF10: =INDEX($AB$9:$AB$20,MATCH(AE10,$AD$9:$AD$20,0)) -> 🐻고정비 | AG10: =INDEX($AC$9:$AC$20,MATCH(AE10,$AD$9:$AD$20,0)) -> 0
C11: 항목 | D11: 금액 | R11: =R9 + 7 -> 45389 | S11: =S9 + 7 -> 45390 | T11: =T9 + 7 -> 45391 | U11: =U9 + 7 -> 45392 | V11: =V9 + 7 -> 45393 | W11: =W9 + 7 -> 45394 | X11: =X9 + 7 -> 45395 | AB11: =$H$41 -> 🍪생필품 | AC11: =$K$47 -> 0 | AD11: =_xlfn.RANK.EQ(AC11,$AB$9:$AC$20,0) + ROW(AB3)/10000 -> 1.0003 | AE11: =SMALL($AD$9:$AD$20, ROW(AB3)) -> 1.0003 | AF11: =INDEX($AB$9:$AB$20,MATCH(AE11,$AD$9:$AD$20,0)) -> 🍪생필품 | AG11: =INDEX($AC$9:$AC$20,MATCH(AE11,$AD$9:$AD$20,0)) -> 0
C12: 총수입 | D12: =F33 -> 0 | R12: =SUMIFS($K$62:$K$500,$H$62:$H$500,R11,$I$62:$I$500,"<>수입",$I$62:$I$500,"<>저축") -> 0 | S12: =SUMIFS($K$62:$K$500,$H$62:$H$500,S11,$I$62:$I$500,"<>수입",$I$62:$I$500,"<>저축") -> 0 | T12: =SUMIFS($K$62:$K$500,$H$62:$H$500,T11,$I$62:$I$500,"<>수입",$I$62:$I$500,"<>저축") -> 0 | U12: =SUMIFS($K$62:$K$500,$H$62:$H$500,U11,$I$62:$I$500,"<>수입",$I$62:$I$500,"<>저축") -> 0 | V12: =SUMIFS($K$62:$K$500,$H$62:$H$500,V11,$I$62:$I$500,"<>수입",$I$62:$I$500,"<>저축") -> 0 | W12: =SUMIFS($K$62:$K$500,$H$62:$H$500,W11,$I$62:$I$500,"<>수입",$I$62:$I$500,"<>저축") -> 0 | X12: =SUMIFS($K$62:$K$500,$H$62:$H$500,X11,$I$62:$I$500,"<>수입",$I$62:$I$500,"<>저축") -> 0 | Y12: =SUM(R12:X12) -> 0 | AB12: =$H$49 -> 🐻생필품 | AC12: =$K$55 -> 0 | AD12: =_xlfn.RANK.EQ(AC12,$AB$9:$AC$20,0) + ROW(AB4)/10000 -> 1.0004 | AE12: =SMALL($AD$9:$AD$20, ROW(AB4)) -> 1.0004 | AF12: =INDEX($AB$9:$AB$20,MATCH(AE12,$AD$9:$AD$20,0)) -> 🐻생필품 | AG12: =INDEX($AC$9:$AC$20,MATCH(AE12,$AD$9:$AD$20,0)) -> 0
E13: 결제수단 | F13: 금액 | R13: =R11+7 -> 45396 | S13: =S11+7 -> 45397 | T13: =T11+7 -> 45398 | U13: =U11+7 -> 45399 | V13: =V11+7 -> 45400 | W13: =W11+7 -> 45401 | X13: =X11+7 -> 45402 | AB13: =$M$25 -> 🍪식비 | AC13: =$P$31 -> 0 | AD13: =_xlfn.RANK.EQ(AC13,$AB$9:$AC$20,0) + ROW(AB5)/10000 -> 1.0005 | AE13: =SMALL($AD$9:$AD$20, ROW(AB5)) -> 1.0005 | AF13: =INDEX($AB$9:$AB$20,MATCH(AE13,$AD$9:$AD$20,0)) -> 🍪식비 | AG13: =INDEX($AC$9:$AC$20,MATCH(AE13,$AD$9:$AD$20,0)) -> 0
C14: 총지출 | D14: =SUM($K$31+$K$39+$K$47+$K$55+$P$31+$P$39+$P$47+$P$55+X31+X39+X47+X55) -> 0 | E14: 체크카드 | F14: =SUMIFS($K$62:$K$500,$L$62:$L$500,E14,$I$62:$I$500,"<>수입",$I$62:$I$500,"<>저축") -> 0 | R14: =SUMIFS($K$62:$K$500,$H$62:$H$500,R13,$I$62:$I$500,"<>수입",$I$62:$I$500,"<>저축") -> 0 | S14: =SUMIFS($K$62:$K$500,$H$62:$H$500,S13,$I$62:$I$500,"<>수입",$I$62:$I$500,"<>저축") -> 0 | T14: =SUMIFS($K$62:$K$500,$H$62:$H$500,T13,$I$62:$I$500,"<>수입",$I$62:$I$500,"<>저축") -> 0 | U14: =SUMIFS($K$62:$K$500,$H$62:$H$500,U13,$I$62:$I$500,"<>수입",$I$62:$I$500,"<>저축") -> 0 | V14: =SUMIFS($K$62:$K$500,$H$62:$H$500,V13,$I$62:$I$500,"<>수입",$I$62:$I$500,"<>저축") -> 0 | W14: =SUMIFS($K$62:$K$500,$H$62:$H$500,W13,$I$62:$I$500,"<>수입",$I$62:$I$500,"<>저축") -> 0 | X14: =SUMIFS($K$62:$K$500,$H$62:$H$500,X13,$I$62:$I$500,"<>수입",$I$62:$I$500,"<>저축") -> 0 | Y14: =SUM(R14:X14) -> 0 | AB14: =$M$33 -> 🐻식비 | AC14: =$P$39 -> 0 | AD14: =_xlfn.RANK.EQ(AC14,$AB$9:$AC$20,0) + ROW(AB6)/10000 -> 1.0006 | AE14: =SMALL($AD$9:$AD$20, ROW(AB6)) -> 1.0006 | AF14: =INDEX($AB$9:$AB$20,MATCH(AE14,$AD$9:$AD$20,0)) -> 🐻식비 | AG14: =INDEX($AC$9:$AC$20,MATCH(AE14,$AD$9:$AD$20,0)) -> 0
E15: 현금/이체 | F15: =SUMIFS($K$62:$K$500,$L$62:$L$500,E15,$I$62:$I$500,"<>수입",$I$62:$I$500,"<>저축") -> 0 | R15: =R13+7 -> 45403 | S15: =S13+7 -> 45404 | T15: =T13+7 -> 45405 | U15: =U13+7 -> 45406 | V15: =V13+7 -> 45407 | W15: =W13+7 -> 45408 | X15: =X13+7 -> 45409 | AB15: =$M$41 -> 🍪여가비 | AC15: =$P$47 -> 0 | AD15: =_xlfn.RANK.EQ(AC15,$AB$9:$AC$20,0) + ROW(AB7)/10000 -> 1.0007 | AE15: =SMALL($AD$9:$AD$20, ROW(AB7)) -> 1.0007 | AF15: =INDEX($AB$9:$AB$20,MATCH(AE15,$AD$9:$AD$20,0)) -> 🍪여가비 | AG15: =INDEX($AC$9:$AC$20,MATCH(AE15,$AD$9:$AD$20,0)) -> 0
C16: 총저축 | D16: =F43 -> 0 | E16: 현대카드 | F16: =SUMIFS($K$62:$K$500,$L$62:$L$500,E16,$I$62:$I$500,"<>수입",$I$62:$I$500,"<>저축") -> 0 | H16: 이벤트 | R16: =SUMIFS($K$62:$K$500,$H$62:$H$500,R15,$I$62:$I$500,"<>수입",$I$62:$I$500,"<>저축") -> 0 | S16: =SUMIFS($K$62:$K$500,$H$62:$H$500,S15,$I$62:$I$500,"<>수입",$I$62:$I$500,"<>저축") -> 0 | T16: =SUMIFS($K$62:$K$500,$H$62:$H$500,T15,$I$62:$I$500,"<>수입",$I$62:$I$500,"<>저축") -> 0 | U16: =SUMIFS($K$62:$K$500,$H$62:$H$500,U15,$I$62:$I$500,"<>수입",$I$62:$I$500,"<>저축") -> 0 | V16: =SUMIFS($K$62:$K$500,$H$62:$H$500,V15,$I$62:$I$500,"<>수입",$I$62:$I$500,"<>저축") -> 0 | W16: =SUMIFS($K$62:$K$500,$H$62:$H$500,W15,$I$62:$I$500,"<>수입",$I$62:$I$500,"<>저축") -> 0 | X16: =SUMIFS($K$62:$K$500,$H$62:$H$500,X15,$I$62:$I$500,"<>수입",$I$62:$I$500,"<>저축") -> 0 | Y16: =SUM(R16:X16) -> 0 | AB16: =$M$49 -> 🐻여가비 | AC16: =$P$55 -> 0 | AD16: =_xlfn.RANK.EQ(AC16,$AB$9:$AC$20,0) + ROW(AB8)/10000 -> 1.0008 | AE16: =SMALL($AD$9:$AD$20, ROW(AB8)) -> 1.0008 | AF16: =INDEX($AB$9:$AB$20,MATCH(AE16,$AD$9:$AD$20,0)) -> 🐻여가비 | AG16: =INDEX($AC$9:$AC$20,MATCH(AE16,$AD$9:$AD$20,0)) -> 0
E17: 국민카드 | F17: =SUMIFS($K$62:$K$500,$L$62:$L$500,E17,$I$62:$I$500,"<>수입",$I$62:$I$500,"<>저축") -> 0 | R17: =R15+7 -> 45410 | S17: =S15+7 -> 45411 | T17: =T15+7 -> 45412 | U17: =U15+7 -> 45413 | V17: =V15+7 -> 45414 | W17: =W15+7 -> 45415 | X17: =X15+7 -> 45416 | AB17: =$R$25 -> 🍪기타 | AC17: =$X$31 -> 0 | AD17: =_xlfn.RANK.EQ(AC17,$AB$9:$AC$20,0) + ROW(AB9)/10000 -> 1.0009 | AE17: =SMALL($AD$9:$AD$20, ROW(AB9)) -> 1.0009 | AF17: =INDEX($AB$9:$AB$20,MATCH(AE17,$AD$9:$AD$20,0)) -> 🍪기타 | AG17: =INDEX($AC$9:$AC$20,MATCH(AE17,$AD$9:$AD$20,0)) -> 0
C18: 잉여현금 | D18: =D12-D14-D16 -> 0 | E18: 현백카드 | F18: =SUMIFS($K$62:$K$500,$L$62:$L$500,E18,$I$62:$I$500,"<>수입",$I$62:$I$500,"<>저축") -> 0 | R18: =SUMIFS($K$62:$K$500,$H$62:$H$500,R17,$I$62:$I$500,"<>수입",$I$62:$I$500,"<>저축") -> 0 | S18: =SUMIFS($K$62:$K$500,$H$62:$H$500,S17,$I$62:$I$500,"<>수입",$I$62:$I$500,"<>저축") -> 0 | T18: =SUMIFS($K$62:$K$500,$H$62:$H$500,T17,$I$62:$I$500,"<>수입",$I$62:$I$500,"<>저축") -> 0 | U18: =SUMIFS($K$62:$K$500,$H$62:$H$500,U17,$I$62:$I$500,"<>수입",$I$62:$I$500,"<>저축") -> 0 | V18: =SUMIFS($K$62:$K$500,$H$62:$H$500,V17,$I$62:$I$500,"<>수입",$I$62:$I$500,"<>저축") -> 0 | W18: =SUMIFS($K$62:$K$500,$H$62:$H$500,W17,$I$62:$I$500,"<>수입",$I$62:$I$500,"<>저축") -> 0 | X18: =SUMIFS($K$62:$K$500,$H$62:$H$500,X17,$I$62:$I$500,"<>수입",$I$62:$I$500,"<>저축") -> 0 | Y18: =SUM(R18:X18) -> 0 | AB18: =$R$33 -> 🐻기타 | AC18: =$X$39 -> 0 | AD18: =_xlfn.RANK.EQ(AC18,$AB$9:$AC$20,0) + ROW(AB10)/10000 -> 1.001 | AE18: =SMALL($AD$9:$AD$20, ROW(AB10)) -> 1.001 | AF18: =INDEX($AB$9:$AB$20,MATCH(AE18,$AD$9:$AD$20,0)) -> 🐻기타 | AG18: =INDEX($AC$9:$AC$20,MATCH(AE18,$AD$9:$AD$20,0)) -> 0
C19: 총저축률 | D19: =(D16+D18)/D12 -> #DIV/0! | E19: 하나카드 | F19: =SUMIFS($K$62:$K$500,$L$62:$L$500,E19,$I$62:$I$500,"<>수입",$I$62:$I$500,"<>저축") -> 0 | R19: =R17+7 -> 45417 | S19: =S17+7 -> 45418 | T19: =T17+7 -> 45419 | U19: =U17+7 -> 45420 | V19: =V17+7 -> 45421 | W19: =W17+7 -> 45422 | X19: =X17+7 -> 45423 | AB19: =$R$41 -> 🍪이벤트성 | AC19: =$X$47 -> 0 | AD19: =_xlfn.RANK.EQ(AC19,$AB$9:$AC$20,0) + ROW(AB11)/10000 -> 1.0011 | AE19: =SMALL($AD$9:$AD$20, ROW(AB11)) -> 1.0011 | AF19: =INDEX($AB$9:$AB$20,MATCH(AE19,$AD$9:$AD$20,0)) -> 🍪이벤트성 | AG19: =INDEX($AC$9:$AC$20,MATCH(AE19,$AD$9:$AD$20,0)) -> 0
C20: 현금저축률 | D20: =D18/D12 -> #DIV/0! | E20: 총지출 | F20: =SUM($F$14:$F$19) -> 0 | R20: =SUMIFS($K$62:$K$500,$H$62:$H$500,R19,$I$62:$I$500,"<>수입",$I$62:$I$500,"<>저축") -> 0 | S20: =SUMIFS($K$62:$K$500,$H$62:$H$500,S19,$I$62:$I$500,"<>수입",$I$62:$I$500,"<>저축") -> 0 | T20: =SUMIFS($K$62:$K$500,$H$62:$H$500,T19,$I$62:$I$500,"<>수입",$I$62:$I$500,"<>저축") -> 0 | U20: =SUMIFS($K$62:$K$500,$H$62:$H$500,U19,$I$62:$I$500,"<>수입",$I$62:$I$500,"<>저축") -> 0 | V20: =SUMIFS($K$62:$K$500,$H$62:$H$500,V19,$I$62:$I$500,"<>수입",$I$62:$I$500,"<>저축") -> 0 | W20: =SUMIFS($K$62:$K$500,$H$62:$H$500,W19,$I$62:$I$500,"<>수입",$I$62:$I$500,"<>저축") -> 0 | X20: =SUMIFS($K$62:$K$500,$H$62:$H$500,X19,$I$62:$I$500,"<>수입",$I$62:$I$500,"<>저축") -> 0 | Y20: =SUM(R20:X20) -> 0 | AB20: =$R$49 -> 🐻 이벤트성 | AC20: =$X$55 -> 0 | AD20: =_xlfn.RANK.EQ(AC20,$AB$9:$AC$20,0) + ROW(AB12)/10000 -> 1.0012 | AE20: =SMALL($AD$9:$AD$20, ROW(AB12)) -> 1.0012 | AF20: =INDEX($AB$9:$AB$20,MATCH(AE20,$AD$9:$AD$20,0)) -> 🐻 이벤트성 | AG20: =INDEX($AC$9:$AC$20,MATCH(AE20,$AD$9:$AD$20,0)) -> 0
C24: 대분류 | D24: 소분류 | E24: 목표 | F24: 합계 | H24: 대분류 | I24: 소분류 | J24: 예산 | K24: 합계 | M24: 대분류 | N24: 소분류 | O24: 예산 | P24: 합계 | R24: 대분류 | T24: 소분류 | V24: 예산 | X24: 합계
C25: 수입 | D25: 🍪 월급 | F25: =SUMIFS($K$62:$K$500,$I$62:$I$500,$C$25,$J$62:$J$500,D25) -> 0 | H25: 🍪고정비 | I25: 관리비 | K25: =SUMIFS($K$62:$K$500,$I$62:$I$500,$H$25,$J$62:$J$500,I25) -> 0 | M25: 🍪식비 | N25: 식재료비 | P25: =SUMIFS($K$62:$K$500,$I$62:$I$500,$M$25,$J$62:$J$500,N25) -> 0 | R25: 🍪기타 | T25: 약국 | X25: =SUMIFS($K$62:$K$500,$I$62:$I$500,$R$25,$J$62:$J$500,T25) -> 0
D26: 🍪 부수입 | F26: =SUMIFS($K$62:$K$500,$I$62:$I$500,$C$25,$J$62:$J$500,D26) -> 0 | I26: 월세 | K26: =SUMIFS($K$62:$K$500,$I$62:$I$500,$H$25,$J$62:$J$500,I26) -> 0 | N26: 회사점심 | P26: =SUMIFS($K$62:$K$500,$I$62:$I$500,$M$25,$J$62:$J$500,N26) -> 0 | T26: 병원비 | X26: =SUMIFS($K$62:$K$500,$I$62:$I$500,$R$25,$J$62:$J$500,T26) -> 0
D27: 🐻 월급 | F27: =SUMIFS($K$62:$K$500,$I$62:$I$500,$C$25,$J$62:$J$500,D27) -> 0 | I27: 대출이자 | K27: =SUMIFS($K$62:$K$500,$I$62:$I$500,$H$25,$J$62:$J$500,I27) -> 0 | N27: 간식/카페 | P27: =SUMIFS($K$62:$K$500,$I$62:$I$500,$M$25,$J$62:$J$500,N27) -> 0 | T27: 영양제 | X27: =SUMIFS($K$62:$K$500,$I$62:$I$500,$R$25,$J$62:$J$500,T27) -> 0
D28: 🐻 부수입 | F28: =SUMIFS($K$62:$K$500,$I$62:$I$500,$C$25,$J$62:$J$500,D28) -> 0 | I28: 통신비 | K28: =SUMIFS($K$62:$K$500,$I$62:$I$500,$H$25,$J$62:$J$500,I28) -> 0 | N28: 외식/배달 | P28: =SUMIFS($K$62:$K$500,$I$62:$I$500,$M$25,$J$62:$J$500,N28) -> 0 | T28: 교통비 | X28: =SUMIFS($K$62:$K$500,$I$62:$I$500,$R$25,$J$62:$J$500,T28) -> 0
D29: 기타 | F29: =SUMIFS($K$62:$K$500,$I$62:$I$500,$C$25,$J$62:$J$500,D29) -> 0 | I29: 보험료 | K29: =SUMIFS($K$62:$K$500,$I$62:$I$500,$H$25,$J$62:$J$500,I29) -> 0 | N29: 기타 | P29: =SUMIFS($K$62:$K$500,$I$62:$I$500,$M$25,$J$62:$J$500,N29) -> 0 | T29: 주유비 | X29: =SUMIFS($K$62:$K$500,$I$62:$I$500,$R$25,$J$62:$J$500,T29) -> 0
F30: =SUMIFS($K$62:$K$500,$I$62:$I$500,$C$25,$J$62:$J$500,D30) -> 0 | I30: 곗돈 | K30: =SUMIFS($K$62:$K$500,$I$62:$I$500,$H$25,$J$62:$J$500,I30) -> 0 | P30: =SUMIFS($K$62:$K$500,$I$62:$I$500,$M$25,$J$62:$J$500,N30) -> 0 | T30: 기타 | X30: =SUMIFS($K$62:$K$500,$I$62:$I$500,$R$25,$J$62:$J$500,T30) -> 0
F31: =SUMIFS($K$62:$K$500,$I$62:$I$500,$C$25,$J$62:$J$500,D31) -> 0 | H31: =IF(H25=0,"","총"&H25) -> 총🍪고정비 | K31: =SUM(K25:K30) -> 0 | M31: =IF(M25=0,"","총"&M25) -> 총🍪식비 | P31: =SUM(P25:P30) -> 0 | R31: =IF(R25=0,"","총"&R25) -> 총🍪기타 | X31: =SUM(X25:X30) -> 0
F32: =SUMIFS($K$62:$K$500,$I$62:$I$500,$C$25,$J$62:$J$500,D32) -> 0 | K32: =K31-J25 -> 0 | P32: =P31-O25 -> 0 | X32: =X31-V25 -> 0
C33: =IF(C25=0,"","총"&C25) -> 총수입 | F33: =SUM(F25:F32) -> 0 | H33: 🐻고정비 | I33: 관리비 | K33: =SUMIFS($K$62:$K$500,$I$62:$I$500,$H$33,$J$62:$J$500,I33) -> 0 | M33: 🐻식비 | N33: 식재료비 | P33: =SUMIFS($K$62:$K$500,$I$62:$I$500,$M$33,$J$62:$J$500,N33) -> 0 | R33: 🐻기타 | T33: 약국 | X33: =SUMIFS($K$62:$K$500,$I$62:$I$500,$R$33,$J$62:$J$500,T33) -> 0
F34: =F33-E25 -> 0 | I34: 대출이자 | K34: =SUMIFS($K$62:$K$500,$I$62:$I$500,$H$33,$J$62:$J$500,I34) -> 0 | N34: 회사점심 | P34: =SUMIFS($K$62:$K$500,$I$62:$I$500,$M$33,$J$62:$J$500,N34) -> 0 | T34: 병원비 | X34: =SUMIFS($K$62:$K$500,$I$62:$I$500,$R$33,$J$62:$J$500,T34) -> 0
C35: 저축 | D35: 주택청약 | F35: =SUMIFS($K$62:$K$500,$I$62:$I$500,$C$35,$J$62:$J$500,D35) -> 0 | I35: 통신비 | K35: =SUMIFS($K$62:$K$500,$I$62:$I$500,$H$33,$J$62:$J$500,I35) -> 0 | N35: 간식/카페 | P35: =SUMIFS($K$62:$K$500,$I$62:$I$500,$M$33,$J$62:$J$500,N35) -> 0 | T35: 영양제 | X35: =SUMIFS($K$62:$K$500,$I$62:$I$500,$R$33,$J$62:$J$500,T35) -> 0
D36: 우리은행 | F36: =SUMIFS($K$62:$K$500,$I$62:$I$500,$C$35,$J$62:$J$500,D36) -> 0 | I36: 보험료 | K36: =SUMIFS($K$62:$K$500,$I$62:$I$500,$H$33,$J$62:$J$500,I36) -> 0 | N36: 외식/배달 | P36: =SUMIFS($K$62:$K$500,$I$62:$I$500,$M$33,$J$62:$J$500,N36) -> 0 | T36: 교통비 | X36: =SUMIFS($K$62:$K$500,$I$62:$I$500,$R$33,$J$62:$J$500,T36) -> 0
D37: 케이뱅크 | F37: =SUMIFS($K$62:$K$500,$I$62:$I$500,$C$35,$J$62:$J$500,D37) -> 0 | I37: 곗돈 | K37: =SUMIFS($K$62:$K$500,$I$62:$I$500,$H$33,$J$62:$J$500,I37) -> 0 | N37: 기타 | P37: =SUMIFS($K$62:$K$500,$I$62:$I$500,$M$33,$J$62:$J$500,N37) -> 0 | T37: 주유비 | X37: =SUMIFS($K$62:$K$500,$I$62:$I$500,$R$33,$J$62:$J$500,T37) -> 0
D38: 연금저축 | F38: =SUMIFS($K$62:$K$500,$I$62:$I$500,$C$35,$J$62:$J$500,D38) -> 0 | K38: =SUMIFS($K$62:$K$500,$I$62:$I$500,$H$33,$J$62:$J$500,I38) -> 0 | P38: =SUMIFS($K$62:$K$500,$I$62:$I$500,$M$33,$J$62:$J$500,N38) -> 0 | T38: 기타 | X38: =SUMIFS($K$62:$K$500,$I$62:$I$500,$R$33,$J$62:$J$500,T38) -> 0
F39: =SUMIFS($K$62:$K$500,$I$62:$I$500,$C$35,$J$62:$J$500,D39) -> 0 | H39: =IF(H33=0,"","총"&H33) -> 총🐻고정비 | K39: =SUM(K33:K38) -> 0 | M39: =IF(M33=0,"","총"&M33) -> 총🐻식비 | P39: =SUM(P33:P38) -> 0 | R39: =IF(R33=0,"","총"&R33) -> 총🐻기타 | X39: =SUM(X33:X38) -> 0
F40: =SUMIFS($K$62:$K$500,$I$62:$I$500,$C$35,$J$62:$J$500,D40) -> 0 | K40: =K39-J33 -> 0 | P40: =P39-O33 -> 0 | X40: =X39-V33 -> 0
F41: =SUMIFS($K$62:$K$500,$I$62:$I$500,$C$35,$J$62:$J$500,D41) -> 0 | H41: 🍪생필품 | I41: 주방/욕실 | K41: =SUMIFS($K$62:$K$500,$I$62:$I$500,$H$41,$J$62:$J$500,I41) -> 0 | M41: 🍪여가비 | N41: 의류/잡화 | P41: =SUMIFS($K$62:$K$500,$I$62:$I$500,$M$41,$J$62:$J$500,N41) -> 0 | R41: 🍪이벤트성 | T41: 축의/부의금 | X41: =SUMIFS($K$62:$K$500,$I$62:$I$500,$R$41,$J$62:$J$500,T41) -> 0
F42: =SUMIFS($K$62:$K$500,$I$62:$I$500,$C$35,$J$62:$J$500,D42) -> 0 | I42: 소모품 | K42: =SUMIFS($K$62:$K$500,$I$62:$I$500,$H$41,$J$62:$J$500,I42) -> 0 | N42: OTT | P42: =SUMIFS($K$62:$K$500,$I$62:$I$500,$M$41,$J$62:$J$500,N42) -> 0 | T42: 생신/생일선물 | X42: =SUMIFS($K$62:$K$500,$I$62:$I$500,$R$41,$J$62:$J$500,T42) -> 0
C43: =IF(C35=0,"","총"&C35) -> 총저축 | F43: =SUM(F35:F42) -> 0 | I43: 기타 | K43: =SUMIFS($K$62:$K$500,$I$62:$I$500,$H$41,$J$62:$J$500,I43) -> 0 | N43: 문화생활 | P43: =SUMIFS($K$62:$K$500,$I$62:$I$500,$M$41,$J$62:$J$500,N43) -> 0 | T43: 명절/어버이날 | X43: =SUMIFS($K$62:$K$500,$I$62:$I$500,$R$41,$J$62:$J$500,T43) -> 0
F44: =F43-E35 -> 0 | K44: =SUMIFS($K$62:$K$500,$I$62:$I$500,$H$41,$J$62:$J$500,I44) -> 0 | N44: 자기계발 | P44: =SUMIFS($K$62:$K$500,$I$62:$I$500,$M$41,$J$62:$J$500,N44) -> 0 | T44: 여행 | X44: =SUMIFS($K$62:$K$500,$I$62:$I$500,$R$41,$J$62:$J$500,T44) -> 0
K45: =SUMIFS($K$62:$K$500,$I$62:$I$500,$H$41,$J$62:$J$500,I45) -> 0 | N45: 미용 | P45: =SUMIFS($K$62:$K$500,$I$62:$I$500,$M$41,$J$62:$J$500,N45) -> 0 | T45: 기타 | X45: =SUMIFS($K$62:$K$500,$I$62:$I$500,$R$41,$J$62:$J$500,T45) -> 0
K46: =SUMIFS($K$62:$K$500,$I$62:$I$500,$H$41,$J$62:$J$500,I46) -> 0 | N46: 기타 | P46: =SUMIFS($K$62:$K$500,$I$62:$I$500,$M$41,$J$62:$J$500,N46) -> 0 | X46: =SUMIFS($K$62:$K$500,$I$62:$I$500,$R$41,$J$62:$J$500,T46) -> 0
H47: =IF(H41=0,"","총"&H41) -> 총🍪생필품 | K47: =SUM(K41:K46) -> 0 | M47: =IF(M41=0,"","총"&M41) -> 총🍪여가비 | P47: =SUM(P41:P46) -> 0 | R47: =IF(R41=0,"","총"&R41) -> 총🍪이벤트성 | X47: =SUM(X41:X46) -> 0
K48: =K47-J41 -> 0 | P48: =P47-O41 -> 0 | X48: =X47-V41 -> 0
H49: 🐻생필품 | I49: 주방/욕실 | K49: =SUMIFS($K$62:$K$500,$I$62:$I$500,$H$49,$J$62:$J$500,I49) -> 0 | M49: 🐻여가비 | N49: 의류/잡화 | P49: =SUMIFS($K$62:$K$500,$I$62:$I$500,$M$49,$J$62:$J$500,N49) -> 0 | R49: 🐻 이벤트성 | T49: 축의/부의금 | X49: =SUMIFS($K$62:$K$500,$I$62:$I$500,$R$49,$J$62:$J$500,T49) -> 0
I50: 소모품 | K50: =SUMIFS($K$62:$K$500,$I$62:$I$500,$H$49,$J$62:$J$500,I50) -> 0 | N50: OTT | P50: =SUMIFS($K$62:$K$500,$I$62:$I$500,$M$49,$J$62:$J$500,N50) -> 0 | T50: 생신/생일선물 | X50: =SUMIFS($K$62:$K$500,$I$62:$I$500,$R$49,$J$62:$J$500,T50) -> 0
I51: 기타 | K51: =SUMIFS($K$62:$K$500,$I$62:$I$500,$H$49,$J$62:$J$500,I51) -> 0 | N51: 문화생활 | P51: =SUMIFS($K$62:$K$500,$I$62:$I$500,$M$49,$J$62:$J$500,N51) -> 0 | T51: 명절/어버이날 | X51: =SUMIFS($K$62:$K$500,$I$62:$I$500,$R$49,$J$62:$J$500,T51) -> 0
K52: =SUMIFS($K$62:$K$500,$I$62:$I$500,$H$49,$J$62:$J$500,I52) -> 0 | N52: 자기계발 | P52: =SUMIFS($K$62:$K$500,$I$62:$I$500,$M$49,$J$62:$J$500,N52) -> 0 | T52: 여행 | X52: =SUMIFS($K$62:$K$500,$I$62:$I$500,$R$49,$J$62:$J$500,T52) -> 0
K53: =SUMIFS($K$62:$K$500,$I$62:$I$500,$H$49,$J$62:$J$500,I53) -> 0 | N53: 미용 | P53: =SUMIFS($K$62:$K$500,$I$62:$I$500,$M$49,$J$62:$J$500,N53) -> 0 | T53: 기타 | X53: =SUMIFS($K$62:$K$500,$I$62:$I$500,$R$49,$J$62:$J$500,T53) -> 0
K54: =SUMIFS($K$62:$K$500,$I$62:$I$500,$H$49,$J$62:$J$500,I54) -> 0 | N54: 기타 | P54: =SUMIFS($K$62:$K$500,$I$62:$I$500,$M$49,$J$62:$J$500,N54) -> 0 | X54: =SUMIFS($K$62:$K$500,$I$62:$I$500,$R$49,$J$62:$J$500,T54) -> 0
H55: =IF(H49=0,"","총"&H49) -> 총🐻생필품 | K55: =SUM(K49:K54) -> 0 | M55: =IF(M49=0,"","총"&M49) -> 총🐻여가비 | P55: =SUM(P49:P54) -> 0 | R55: =IF(R49=0,"","총"&R49) -> 총🐻 이벤트성 | X55: =SUM(X49:X54) -> 0
K56: =K55-J49 -> 0 | P56: =P55-O49 -> 0 | X56: =X55-V49 -> 0
V60: 지출예산 | X60: =SUM(J49,J41,J33,J25,O25,O33,O41,O49,V49,V41,V33,V25) -> 0
H61: 날짜 | I61: 대분류 | J61: 소분류 | K61: 금액 | L61: 결제수단 | N61: 세부사항 | R61: 비고 | V61: 잔여예산 | X61: =X60-SUM($K$31+$K$39+$K$47+$K$55+$P$31+$P$39+$P$47+$P$55+$X$31+$X$39+$X$47+$X$55) -> 0
AB62: =IFERROR(__xludf.DUMMYFUNCTION("FILTER('설정시트'!$D$7:$K$20,'설정시트'!$C$7:$C$20=I62)"),"#N/A") -> #N/A
AB63: =IFERROR(__xludf.DUMMYFUNCTION("FILTER('설정시트'!$D$7:$K$20,'설정시트'!$C$7:$C$20=I63)"),"#N/A") -> #N/A
AB64: =IFERROR(__xludf.DUMMYFUNCTION("FILTER('설정시트'!$D$7:$K$20,'설정시트'!$C$7:$C$20=I64)"),"#N/A") -> #N/A
AB65: =IFERROR(__xludf.DUMMYFUNCTION("FILTER('설정시트'!$D$7:$K$20,'설정시트'!$C$7:$C$20=I65)"),"#N/A") -> #N/A
AB66: =IFERROR(__xludf.DUMMYFUNCTION("FILTER('설정시트'!$D$7:$K$20,'설정시트'!$C$7:$C$20=I66)"),"#N/A") -> #N/A
AB67: =IFERROR(__xludf.DUMMYFUNCTION("FILTER('설정시트'!$D$7:$K$20,'설정시트'!$C$7:$C$20=I67)"),"#N/A") -> #N/A
AB68: =IFERROR(__xludf.DUMMYFUNCTION("FILTER('설정시트'!$D$7:$K$20,'설정시트'!$C$7:$C$20=I68)"),"#N/A") -> #N/A
AB69: =IFERROR(__xludf.DUMMYFUNCTION("FILTER('설정시트'!$D$7:$K$20,'설정시트'!$C$7:$C$20=I69)"),"#N/A") -> #N/A
AB70: =IFERROR(__xludf.DUMMYFUNCTION("FILTER('설정시트'!$D$7:$K$20,'설정시트'!$C$7:$C$20=I70)"),"#N/A") -> #N/A
AB71: =IFERROR(__xludf.DUMMYFUNCTION("FILTER('설정시트'!$D$7:$K$20,'설정시트'!$C$7:$C$20=I71)"),"#N/A") -> #N/A
AB72: =IFERROR(__xludf.DUMMYFUNCTION("FILTER('설정시트'!$D$7:$K$20,'설정시트'!$C$7:$C$20=I72)"),"#N/A") -> #N/A
AB73: =IFERROR(__xludf.DUMMYFUNCTION("FILTER('설정시트'!$D$7:$K$20,'설정시트'!$C$7:$C$20=I73)"),"#N/A") -> #N/A
AB74: =IFERROR(__xludf.DUMMYFUNCTION("FILTER('설정시트'!$D$7:$K$20,'설정시트'!$C$7:$C$20=I74)"),"#N/A") -> #N/A
AB75: =IFERROR(__xludf.DUMMYFUNCTION("FILTER('설정시트'!$D$7:$K$20,'설정시트'!$C$7:$C$20=I75)"),"#N/A") -> #N/A
AB76: =IFERROR(__xludf.DUMMYFUNCTION("FILTER('설정시트'!$D$7:$K$20,'설정시트'!$C$7:$C$20=I76)"),"#N/A") -> #N/A
AB77: =IFERROR(__xludf.DUMMYFUNCTION("FILTER('설정시트'!$D$7:$K$20,'설정시트'!$C$7:$C$20=I77)"),"#N/A") -> #N/A
AB78: =IFERROR(__xludf.DUMMYFUNCTION("FILTER('설정시트'!$D$7:$K$20,'설정시트'!$C$7:$C$20=I78)"),"#N/A") -> #N/A
AB79: =IFERROR(__xludf.DUMMYFUNCTION("FILTER('설정시트'!$D$7:$K$20,'설정시트'!$C$7:$C$20=I79)"),"#N/A") -> #N/A
AB80: =IFERROR(__xludf.DUMMYFUNCTION("FILTER('설정시트'!$D$7:$K$20,'설정시트'!$C$7:$C$20=I80)"),"#N/A") -> #N/A
AB81: =IFERROR(__xludf.DUMMYFUNCTION("FILTER('설정시트'!$D$7:$K$20,'설정시트'!$C$7:$C$20=I81)"),"#N/A") -> #N/A
AB82: =IFERROR(__xludf.DUMMYFUNCTION("FILTER('설정시트'!$D$7:$K$20,'설정시트'!$C$7:$C$20=I82)"),"#N/A") -> #N/A
AB83: =IFERROR(__xludf.DUMMYFUNCTION("FILTER('설정시트'!$D$7:$K$20,'설정시트'!$C$7:$C$20=I83)"),"#N/A") -> #N/A
AB84: =IFERROR(__xludf.DUMMYFUNCTION("FILTER('설정시트'!$D$7:$K$20,'설정시트'!$C$7:$C$20=I84)"),"#N/A") -> #N/A
AB85: =IFERROR(__xludf.DUMMYFUNCTION("FILTER('설정시트'!$D$7:$K$20,'설정시트'!$C$7:$C$20=I85)"),"#N/A") -> #N/A
AB86: =IFERROR(__xludf.DUMMYFUNCTION("FILTER('설정시트'!$D$7:$K$20,'설정시트'!$C$7:$C$20=I86)"),"#N/A") -> #N/A
AB87: =IFERROR(__xludf.DUMMYFUNCTION("FILTER('설정시트'!$D$7:$K$20,'설정시트'!$C$7:$C$20=I87)"),"#N/A") -> #N/A
AB88: =IFERROR(__xludf.DUMMYFUNCTION("FILTER('설정시트'!$D$7:$K$20,'설정시트'!$C$7:$C$20=I88)"),"#N/A") -> #N/A
AB89: =IFERROR(__xludf.DUMMYFUNCTION("FILTER('설정시트'!$D$7:$K$20,'설정시트'!$C$7:$C$20=I89)"),"#N/A") -> #N/A
AB90: =IFERROR(__xludf.DUMMYFUNCTION("FILTER('설정시트'!$D$7:$K$20,'설정시트'!$C$7:$C$20=I90)"),"#N/A") -> #N/A
AB91: =IFERROR(__xludf.DUMMYFUNCTION("FILTER('설정시트'!$D$7:$K$20,'설정시트'!$C$7:$C$20=I91)"),"#N/A") -> #N/A
AB92: =IFERROR(__xludf.DUMMYFUNCTION("FILTER('설정시트'!$D$7:$K$20,'설정시트'!$C$7:$C$20=I92)"),"#N/A") -> #N/A
AB93: =IFERROR(__xludf.DUMMYFUNCTION("FILTER('설정시트'!$D$7:$K$20,'설정시트'!$C$7:$C$20=I93)"),"#N/A") -> #N/A
AB94: =IFERROR(__xludf.DUMMYFUNCTION("FILTER('설정시트'!$D$7:$K$20,'설정시트'!$C$7:$C$20=I94)"),"#N/A") -> #N/A
AB95: =IFERROR(__xludf.DUMMYFUNCTION("FILTER('설정시트'!$D$7:$K$20,'설정시트'!$C$7:$C$20=I95)"),"#N/A") -> #N/A
AB96: =IFERROR(__xludf.DUMMYFUNCTION("FILTER('설정시트'!$D$7:$K$20,'설정시트'!$C$7:$C$20=I96)"),"#N/A") -> #N/A
AB97: =IFERROR(__xludf.DUMMYFUNCTION("FILTER('설정시트'!$D$7:$K$20,'설정시트'!$C$7:$C$20=I97)"),"#N/A") -> #N/A
AB98: =IFERROR(__xludf.DUMMYFUNCTION("FILTER('설정시트'!$D$7:$K$20,'설정시트'!$C$7:$C$20=I98)"),"#N/A") -> #N/A
AB99: =IFERROR(__xludf.DUMMYFUNCTION("FILTER('설정시트'!$D$7:$K$20,'설정시트'!$C$7:$C$20=I99)"),"#N/A") -> #N/A
AB100: =IFERROR(__xludf.DUMMYFUNCTION("FILTER('설정시트'!$D$7:$K$20,'설정시트'!$C$7:$C$20=I100)"),"#N/A") -> #N/A
AB101: =IFERROR(__xludf.DUMMYFUNCTION("FILTER('설정시트'!$D$7:$K$20,'설정시트'!$C$7:$C$20=I101)"),"#N/A") -> #N/A
AB102: =IFERROR(__xludf.DUMMYFUNCTION("FILTER('설정시트'!$D$7:$K$20,'설정시트'!$C$7:$C$20=I102)"),"#N/A") -> #N/A
AB103: =IFERROR(__xludf.DUMMYFUNCTION("FILTER('설정시트'!$D$7:$K$20,'설정시트'!$C$7:$C$20=I103)"),"#N/A") -> #N/A
AB104: =IFERROR(__xludf.DUMMYFUNCTION("FILTER('설정시트'!$D$7:$K$20,'설정시트'!$C$7:$C$20=I104)"),"#N/A") -> #N/A
AB105: =IFERROR(__xludf.DUMMYFUNCTION("FILTER('설정시트'!$D$7:$K$20,'설정시트'!$C$7:$C$20=I105)"),"#N/A") -> #N/A
AB106: =IFERROR(__xludf.DUMMYFUNCTION("FILTER('설정시트'!$D$7:$K$20,'설정시트'!$C$7:$C$20=I106)"),"#N/A") -> #N/A
AB107: =IFERROR(__xludf.DUMMYFUNCTION("FILTER('설정시트'!$D$7:$K$20,'설정시트'!$C$7:$C$20=I107)"),"#N/A") -> #N/A
AB108: =IFERROR(__xludf.DUMMYFUNCTION("FILTER('설정시트'!$D$7:$K$20,'설정시트'!$C$7:$C$20=I108)"),"#N/A") -> #N/A
AB109: =IFERROR(__xludf.DUMMYFUNCTION("FILTER('설정시트'!$D$7:$K$20,'설정시트'!$C$7:$C$20=I109)"),"#N/A") -> #N/A
AB110: =IFERROR(__xludf.DUMMYFUNCTION("FILTER('설정시트'!$D$7:$K$20,'설정시트'!$C$7:$C$20=I110)"),"#N/A") -> #N/A
AB111: =IFERROR(__xludf.DUMMYFUNCTION("FILTER('설정시트'!$D$7:$K$20,'설정시트'!$C$7:$C$20=I111)"),"#N/A") -> #N/A
AB112: =IFERROR(__xludf.DUMMYFUNCTION("FILTER('설정시트'!$D$7:$K$20,'설정시트'!$C$7:$C$20=I112)"),"#N/A") -> #N/A
...

Sheet 5월
C3: 2024 | D3: 5
R8: S | S8: M | T8: T | U8: W | V8: T | W8: F | X8: S | Y8: 누적 | AB8: 대분류 | AC8: 합계
R9: =DATE($C$3,$D$3,1)-WEEKDAY(DATE($C$3,$D$3,1))+1 -> 45410 | S9: =R9 + 1 -> 45411 | T9: =S9 + 1 -> 45412 | U9: =T9 + 1 -> 45413 | V9: =U9 + 1 -> 45414 | W9: =V9 + 1 -> 45415 | X9: =W9 + 1 -> 45416 | AB9: =$H$25 -> 🍪고정비 | AC9: =$K$31 -> 353490 | AD9: =_xlfn.RANK.EQ(AC9,$AB$9:$AC$20,0) + ROW(AB1)/10000 -> 3.0001 | AE9: =SMALL($AD$9:$AD$20, ROW(AB1)) -> 1.0005 | AF9: =INDEX($AB$9:$AB$20,MATCH(AE9,$AD$9:$AD$20,0)) -> 🍪식비 | AG9: =INDEX($AC$9:$AC$20,MATCH(AE9,$AD$9:$AD$20,0)) -> 742854
R10: =SUMIFS($K$62:$K$500,$H$62:$H$500,R9,$I$62:$I$500,"<>수입",$I$62:$I$500,"<>저축") -> 0 | S10: =SUMIFS($K$62:$K$500,$H$62:$H$500,S9,$I$62:$I$500,"<>수입",$I$62:$I$500,"<>저축") -> 0 | T10: =SUMIFS($K$62:$K$500,$H$62:$H$500,T9,$I$62:$I$500,"<>수입",$I$62:$I$500,"<>저축") -> 0 | U10: =SUMIFS($K$62:$K$500,$H$62:$H$500,U9,$I$62:$I$500,"<>수입",$I$62:$I$500,"<>저축") -> 18450 | V10: =SUMIFS($K$62:$K$500,$H$62:$H$500,V9,$I$62:$I$500,"<>수입",$I$62:$I$500,"<>저축") -> 557988 | W10: =SUMIFS($K$62:$K$500,$H$62:$H$500,W9,$I$62:$I$500,"<>수입",$I$62:$I$500,"<>저축") -> 659200 | X10: =SUMIFS($K$62:$K$500,$H$62:$H$500,X9,$I$62:$I$500,"<>수입",$I$62:$I$500,"<>저축") -> 3700 | Y10: =SUM(R10:X10) -> 1239338 | AB10: =$H$33 -> 🐻고정비 | AC10: =$K$39 -> 0 | AD10: =_xlfn.RANK.EQ(AC10,$AB$9:$AC$20,0) + ROW(AB2)/10000 -> 5.0002 | AE10: =SMALL($AD$9:$AD$20, ROW(AB2)) -> 2.0007 | AF10: =INDEX($AB$9:$AB$20,MATCH(AE10,$AD$9:$AD$20,0)) -> 🍪여가비 | AG10: =INDEX($AC$9:$AC$20,MATCH(AE10,$AD$9:$AD$20,0)) -> 659144
C11: 항목 | D11: 금액 | R11: =R9 + 7 -> 45417 | S11: =S9 + 7 -> 45418 | T11: =T9 + 7 -> 45419 | U11: =U9 + 7 -> 45420 | V11: =V9 + 7 -> 45421 | W11: =W9 + 7 -> 45422 | X11: =X9 + 7 -> 45423 | AB11: =$H$41 -> 🍪생필품 | AC11: =$K$47 -> 0 | AD11: =_xlfn.RANK.EQ(AC11,$AB$9:$AC$20,0) + ROW(AB3)/10000 -> 5.0003 | AE11: =SMALL($AD$9:$AD$20, ROW(AB3)) -> 3.0001 | AF11: =INDEX($AB$9:$AB$20,MATCH(AE11,$AD$9:$AD$20,0)) -> 🍪고정비 | AG11: =INDEX($AC$9:$AC$20,MATCH(AE11,$AD$9:$AD$20,0)) -> 353490
C12: 총수입 | D12: =F33 -> 6200000 | R12: =SUMIFS($K$62:$K$500,$H$62:$H$500,R11,$I$62:$I$500,"<>수입",$I$62:$I$500,"<>저축") -> 0 | S12: =SUMIFS($K$62:$K$500,$H$62:$H$500,S11,$I$62:$I$500,"<>수입",$I$62:$I$500,"<>저축") -> 23000 | T12: =SUMIFS($K$62:$K$500,$H$62:$H$500,T11,$I$62:$I$500,"<>수입",$I$62:$I$500,"<>저축") -> 4500 | U12: =SUMIFS($K$62:$K$500,$H$62:$H$500,U11,$I$62:$I$500,"<>수입",$I$62:$I$500,"<>저축") -> 91500 | V12: =SUMIFS($K$62:$K$500,$H$62:$H$500,V11,$I$62:$I$500,"<>수입",$I$62:$I$500,"<>저축") -> 66400 | W12: =SUMIFS($K$62:$K$500,$H$62:$H$500,W11,$I$62:$I$500,"<>수입",$I$62:$I$500,"<>저축") -> 67700 | X12: =SUMIFS($K$62:$K$500,$H$62:$H$500,X11,$I$62:$I$500,"<>수입",$I$62:$I$500,"<>저축") -> 21300 | Y12: =SUM(R12:X12) -> 274400 | AB12: =$H$49 -> 🐻생필품 | AC12: =$K$55 -> 0 | AD12: =_xlfn.RANK.EQ(AC12,$AB$9:$AC$20,0) + ROW(AB4)/10000 -> 5.0004 | AE12: =SMALL($AD$9:$AD$20, ROW(AB4)) -> 4.0009 | AF12: =INDEX($AB$9:$AB$20,MATCH(AE12,$AD$9:$AD$20,0)) -> 🍪기타 | AG12: =INDEX($AC$9:$AC$20,MATCH(AE12,$AD$9:$AD$20,0)) -> 45090
E13: 결제수단 | F13: 금액 | R13: =R11+7 -> 45424 | S13: =S11+7 -> 45425 | T13: =T11+7 -> 45426 | U13: =U11+7 -> 45427 | V13: =V11+7 -> 45428 | W13: =W11+7 -> 45429 | X13: =X11+7 -> 45430 | AB13: =$M$25 -> 🍪식비 | AC13: =$P$31 -> 742854 | AD13: =_xlfn.RANK.EQ(AC13,$AB$9:$AC$20,0) + ROW(AB5)/10000 -> 1.0005 | AE13: =SMALL($AD$9:$AD$20, ROW(AB5)) -> 5.0002 | AF13: =INDEX($AB$9:$AB$20,MATCH(AE13,$AD$9:$AD$20,0)) -> 🐻고정비 | AG13: =INDEX($AC$9:$AC$20,MATCH(AE13,$AD$9:$AD$20,0)) -> 0
C14: 총지출 | D14: =SUM($K$31+$K$39+$K$47+$K$55+$P$31+$P$39+$P$47+$P$55+X31+X39+X47+X55) -> 1800578 | E14: 체크카드 | F14: =SUMIFS($K$62:$K$500,$L$62:$L$500,E14,$I$62:$I$500,"<>수입",$I$62:$I$500,"<>저축") -> 0 | R14: =SUMIFS($K$62:$K$500,$H$62:$H$500,R13,$I$62:$I$500,"<>수입",$I$62:$I$500,"<>저축") -> 0 | S14: =SUMIFS($K$62:$K$500,$H$62:$H$500,S13,$I$62:$I$500,"<>수입",$I$62:$I$500,"<>저축") -> 63000 | T14: =SUMIFS($K$62:$K$500,$H$62:$H$500,T13,$I$62:$I$500,"<>수입",$I$62:$I$500,"<>저축") -> 0 | U14: =SUMIFS($K$62:$K$500,$H$62:$H$500,U13,$I$62:$I$500,"<>수입",$I$62:$I$500,"<>저축") -> 33040 | V14: =SUMIFS($K$62:$K$500,$H$62:$H$500,V13,$I$62:$I$500,"<>수입",$I$62:$I$500,"<>저축") -> 45900 | W14: =SUMIFS($K$62:$K$500,$H$62:$H$500,W13,$I$62:$I$500,"<>수입",$I$62:$I$500,"<>저축") -> 37900 | X14: =SUMIFS($K$62:$K$500,$H$62:$H$500,X13,$I$62:$I$500,"<>수입",$I$62:$I$500,"<>저축") -> 23000 | Y14: =SUM(R14:X14) -> 202840 | AB14: =$M$33 -> 🐻식비 | AC14: =$P$39 -> 0 | AD14: =_xlfn.RANK.EQ(AC14,$AB$9:$AC$20,0) + ROW(AB6)/10000 -> 5.0006 | AE14: =SMALL($AD$9:$AD$20, ROW(AB6)) -> 5.0003 | AF14: =INDEX($AB$9:$AB$20,MATCH(AE14,$AD$9:$AD$20,0)) -> 🍪생필품 | AG14: =INDEX($AC$9:$AC$20,MATCH(AE14,$AD$9:$AD$20,0)) -> 0
E15: 현금/이체 | F15: =SUMIFS($K$62:$K$500,$L$62:$L$500,E15,$I$62:$I$500,"<>수입",$I$62:$I$500,"<>저축") -> 6552855 | R15: =R13+7 -> 45431 | S15: =S13+7 -> 45432 | T15: =T13+7 -> 45433 | U15: =U13+7 -> 45434 | V15: =V13+7 -> 45435 | W15: =W13+7 -> 45436 | X15: =X13+7 -> 45437 | AB15: =$M$41 -> 🍪여가비 | AC15: =$P$47 -> 659144 | AD15: =_xlfn.RANK.EQ(AC15,$AB$9:$AC$20,0) + ROW(AB7)/10000 -> 2.0007 | AE15: =SMALL($AD$9:$AD$20, ROW(AB7)) -> 5.0004 | AF15: =INDEX($AB$9:$AB$20,MATCH(AE15,$AD$9:$AD$20,0)) -> 🐻생필품 | AG15: =INDEX($AC$9:$AC$20,MATCH(AE15,$AD$9:$AD$20,0)) -> 0
C16: 총저축 | D16: =F43 -> 20000 | E16: 현대카드 | F16: =SUMIFS($K$62:$K$500,$L$62:$L$500,E16,$I$62:$I$500,"<>수입",$I$62:$I$500,"<>저축") -> 1597538 | H16: 이벤트 | R16: =SUMIFS($K$62:$K$500,$H$62:$H$500,R15,$I$62:$I$500,"<>수입",$I$62:$I$500,"<>저축") -> 60690 | S16: =SUMIFS($K$62:$K$500,$H$62:$H$500,S15,$I$62:$I$500,"<>수입",$I$62:$I$500,"<>저축") -> 87130 | T16: =SUMIFS($K$62:$K$500,$H$62:$H$500,T15,$I$62:$I$500,"<>수입",$I$62:$I$500,"<>저축") -> 28360 | U16: =SUMIFS($K$62:$K$500,$H$62:$H$500,U15,$I$62:$I$500,"<>수입",$I$62:$I$500,"<>저축") -> 75880 | V16: =SUMIFS($K$62:$K$500,$H$62:$H$500,V15,$I$62:$I$500,"<>수입",$I$62:$I$500,"<>저축") -> 176120 | W16: =SUMIFS($K$62:$K$500,$H$62:$H$500,W15,$I$62:$I$500,"<>수입",$I$62:$I$500,"<>저축") -> 73900 | X16: =SUMIFS($K$62:$K$500,$H$62:$H$500,X15,$I$62:$I$500,"<>수입",$I$62:$I$500,"<>저축") -> 145300 | Y16: =SUM(R16:X16) -> 647380 | AB16: =$M$49 -> 🐻여가비 | AC16: =$P$55 -> 0 | AD16: =_xlfn.RANK.EQ(AC16,$AB$9:$AC$20,0) + ROW(AB8)/10000 -> 5.0008 | AE16: =SMALL($AD$9:$AD$20, ROW(AB8)) -> 5.0006 | AF16: =INDEX($AB$9:$AB$20,MATCH(AE16,$AD$9:$AD$20,0)) -> 🐻식비 | AG16: =INDEX($AC$9:$AC$20,MATCH(AE16,$AD$9:$AD$20,0)) -> 0
E17: 국민카드 | F17: =SUMIFS($K$62:$K$500,$L$62:$L$500,E17,$I$62:$I$500,"<>수입",$I$62:$I$500,"<>저축") -> 1173370 | H17: 어버이날 | J17: 양가 20 (마사지기 선물) | R17: =R15+7 -> 45438 | S17: =S15+7 -> 45439 | T17: =T15+7 -> 45440 | U17: =U15+7 -> 45441 | V17: =V15+7 -> 45442 | W17: =W15+7 -> 45443 | X17: =X15+7 -> 45444 | AB17: =$R$25 -> 🍪기타 | AC17: =$X$31 -> 45090 | AD17: =_xlfn.RANK.EQ(AC17,$AB$9:$AC$20,0) + ROW(AB9)/10000 -> 4.0009 | AE17: =SMALL($AD$9:$AD$20, ROW(AB9)) -> 5.0008 | AF17: =INDEX($AB$9:$AB$20,MATCH(AE17,$AD$9:$AD$20,0)) -> 🐻여가비 | AG17: =INDEX($AC$9:$AC$20,MATCH(AE17,$AD$9:$AD$20,0)) -> 0
C18: 잉여현금 | D18: =D12-D14-D16 -> 4379422 | E18: 현백카드 | F18: =SUMIFS($K$62:$K$500,$L$62:$L$500,E18,$I$62:$I$500,"<>수입",$I$62:$I$500,"<>저축") -> 0 | H18: 성우 생일 | J18: 10 | R18: =SUMIFS($K$62:$K$500,$H$62:$H$500,R17,$I$62:$I$500,"<>수입",$I$62:$I$500,"<>저축") -> 1500 | S18: =SUMIFS($K$62:$K$500,$H$62:$H$500,S17,$I$62:$I$500,"<>수입",$I$62:$I$500,"<>저축") -> 244990 | T18: =SUMIFS($K$62:$K$500,$H$62:$H$500,T17,$I$62:$I$500,"<>수입",$I$62:$I$500,"<>저축") -> 71710 | U18: =SUMIFS($K$62:$K$500,$H$62:$H$500,U17,$I$62:$I$500,"<>수입",$I$62:$I$500,"<>저축") -> 21300 | V18: =SUMIFS($K$62:$K$500,$H$62:$H$500,V17,$I$62:$I$500,"<>수입",$I$62:$I$500,"<>저축") -> 25000 | W18: =SUMIFS($K$62:$K$500,$H$62:$H$500,W17,$I$62:$I$500,"<>수입",$I$62:$I$500,"<>저축") -> 42450 | X18: =SUMIFS($K$62:$K$500,$H$62:$H$500,X17,$I$62:$I$500,"<>수입",$I$62:$I$500,"<>저축") -> 0 | Y18: =SUM(R18:X18) -> 406950 | AB18: =$R$33 -> 🐻기타 | AC18: =$X$39 -> 0 | AD18: =_xlfn.RANK.EQ(AC18,$AB$9:$AC$20,0) + ROW(AB10)/10000 -> 5.001 | AE18: =SMALL($AD$9:$AD$20, ROW(AB10)) -> 5.001 | AF18: =INDEX($AB$9:$AB$20,MATCH(AE18,$AD$9:$AD$20,0)) -> 🐻기타 | AG18: =INDEX($AC$9:$AC$20,MATCH(AE18,$AD$9:$AD$20,0)) -> 0
C19: 총저축률 | D19: =(D16+D18)/D12 -> 0.70958419 | E19: 하나카드 | F19: =SUMIFS($K$62:$K$500,$L$62:$L$500,E19,$I$62:$I$500,"<>수입",$I$62:$I$500,"<>저축") -> 0 | H19: 어머님 생신 | J19: 30 | R19: =R17+7 -> 45445 | S19: =S17+7 -> 45446 | T19: =T17+7 -> 45447 | U19: =U17+7 -> 45448 | V19: =V17+7 -> 45449 | W19: =W17+7 -> 45450 | X19: =X17+7 -> 45451 | AB19: =$R$41 -> 🍪이벤트성 | AC19: =$X$47 -> 0 | AD19: =_xlfn.RANK.EQ(AC19,$AB$9:$AC$20,0) + ROW(AB11)/10000 -> 5.0011 | AE19: =SMALL($AD$9:$AD$20, ROW(AB11)) -> 5.0011 | AF19: =INDEX($AB$9:$AB$20,MATCH(AE19,$AD$9:$AD$20,0)) -> 🍪이벤트성 | AG19: =INDEX($AC$9:$AC$20,MATCH(AE19,$AD$9:$AD$20,0)) -> 0
C20: 현금저축률 | D20: =D18/D12 -> 0.70635839 | E20: 총지출 | F20: =SUM($F$14:$F$19) -> 9323763 | R20: =SUMIFS($K$62:$K$500,$H$62:$H$500,R19,$I$62:$I$500,"<>수입",$I$62:$I$500,"<>저축") -> 0 | S20: =SUMIFS($K$62:$K$500,$H$62:$H$500,S19,$I$62:$I$500,"<>수입",$I$62:$I$500,"<>저축") -> 1615964 | T20: =SUMIFS($K$62:$K$500,$H$62:$H$500,T19,$I$62:$I$500,"<>수입",$I$62:$I$500,"<>저축") -> 0 | U20: =SUMIFS($K$62:$K$500,$H$62:$H$500,U19,$I$62:$I$500,"<>수입",$I$62:$I$500,"<>저축") -> 1206394 | V20: =SUMIFS($K$62:$K$500,$H$62:$H$500,V19,$I$62:$I$500,"<>수입",$I$62:$I$500,"<>저축") -> 0 | W20: =SUMIFS($K$62:$K$500,$H$62:$H$500,W19,$I$62:$I$500,"<>수입",$I$62:$I$500,"<>저축") -> 0 | X20: =SUMIFS($K$62:$K$500,$H$62:$H$500,X19,$I$62:$I$500,"<>수입",$I$62:$I$500,"<>저축") -> 0 | Y20: =SUM(R20:X20) -> 2822358 | AB20: =$R$49 -> 🐻 이벤트성 | AC20: =$X$55 -> 0 | AD20: =_xlfn.RANK.EQ(AC20,$AB$9:$AC$20,0) + ROW(AB12)/10000 -> 5.0012 | AE20: =SMALL($AD$9:$AD$20, ROW(AB12)) -> 5.0012 | AF20: =INDEX($AB$9:$AB$20,MATCH(AE20,$AD$9:$AD$20,0)) -> 🐻 이벤트성 | AG20: =INDEX($AC$9:$AC$20,MATCH(AE20,$AD$9:$AD$20,0)) -> 0
C24: 대분류 | D24: 소분류 | E24: 목표 | F24: 합계 | H24: 대분류 | I24: 소분류 | J24: 예산 | K24: 합계 | M24: 대분류 | N24: 소분류 | O24: 예산 | P24: 합계 | R24: 대분류 | T24: 소분류 | V24: 예산 | X24: 합계
C25: 수입 | D25: 🍪 월급 | F25: =SUMIFS($K$62:$K$500,$I$62:$I$500,$C$25,$J$62:$J$500,D25) -> 3300000 | H25: 🍪고정비 | I25: 관리비 | K25: =SUMIFS($K$62:$K$500,$I$62:$I$500,$H$25,$J$62:$J$500,I25) -> 233990 | M25: 🍪식비 | N25: 식재료비 | P25: =SUMIFS($K$62:$K$500,$I$62:$I$500,$M$25,$J$62:$J$500,N25) -> 89070 | R25: 🍪기타 | T25: 약국 | X25: =SUMIFS($K$62:$K$500,$I$62:$I$500,$R$25,$J$62:$J$500,T25) -> 0
D26: 🍪 부수입 | F26: =SUMIFS($K$62:$K$500,$I$62:$I$500,$C$25,$J$62:$J$500,D26) -> 2900000 | I26: 월세 | K26: =SUMIFS($K$62:$K$500,$I$62:$I$500,$H$25,$J$62:$J$500,I26) -> 0 | N26: 회사점심 | P26: =SUMIFS($K$62:$K$500,$I$62:$I$500,$M$25,$J$62:$J$500,N26) -> 148300 | T26: 병원비 | X26: =SUMIFS($K$62:$K$500,$I$62:$I$500,$R$25,$J$62:$J$500,T26) -> 0
D27: 🐻 월급 | F27: =SUMIFS($K$62:$K$500,$I$62:$I$500,$C$25,$J$62:$J$500,D27) -> 0 | I27: 대출이자 | K27: =SUMIFS($K$62:$K$500,$I$62:$I$500,$H$25,$J$62:$J$500,I27) -> 0 | N27: 간식/카페 | P27: =SUMIFS($K$62:$K$500,$I$62:$I$500,$M$25,$J$62:$J$500,N27) -> 133950 | T27: 영양제 | X27: =SUMIFS($K$62:$K$500,$I$62:$I$500,$R$25,$J$62:$J$500,T27) -> 28360
D28: 🐻 부수입 | F28: =SUMIFS($K$62:$K$500,$I$62:$I$500,$C$25,$J$62:$J$500,D28) -> 0 | I28: 통신비 | K28: =SUMIFS($K$62:$K$500,$I$62:$I$500,$H$25,$J$62:$J$500,I28) -> 119500 | N28: 외식/배달 | P28: =SUMIFS($K$62:$K$500,$I$62:$I$500,$M$25,$J$62:$J$500,N28) -> 371534 | T28: 교통비 | X28: =SUMIFS($K$62:$K$500,$I$62:$I$500,$R$25,$J$62:$J$500,T28) -> 5700
D29: 기타 | F29: =SUMIFS($K$62:$K$500,$I$62:$I$500,$C$25,$J$62:$J$500,D29) -> 0 | I29: 보험료 | K29: =SUMIFS($K$62:$K$500,$I$62:$I$500,$H$25,$J$62:$J$500,I29) -> 0 | N29: 기타 | P29: =SUMIFS($K$62:$K$500,$I$62:$I$500,$M$25,$J$62:$J$500,N29) -> 0 | T29: 주유비 | X29: =SUMIFS($K$62:$K$500,$I$62:$I$500,$R$25,$J$62:$J$500,T29) -> 0
F30: =SUMIFS($K$62:$K$500,$I$62:$I$500,$C$25,$J$62:$J$500,D30) -> 0 | I30: 곗돈 | K30: =SUMIFS($K$62:$K$500,$I$62:$I$500,$H$25,$J$62:$J$500,I30) -> 0 | P30: =SUMIFS($K$62:$K$500,$I$62:$I$500,$M$25,$J$62:$J$500,N30) -> 0 | T30: 기타 | X30: =SUMIFS($K$62:$K$500,$I$62:$I$500,$R$25,$J$62:$J$500,T30) -> 11030
F31: =SUMIFS($K$62:$K$500,$I$62:$I$500,$C$25,$J$62:$J$500,D31) -> 0 | H31: =IF(H25=0,"","총"&H25) -> 총🍪고정비 | K31: =SUM(K25:K30) -> 353490 | M31: =IF(M25=0,"","총"&M25) -> 총🍪식비 | P31: =SUM(P25:P30) -> 742854 | R31: =IF(R25=0,"","총"&R25) -> 총🍪기타 | X31: =SUM(X25:X30) -> 45090
F32: =SUMIFS($K$62:$K$500,$I$62:$I$500,$C$25,$J$62:$J$500,D32) -> 0 | K32: =K31-J25 -> 353490 | P32: =P31-O25 -> 742854 | X32: =X31-V25 -> 45090
C33: =IF(C25=0,"","총"&C25) -> 총수입 | F33: =SUM(F25:F32) -> 6200000 | H33: 🐻고정비 | I33: 관리비 | K33: =SUMIFS($K$62:$K$500,$I$62:$I$500,$H$33,$J$62:$J$500,I33) -> 0 | M33: 🐻식비 | N33: 식재료비 | P33: =SUMIFS($K$62:$K$500,$I$62:$I$500,$M$33,$J$62:$J$500,N33) -> 0 | R33: 🐻기타 | T33: 약국 | X33: =SUMIFS($K$62:$K$500,$I$62:$I$500,$R$33,$J$62:$J$500,T33) -> 0
F34: =F33-E25 -> 6200000 | I34: 대출이자 | K34: =SUMIFS($K$62:$K$500,$I$62:$I$500,$H$33,$J$62:$J$500,I34) -> 0 | N34: 회사점심 | P34: =SUMIFS($K$62:$K$500,$I$62:$I$500,$M$33,$J$62:$J$500,N34) -> 0 | T34: 병원비 | X34: =SUMIFS($K$62:$K$500,$I$62:$I$500,$R$33,$J$62:$J$500,T34) -> 0
C35: 저축 | D35: 주택청약 | F35: =SUMIFS($K$62:$K$500,$I$62:$I$500,$C$35,$J$62:$J$500,D35) -> 20000 | I35: 통신비 | K35: =SUMIFS($K$62:$K$500,$I$62:$I$500,$H$33,$J$62:$J$500,I35) -> 0 | N35: 간식/카페 | P35: =SUMIFS($K$62:$K$500,$I$62:$I$500,$M$33,$J$62:$J$500,N35) -> 0 | T35: 영양제 | X35: =SUMIFS($K$62:$K$500,$I$62:$I$500,$R$33,$J$62:$J$500,T35) -> 0
D36: 우리은행 | F36: =SUMIFS($K$62:$K$500,$I$62:$I$500,$C$35,$J$62:$J$500,D36) -> 0 | I36: 보험료 | K36: =SUMIFS($K$62:$K$500,$I$62:$I$500,$H$33,$J$62:$J$500,I36) -> 0 | N36: 외식/배달 | P36: =SUMIFS($K$62:$K$500,$I$62:$I$500,$M$33,$J$62:$J$500,N36) -> 0 | T36: 교통비 | X36: =SUMIFS($K$62:$K$500,$I$62:$I$500,$R$33,$J$62:$J$500,T36) -> 0
D37: 케이뱅크 | F37: =SUMIFS($K$62:$K$500,$I$62:$I$500,$C$35,$J$62:$J$500,D37) -> 0 | I37: 곗돈 | K37: =SUMIFS($K$62:$K$500,$I$62:$I$500,$H$33,$J$62:$J$500,I37) -> 0 | N37: 기타 | P37: =SUMIFS($K$62:$K$500,$I$62:$I$500,$M$33,$J$62:$J$500,N37) -> 0 | T37: 주유비 | X37: =SUMIFS($K$62:$K$500,$I$62:$I$500,$R$33,$J$62:$J$500,T37) -> 0
D38: 연금저축 | F38: =SUMIFS($K$62:$K$500,$I$62:$I$500,$C$35,$J$62:$J$500,D38) -> 0 | K38: =SUMIFS($K$62:$K$500,$I$62:$I$500,$H$33,$J$62:$J$500,I38) -> 0 | P38: =SUMIFS($K$62:$K$500,$I$62:$I$500,$M$33,$J$62:$J$500,N38) -> 0 | T38: 기타 | X38: =SUMIFS($K$62:$K$500,$I$62:$I$500,$R$33,$J$62:$J$500,T38) -> 0
F39: =SUMIFS($K$62:$K$500,$I$62:$I$500,$C$35,$J$62:$J$500,D39) -> 0 | H39: =IF(H33=0,"","총"&H33) -> 총🐻고정비 | K39: =SUM(K33:K38) -> 0 | M39: =IF(M33=0,"","총"&M33) -> 총🐻식비 | P39: =SUM(P33:P38) -> 0 | R39: =IF(R33=0,"","총"&R33) -> 총🐻기타 | X39: =SUM(X33:X38) -> 0
F40: =SUMIFS($K$62:$K$500,$I$62:$I$500,$C$35,$J$62:$J$500,D40) -> 0 | K40: =K39-J33 -> 0 | P40: =P39-O33 -> 0 | X40: =X39-V33 -> 0
F41: =SUMIFS($K$62:$K$500,$I$62:$I$500,$C$35,$J$62:$J$500,D41) -> 0 | H41: 🍪생필품 | I41: 주방/욕실 | K41: =SUMIFS($K$62:$K$500,$I$62:$I$500,$H$41,$J$62:$J$500,I41) -> 0 | M41: 🍪여가비 | N41: 의류/잡화 | P41: =SUMIFS($K$62:$K$500,$I$62:$I$500,$M$41,$J$62:$J$500,N41) -> 620200 | R41: 🍪이벤트성 | T41: 축의/부의금 | X41: =SUMIFS($K$62:$K$500,$I$62:$I$500,$R$41,$J$62:$J$500,T41) -> 0
F42: =SUMIFS($K$62:$K$500,$I$62:$I$500,$C$35,$J$62:$J$500,D42) -> 0 | I42: 소모품 | K42: =SUMIFS($K$62:$K$500,$I$62:$I$500,$H$41,$J$62:$J$500,I42) -> 0 | N42: OTT | P42: =SUMIFS($K$62:$K$500,$I$62:$I$500,$M$41,$J$62:$J$500,N42) -> 4990 | T42: 생신/생일선물 | X42: =SUMIFS($K$62:$K$500,$I$62:$I$500,$R$41,$J$62:$J$500,T42) -> 0
C43: =IF(C35=0,"","총"&C25) -> 총수입 | F43: =SUM(F35:F42) -> 20000 | I43: 기타 | K43: =SUMIFS($K$62:$K$500,$I$62:$I$500,$H$41,$J$62:$J$500,I43) -> 0 | N43: 문화생활 | P43: =SUMIFS($K$62:$K$500,$I$62:$I$500,$M$41,$J$62:$J$500,N43) -> 11000 | T43: 명절/어버이날 | X43: =SUMIFS($K$62:$K$500,$I$62:$I$500,$R$41,$J$62:$J$500,T43) -> 0
F44: =F43-E35 -> 20000 | K44: =SUMIFS($K$62:$K$500,$I$62:$I$500,$H$41,$J$62:$J$500,I44) -> 0 | N44: 자기계발 | P44: =SUMIFS($K$62:$K$500,$I$62:$I$500,$M$41,$J$62:$J$500,N44) -> 0 | T44: 여행 | X44: =SUMIFS($K$62:$K$500,$I$62:$I$500,$R$41,$J$62:$J$500,T44) -> 0
K45: =SUMIFS($K$62:$K$500,$I$62:$I$500,$H$41,$J$62:$J$500,I45) -> 0 | N45: 미용 | P45: =SUMIFS($K$62:$K$500,$I$62:$I$500,$M$41,$J$62:$J$500,N45) -> 0 | T45: 기타 | X45: =SUMIFS($K$62:$K$500,$I$62:$I$500,$R$41,$J$62:$J$500,T45) -> 0
K46: =SUMIFS($K$62:$K$500,$I$62:$I$500,$H$41,$J$62:$J$500,I46) -> 0 | N46: 기타 | P46: =SUMIFS($K$62:$K$500,$I$62:$I$500,$M$41,$J$62:$J$500,N46) -> 22954 | X46: =SUMIFS($K$62:$K$500,$I$62:$I$500,$R$41,$J$62:$J$500,T46) -> 0
H47: =IF(H41=0,"","총"&H41) -> 총🍪생필품 | K47: =SUM(K41:K46) -> 0 | M47: =IF(M41=0,"","총"&M41) -> 총🍪여가비 | P47: =SUM(P41:P46) -> 659144 | R47: =IF(R41=0,"","총"&R41) -> 총🍪이벤트성 | X47: =SUM(X41:X46) -> 0
K48: =K47-J41 -> 0 | P48: =P47-O41 -> 659144 | X48: =X47-V41 -> 0
H49: 🐻생필품 | I49: 주방/욕실 | K49: =SUMIFS($K$62:$K$500,$I$62:$I$500,$H$49,$J$62:$J$500,I49) -> 0 | M49: 🐻여가비 | N49: 의류/잡화 | P49: =SUMIFS($K$62:$K$500,$I$62:$I$500,$M$49,$J$62:$J$500,N49) -> 0 | R49: 🐻 이벤트성 | T49: 축의/부의금 | X49: =SUMIFS($K$62:$K$500,$I$62:$I$500,$R$49,$J$62:$J$500,T49) -> 0
I50: 소모품 | K50: =SUMIFS($K$62:$K$500,$I$62:$I$500,$H$49,$J$62:$J$500,I50) -> 0 | N50: OTT | P50: =SUMIFS($K$62:$K$500,$I$62:$I$500,$M$49,$J$62:$J$500,N50) -> 0 | T50: 생신/생일선물 | X50: =SUMIFS($K$62:$K$500,$I$62:$I$500,$R$49,$J$62:$J$500,T50) -> 0
I51: 기타 | K51: =SUMIFS($K$62:$K$500,$I$62:$I$500,$H$49,$J$62:$J$500,I51) -> 0 | N51: 문화생활 | P51: =SUMIFS($K$62:$K$500,$I$62:$I$500,$M$49,$J$62:$J$500,N51) -> 0 | T51: 명절/어버이날 | X51: =SUMIFS($K$62:$K$500,$I$62:$I$500,$R$49,$J$62:$J$500,T51) -> 0
K52: =SUMIFS($K$62:$K$500,$I$62:$I$500,$H$49,$J$62:$J$500,I52) -> 0 | N52: 자기계발 | P52: =SUMIFS($K$62:$K$500,$I$62:$I$500,$M$49,$J$62:$J$500,N52) -> 0 | T52: 여행 | X52: =SUMIFS($K$62:$K$500,$I$62:$I$500,$R$49,$J$62:$J$500,T52) -> 0
K53: =SUMIFS($K$62:$K$500,$I$62:$I$500,$H$49,$J$62:$J$500,I53) -> 0 | N53: 미용 | P53: =SUMIFS($K$62:$K$500,$I$62:$I$500,$M$49,$J$62:$J$500,N53) -> 0 | T53: 기타 | X53: =SUMIFS($K$62:$K$500,$I$62:$I$500,$R$49,$J$62:$J$500,T53) -> 0
K54: =SUMIFS($K$62:$K$500,$I$62:$I$500,$H$49,$J$62:$J$500,I54) -> 0 | N54: 기타 | P54: =SUMIFS($K$62:$K$500,$I$62:$I$500,$M$49,$J$62:$J$500,N54) -> 0 | X54: =SUMIFS($K$62:$K$500,$I$62:$I$500,$R$49,$J$62:$J$500,T54) -> 0
H55: =IF(H49=0,"","총"&H49) -> 총🐻생필품 | K55: =SUM(K49:K54) -> 0 | M55: =IF(M49=0,"","총"&M49) -> 총🐻여가비 | P55: =SUM(P49:P54) -> 0 | R55: =IF(R49=0,"","총"&R49) -> 총🐻 이벤트성 | X55: =SUM(X49:X54) -> 0
K56: =K55-J49 -> 0 | P56: =P55-O49 -> 0 | X56: =X55-V49 -> 0
V60: 지출예산 | X60: =SUM(J49,J41,J33,J25,O25,O33,O41,O49,V49,V41,V33,V25) -> 0
H61: 날짜 | I61: 대분류 | J61: 소분류 | K61: 금액 | L61: 결제수단 | N61: 세부사항 | R61: 비고 | V61: 잔여예산 | X61: =X60-SUM($K$31+$K$39+$K$47+$K$55+$P$31+$P$39+$P$47+$P$55+$X$31+$X$39+$X$47+$X$55) -> -1800578
H62: 45413 | I62: 🍪기타 | J62: 교통비 | K62: =1500+4200 -> 5700 | L62: 현대카드 | N62: 교통비 | AB62: =IFERROR(__xludf.DUMMYFUNCTION("FILTER('설정시트'!$D$7:$K$20,'설정시트'!$C$7:$C$20=I62)"),"약국") -> 약국 | AC62: =IFERROR(__xludf.DUMMYFUNCTION("""COMPUTED_VALUE"""),"병원비") -> 병원비 | AD62: =IFERROR(__xludf.DUMMYFUNCTION("""COMPUTED_VALUE"""),"영양제") -> 영양제 | AE62: =IFERROR(__xludf.DUMMYFUNCTION("""COMPUTED_VALUE"""),"교통비") -> 교통비 | AF62: =IFERROR(__xludf.DUMMYFUNCTION("""COMPUTED_VALUE"""),"주유비") -> 주유비 | AG62: =IFERROR(__xludf.DUMMYFUNCTION("""COMPUTED_VALUE"""),"기타") -> 기타
H63: 45413 | I63: 🍪식비 | J63: 외식/배달 | K63: 8500 | L63: 현대카드 | N63: 알통닭강정 | AB63: =IFERROR(__xludf.DUMMYFUNCTION("FILTER('설정시트'!$D$7:$K$20,'설정시트'!$C$7:$C$20=I63)"),"식재료비") -> 식재료비 | AC63: =IFERROR(__xludf.DUMMYFUNCTION("""COMPUTED_VALUE"""),"회사점심") -> 회사점심 | AD63: =IFERROR(__xludf.DUMMYFUNCTION("""COMPUTED_VALUE"""),"간식/카페") -> 간식/카페 | AE63: =IFERROR(__xludf.DUMMYFUNCTION("""COMPUTED_VALUE"""),"외식/배달") -> 외식/배달 | AF63: =IFERROR(__xludf.DUMMYFUNCTION("""COMPUTED_VALUE"""),"기타") -> 기타
H64: 45413 | I64: 🍪식비 | J64: 간식/카페 | K64: 4250 | L64: 현대카드 | N64: 편의점 | AB64: =IFERROR(__xludf.DUMMYFUNCTION("FILTER('설정시트'!$D$7:$K$20,'설정시트'!$C$7:$C$20=I64)"),"식재료비") -> 식재료비 | AC64: =IFERROR(__xludf.DUMMYFUNCTION("""COMPUTED_VALUE"""),"회사점심") -> 회사점심 | AD64: =IFERROR(__xludf.DUMMYFUNCTION("""COMPUTED_VALUE"""),"간식/카페") -> 간식/카페 | AE64: =IFERROR(__xludf.DUMMYFUNCTION("""COMPUTED_VALUE"""),"외식/배달") -> 외식/배달 | AF64: =IFERROR(__xludf.DUMMYFUNCTION("""COMPUTED_VALUE"""),"기타") -> 기타
H65: 45413 | I65: 저축 | J65: 적금1 | K65: 500000 | L65: 현금/이체 | N65: 우리은행적금 | AB65: =IFERROR(__xludf.DUMMYFUNCTION("FILTER('설정시트'!$D$7:$K$20,'설정시트'!$C$7:$C$20=I65)"),"주택청약") -> 주택청약 | AC65: =IFERROR(__xludf.DUMMYFUNCTION("""COMPUTED_VALUE"""),"우리은행") -> 우리은행 | AD65: =IFERROR(__xludf.DUMMYFUNCTION("""COMPUTED_VALUE"""),"케이뱅크") -> 케이뱅크 | AE65: =IFERROR(__xludf.DUMMYFUNCTION("""COMPUTED_VALUE"""),"연금저축") -> 연금저축
H66: 45414 | I66: 🍪식비 | J66: 외식/배달 | K66: 15034 | L66: 현대카드 | N66: 침스버거 | AB66: =IFERROR(__xludf.DUMMYFUNCTION("FILTER('설정시트'!$D$7:$K$20,'설정시트'!$C$7:$C$20=I66)"),"식재료비") -> 식재료비 | AC66: =IFERROR(__xludf.DUMMYFUNCTION("""COMPUTED_VALUE"""),"회사점심") -> 회사점심 | AD66: =IFERROR(__xludf.DUMMYFUNCTION("""COMPUTED_VALUE"""),"간식/카페") -> 간식/카페 | AE66: =IFERROR(__xludf.DUMMYFUNCTION("""COMPUTED_VALUE"""),"외식/배달") -> 외식/배달 | AF66: =IFERROR(__xludf.DUMMYFUNCTION("""COMPUTED_VALUE"""),"기타") -> 기타
H67: 45414 | I67: 🍪이벤트 | J67: 명절/어버이날 | K67: 520000 | L67: 현대카드 | N67: 폴리오 (어깨3+다리2) | AB67: =IFERROR(__xludf.DUMMYFUNCTION("FILTER('설정시트'!$D$7:$K$20,'설정시트'!$C$7:$C$20=I67)"),"#N/A") -> #N/A
H68: 45414 | I68: 🍪여가비 | J68: 기타 | K68: 22954 | L68: 현대카드 | N68: 피그마 월결제 | AB68: =IFERROR(__xludf.DUMMYFUNCTION("FILTER('설정시트'!$D$7:$K$20,'설정시트'!$C$7:$C$20=I68)"),"의류/잡화") -> 의류/잡화 | AC68: =IFERROR(__xludf.DUMMYFUNCTION("""COMPUTED_VALUE"""),"OTT") -> OTT | AD68: =IFERROR(__xludf.DUMMYFUNCTION("""COMPUTED_VALUE"""),"문화생활") -> 문화생활 | AE68: =IFERROR(__xludf.DUMMYFUNCTION("""COMPUTED_VALUE"""),"자기계발") -> 자기계발 | AF68: =IFERROR(__xludf.DUMMYFUNCTION("""COMPUTED_VALUE"""),"미용") -> 미용 | AG68: =IFERROR(__xludf.DUMMYFUNCTION("""COMPUTED_VALUE"""),"기타") -> 기타
H69: 45415 | I69: 🍪식비 | J69: 외식/배달 | K69: 39000 | L69: 현대카드 | N69: 진주집(콩국수,비빔국수,만두) | AB69: =IFERROR(__xludf.DUMMYFUNCTION("FILTER('설정시트'!$D$7:$K$20,'설정시트'!$C$7:$C$20=I69)"),"식재료비") -> 식재료비 | AC69: =IFERROR(__xludf.DUMMYFUNCTION("""COMPUTED_VALUE"""),"회사점심") -> 회사점심 | AD69: =IFERROR(__xludf.DUMMYFUNCTION("""COMPUTED_VALUE"""),"간식/카페") -> 간식/카페 | AE69: =IFERROR(__xludf.DUMMYFUNCTION("""COMPUTED_VALUE"""),"외식/배달") -> 외식/배달 | AF69: =IFERROR(__xludf.DUMMYFUNCTION("""COMPUTED_VALUE"""),"기타") -> 기타
H70: 45415 | I70: 🍪여가비 | J70: 의류/잡화 | K70: 620200 | L70: 현대카드 | N70: 곰보밍 옷입히기 | AB70: =IFERROR(__xludf.DUMMYFUNCTION("FILTER('설정시트'!$D$7:$K$20,'설정시트'!$C$7:$C$20=I70)"),"의류/잡화") -> 의류/잡화 | AC70: =IFERROR(__xludf.DUMMYFUNCTION("""COMPUTED_VALUE"""),"OTT") -> OTT | AD70: =IFERROR(__xludf.DUMMYFUNCTION("""COMPUTED_VALUE"""),"문화생활") -> 문화생활 | AE70: =IFERROR(__xludf.DUMMYFUNCTION("""COMPUTED_VALUE"""),"자기계발") -> 자기계발 | AF70: =IFERROR(__xludf.DUMMYFUNCTION("""COMPUTED_VALUE"""),"미용") -> 미용 | AG70: =IFERROR(__xludf.DUMMYFUNCTION("""COMPUTED_VALUE"""),"기타") -> 기타
H71: 45416 | I71: 🍪식비 | J71: 간식/카페 | K71: 3700 | L71: 현대카드 | N71: 편의점 | AB71: =IFERROR(__xludf.DUMMYFUNCTION("FILTER('설정시트'!$D$7:$K$20,'설정시트'!$C$7:$C$20=I71)"),"식재료비") -> 식재료비 | AC71: =IFERROR(__xludf.DUMMYFUNCTION("""COMPUTED_VALUE"""),"회사점심") -> 회사점심 | AD71: =IFERROR(__xludf.DUMMYFUNCTION("""COMPUTED_VALUE"""),"간식/카페") -> 간식/카페 | AE71: =IFERROR(__xludf.DUMMYFUNCTION("""COMPUTED_VALUE"""),"외식/배달") -> 외식/배달 | AF71: =IFERROR(__xludf.DUMMYFUNCTION("""COMPUTED_VALUE"""),"기타") -> 기타
H72: 45418 | I72: 🍪식비 | J72: 외식/배달 | K72: 23000 | L72: 현대카드 | N72: 페리카나 윙봉 | AB72: =IFERROR(__xludf.DUMMYFUNCTION("FILTER('설정시트'!$D$7:$K$20,'설정시트'!$C$7:$C$20=I72)"),"식재료비") -> 식재료비 | AC72: =IFERROR(__xludf.DUMMYFUNCTION("""COMPUTED_VALUE"""),"회사점심") -> 회사점심 | AD72: =IFERROR(__xludf.DUMMYFUNCTION("""COMPUTED_VALUE"""),"간식/카페") -> 간식/카페 | AE72: =IFERROR(__xludf.DUMMYFUNCTION("""COMPUTED_VALUE"""),"외식/배달") -> 외식/배달 | AF72: =IFERROR(__xludf.DUMMYFUNCTION("""COMPUTED_VALUE"""),"기타") -> 기타
H73: 45419 | I73: 🍪식비 | J73: 회사점심 | K73: 4500 | L73: 국민카드 | N73: 옥토끼 김밥 | AB73: =IFERROR(__xludf.DUMMYFUNCTION("FILTER('설정시트'!$D$7:$K$20,'설정시트'!$C$7:$C$20=I73)"),"식재료비") -> 식재료비 | AC73: =IFERROR(__xludf.DUMMYFUNCTION("""COMPUTED_VALUE"""),"회사점심") -> 회사점심 | AD73: =IFERROR(__xludf.DUMMYFUNCTION("""COMPUTED_VALUE"""),"간식/카페") -> 간식/카페 | AE73: =IFERROR(__xludf.DUMMYFUNCTION("""COMPUTED_VALUE"""),"외식/배달") -> 외식/배달 | AF73: =IFERROR(__xludf.DUMMYFUNCTION("""COMPUTED_VALUE"""),"기타") -> 기타
H74: 45420 | I74: 🍪식비 | J74: 회사점심 | K74: 20100 | L74: 현대카드 | N74: 옥토끼 | AB74: =IFERROR(__xludf.DUMMYFUNCTION("FILTER('설정시트'!$D$7:$K$20,'설정시트'!$C$7:$C$20=I74)"),"식재료비") -> 식재료비 | AC74: =IFERROR(__xludf.DUMMYFUNCTION("""COMPUTED_VALUE"""),"회사점심") -> 회사점심 | AD74: =IFERROR(__xludf.DUMMYFUNCTION("""COMPUTED_VALUE"""),"간식/카페") -> 간식/카페 | AE74: =IFERROR(__xludf.DUMMYFUNCTION("""COMPUTED_VALUE"""),"외식/배달") -> 외식/배달 | AF74: =IFERROR(__xludf.DUMMYFUNCTION("""COMPUTED_VALUE"""),"기타") -> 기타
H75: 45420 | I75: 🍪의료비 | J75: 영양제 | K75: 71400 | L75: 국민카드 | N75: 지마켓 홍삼 | AB75: =IFERROR(__xludf.DUMMYFUNCTION("FILTER('설정시트'!$D$7:$K$20,'설정시트'!$C$7:$C$20=I75)"),"#N/A") -> #N/A
H76: 45421 | I76: 🍪식비 | J76: 회사점심 | K76: 11900 | L76: 현대카드 | N76: 침스버거 | AB76: =IFERROR(__xludf.DUMMYFUNCTION("FILTER('설정시트'!$D$7:$K$20,'설정시트'!$C$7:$C$20=I76)"),"식재료비") -> 식재료비 | AC76: =IFERROR(__xludf.DUMMYFUNCTION("""COMPUTED_VALUE"""),"회사점심") -> 회사점심 | AD76: =IFERROR(__xludf.DUMMYFUNCTION("""COMPUTED_VALUE"""),"간식/카페") -> 간식/카페 | AE76: =IFERROR(__xludf.DUMMYFUNCTION("""COMPUTED_VALUE"""),"외식/배달") -> 외식/배달 | AF76: =IFERROR(__xludf.DUMMYFUNCTION("""COMPUTED_VALUE"""),"기타") -> 기타
H77: 45421 | I77: 🍪고정비 | J77: 통신비 | K77: 54500 | L77: 국민카드 | N77: 인터넷요금 | AB77: =IFERROR(__xludf.DUMMYFUNCTION("FILTER('설정시트'!$D$7:$K$20,'설정시트'!$C$7:$C$20=I77)"),"관리비") -> 관리비 | AC77: =IFERROR(__xludf.DUMMYFUNCTION("""COMPUTED_VALUE"""),"월세") -> 월세 | AD77: =IFERROR(__xludf.DUMMYFUNCTION("""COMPUTED_VALUE"""),"대출이자") -> 대출이자 | AE77: =IFERROR(__xludf.DUMMYFUNCTION("""COMPUTED_VALUE"""),"통신비") -> 통신비 | AF77: =IFERROR(__xludf.DUMMYFUNCTION("""COMPUTED_VALUE"""),"보험료") -> 보험료 | AG77: =IFERROR(__xludf.DUMMYFUNCTION("""COMPUTED_VALUE"""),"곗돈") -> 곗돈
H78: 45422 | I78: 🍪고정비 | J78: 통신비 | K78: 65000 | L78: 현대카드 | N78: 핸드폰요금 | AB78: =IFERROR(__xludf.DUMMYFUNCTION("FILTER('설정시트'!$D$7:$K$20,'설정시트'!$C$7:$C$20=I78)"),"관리비") -> 관리비 | AC78: =IFERROR(__xludf.DUMMYFUNCTION("""COMPUTED_VALUE"""),"월세") -> 월세 | AD78: =IFERROR(__xludf.DUMMYFUNCTION("""COMPUTED_VALUE"""),"대출이자") -> 대출이자 | AE78: =IFERROR(__xludf.DUMMYFUNCTION("""COMPUTED_VALUE"""),"통신비") -> 통신비 | AF78: =IFERROR(__xludf.DUMMYFUNCTION("""COMPUTED_VALUE"""),"보험료") -> 보험료 | AG78: =IFERROR(__xludf.DUMMYFUNCTION("""COMPUTED_VALUE"""),"곗돈") -> 곗돈
H79: 45422 | I79: 🍪식비 | J79: 간식/카페 | K79: 2700 | L79: 현대카드 | N79: 편의점 | AB79: =IFERROR(__xludf.DUMMYFUNCTION("FILTER('설정시트'!$D$7:$K$20,'설정시트'!$C$7:$C$20=I79)"),"식재료비") -> 식재료비 | AC79: =IFERROR(__xludf.DUMMYFUNCTION("""COMPUTED_VALUE"""),"회사점심") -> 회사점심 | AD79: =IFERROR(__xludf.DUMMYFUNCTION("""COMPUTED_VALUE"""),"간식/카페") -> 간식/카페 | AE79: =IFERROR(__xludf.DUMMYFUNCTION("""COMPUTED_VALUE"""),"외식/배달") -> 외식/배달 | AF79: =IFERROR(__xludf.DUMMYFUNCTION("""COMPUTED_VALUE"""),"기타") -> 기타
H80: 45422 | I80: 수입 | J80: 🍪 부수입 | K80: 2900000 | L80: 현금/이체 | N80: 다트 4월분 | AB80: =IFERROR(__xludf.DUMMYFUNCTION("FILTER('설정시트'!$D$7:$K$20,'설정시트'!$C$7:$C$20=I80)"),"🍪 월급") -> 🍪 월급 | AC80: =IFERROR(__xludf.DUMMYFUNCTION("""COMPUTED_VALUE"""),"🍪 부수입") -> 🍪 부수입 | AD80: =IFERROR(__xludf.DUMMYFUNCTION("""COMPUTED_VALUE"""),"🐻 월급") -> 🐻 월급 | AE80: =IFERROR(__xludf.DUMMYFUNCTION("""COMPUTED_VALUE"""),"🐻 부수입") -> 🐻 부수입 | AF80: =IFERROR(__xludf.DUMMYFUNCTION("""COMPUTED_VALUE"""),"기타") -> 기타
H81: 45423 | I81: 🍪경조사비 | J81: 생신/생일선물 | K81: 21300 | L81: 국민카드 | N81: 어머님생신 케이크 투썸 | AB81: =IFERROR(__xludf.DUMMYFUNCTION("FILTER('설정시트'!$D$7:$K$20,'설정시트'!$C$7:$C$20=I81)"),"#N/A") -> #N/A
H82: 45425 | I82: 🍪경조사비 | J82: 생신/생일선물 | K82: 63000 | L82: 현대카드 | N82: 미키 생일선물 | AB82: =IFERROR(__xludf.DUMMYFUNCTION("FILTER('설정시트'!$D$7:$K$20,'설정시트'!$C$7:$C$20=I82)"),"#N/A") -> #N/A
H83: 45427 | I83: 🍪식비 | J83: 식재료비 | K83: 8040 | L83: 국민카드 | N83: 이마트 에브리데이 | AB83: =IFERROR(__xludf.DUMMYFUNCTION("FILTER('설정시트'!$D$7:$K$20,'설정시트'!$C$7:$C$20=I83)"),"식재료비") -> 식재료비 | AC83: =IFERROR(__xludf.DUMMYFUNCTION("""COMPUTED_VALUE"""),"회사점심") -> 회사점심 | AD83: =IFERROR(__xludf.DUMMYFUNCTION("""COMPUTED_VALUE"""),"간식/카페") -> 간식/카페 | AE83: =IFERROR(__xludf.DUMMYFUNCTION("""COMPUTED_VALUE"""),"외식/배달") -> 외식/배달 | AF83: =IFERROR(__xludf.DUMMYFUNCTION("""COMPUTED_VALUE"""),"기타") -> 기타
H84: 45427 | I84: 🍪식비 | J84: 외식/배달 | K84: 25000 | L84: 국민카드 | N84: 쿠팡이츠 - 중국집 | AB84: =IFERROR(__xludf.DUMMYFUNCTION("FILTER('설정시트'!$D$7:$K$20,'설정시트'!$C$7:$C$20=I84)"),"식재료비") -> 식재료비 | AC84: =IFERROR(__xludf.DUMMYFUNCTION("""COMPUTED_VALUE"""),"회사점심") -> 회사점심 | AD84: =IFERROR(__xludf.DUMMYFUNCTION("""COMPUTED_VALUE"""),"간식/카페") -> 간식/카페 | AE84: =IFERROR(__xludf.DUMMYFUNCTION("""COMPUTED_VALUE"""),"외식/배달") -> 외식/배달 | AF84: =IFERROR(__xludf.DUMMYFUNCTION("""COMPUTED_VALUE"""),"기타") -> 기타
H85: 45428 | I85: 🍪식비 | J85: 회사점심 | K85: 10000 | L85: 국민카드 | N85: 침스버거 | AB85: =IFERROR(__xludf.DUMMYFUNCTION("FILTER('설정시트'!$D$7:$K$20,'설정시트'!$C$7:$C$20=I85)"),"식재료비") -> 식재료비 | AC85: =IFERROR(__xludf.DUMMYFUNCTION("""COMPUTED_VALUE"""),"회사점심") -> 회사점심 | AD85: =IFERROR(__xludf.DUMMYFUNCTION("""COMPUTED_VALUE"""),"간식/카페") -> 간식/카페 | AE85: =IFERROR(__xludf.DUMMYFUNCTION("""COMPUTED_VALUE"""),"외식/배달") -> 외식/배달 | AF85: =IFERROR(__xludf.DUMMYFUNCTION("""COMPUTED_VALUE"""),"기타") -> 기타
H86: 45428 | I86: 🍪경조사비 | J86: 기타 | K86: 13900 | L86: 국민카드 | N86: 기프티콘 선물 | AB86: =IFERROR(__xludf.DUMMYFUNCTION("FILTER('설정시트'!$D$7:$K$20,'설정시트'!$C$7:$C$20=I86)"),"#N/A") -> #N/A
H87: 45428 | I87: 🍪식비 | J87: 외식/배달 | K87: 22000 | L87: 국민카드 | N87: 토종골 | AB87: =IFERROR(__xludf.DUMMYFUNCTION("FILTER('설정시트'!$D$7:$K$20,'설정시트'!$C$7:$C$20=I87)"),"식재료비") -> 식재료비 | AC87: =IFERROR(__xludf.DUMMYFUNCTION("""COMPUTED_VALUE"""),"회사점심") -> 회사점심 | AD87: =IFERROR(__xludf.DUMMYFUNCTION("""COMPUTED_VALUE"""),"간식/카페") -> 간식/카페 | AE87: =IFERROR(__xludf.DUMMYFUNCTION("""COMPUTED_VALUE"""),"외식/배달") -> 외식/배달 | AF87: =IFERROR(__xludf.DUMMYFUNCTION("""COMPUTED_VALUE"""),"기타") -> 기타
H88: 45428 | I88: 저축 | J88: 주택청약 | K88: 20000 | L88: 현금/이체 | N88: 주택청약 | AB88: =IFERROR(__xludf.DUMMYFUNCTION("FILTER('설정시트'!$D$7:$K$20,'설정시트'!$C$7:$C$20=I88)"),"주택청약") -> 주택청약 | AC88: =IFERROR(__xludf.DUMMYFUNCTION("""COMPUTED_VALUE"""),"우리은행") -> 우리은행 | AD88: =IFERROR(__xludf.DUMMYFUNCTION("""COMPUTED_VALUE"""),"케이뱅크") -> 케이뱅크 | AE88: =IFERROR(__xludf.DUMMYFUNCTION("""COMPUTED_VALUE"""),"연금저축") -> 연금저축
H89: 45429 | I89: 🍪식비 | J89: 간식/카페 | K89: 6600 | L89: 국민카드 | N89: 에이프로 - 밤파이 | AB89: =IFERROR(__xludf.DUMMYFUNCTION("FILTER('설정시트'!$D$7:$K$20,'설정시트'!$C$7:$C$20=I89)"),"식재료비") -> 식재료비 | AC89: =IFERROR(__xludf.DUMMYFUNCTION("""COMPUTED_VALUE"""),"회사점심") -> 회사점심 | AD89: =IFERROR(__xludf.DUMMYFUNCTION("""COMPUTED_VALUE"""),"간식/카페") -> 간식/카페 | AE89: =IFERROR(__xludf.DUMMYFUNCTION("""COMPUTED_VALUE"""),"외식/배달") -> 외식/배달 | AF89: =IFERROR(__xludf.DUMMYFUNCTION("""COMPUTED_VALUE"""),"기타") -> 기타
H90: 45429 | I90: 🍪식비 | J90: 간식/카페 | K90: 16500 | L90: 국민카드 | N90: 카페 - 혜정언니 | AB90: =IFERROR(__xludf.DUMMYFUNCTION("FILTER('설정시트'!$D$7:$K$20,'설정시트'!$C$7:$C$20=I90)"),"식재료비") -> 식재료비 | AC90: =IFERROR(__xludf.DUMMYFUNCTION("""COMPUTED_VALUE"""),"회사점심") -> 회사점심 | AD90: =IFERROR(__xludf.DUMMYFUNCTION("""COMPUTED_VALUE"""),"간식/카페") -> 간식/카페 | AE90: =IFERROR(__xludf.DUMMYFUNCTION("""COMPUTED_VALUE"""),"외식/배달") -> 외식/배달 | AF90: =IFERROR(__xludf.DUMMYFUNCTION("""COMPUTED_VALUE"""),"기타") -> 기타
H91: 45429 | I91: 🍪생활용품/교통비 | J91: 택시비 | K91: 14800 | L91: 국민카드 | N91: 택시 (당산-상암) | AB91: =IFERROR(__xludf.DUMMYFUNCTION("FILTER('설정시트'!$D$7:$K$20,'설정시트'!$C$7:$C$20=I91)"),"#N/A") -> #N/A
H92: 45430 | I92: 🍪식비 | J92: 외식/배달 | K92: 23000 | L92: 국민카드 | N92: 현선이네 | AB92: =IFERROR(__xludf.DUMMYFUNCTION("FILTER('설정시트'!$D$7:$K$20,'설정시트'!$C$7:$C$20=I92)"),"식재료비") -> 식재료비 | AC92: =IFERROR(__xludf.DUMMYFUNCTION("""COMPUTED_VALUE"""),"회사점심") -> 회사점심 | AD92: =IFERROR(__xludf.DUMMYFUNCTION("""COMPUTED_VALUE"""),"간식/카페") -> 간식/카페 | AE92: =IFERROR(__xludf.DUMMYFUNCTION("""COMPUTED_VALUE"""),"외식/배달") -> 외식/배달 | AF92: =IFERROR(__xludf.DUMMYFUNCTION("""COMPUTED_VALUE"""),"기타") -> 기타
H93: 45431 | I93: 🍪식비 | J93: 간식/카페 | K93: 34100 | L93: 현대카드 | N93: 설빙 (로드리고+애들) | AB93: =IFERROR(__xludf.DUMMYFUNCTION("FILTER('설정시트'!$D$7:$K$20,'설정시트'!$C$7:$C$20=I93)"),"식재료비") -> 식재료비 | AC93: =IFERROR(__xludf.DUMMYFUNCTION("""COMPUTED_VALUE"""),"회사점심") -> 회사점심 | AD93: =IFERROR(__xludf.DUMMYFUNCTION("""COMPUTED_VALUE"""),"간식/카페") -> 간식/카페 | AE93: =IFERROR(__xludf.DUMMYFUNCTION("""COMPUTED_VALUE"""),"외식/배달") -> 외식/배달 | AF93: =IFERROR(__xludf.DUMMYFUNCTION("""COMPUTED_VALUE"""),"기타") -> 기타
H94: 45431 | I94: 🍪식비 | J94: 식재료비 | K94: 19790 | L94: 국민카드 | N94: _x0008_쿠팡 (진간장, 오이, 양파, 두부) | AB94: =IFERROR(__xludf.DUMMYFUNCTION("FILTER('설정시트'!$D$7:$K$20,'설정시트'!$C$7:$C$20=I94)"),"식재료비") -> 식재료비 | AC94: =IFERROR(__xludf.DUMMYFUNCTION("""COMPUTED_VALUE"""),"회사점심") -> 회사점심 | AD94: =IFERROR(__xludf.DUMMYFUNCTION("""COMPUTED_VALUE"""),"간식/카페") -> 간식/카페 | AE94: =IFERROR(__xludf.DUMMYFUNCTION("""COMPUTED_VALUE"""),"외식/배달") -> 외식/배달 | AF94: =IFERROR(__xludf.DUMMYFUNCTION("""COMPUTED_VALUE"""),"기타") -> 기타
H95: 45431 | I95: 🍪생활용품/교통비 | J95: 택시비 | K95: 6800 | L95: 국민카드 | N95: 부천 (까다,애림) | AB95: =IFERROR(__xludf.DUMMYFUNCTION("FILTER('설정시트'!$D$7:$K$20,'설정시트'!$C$7:$C$20=I95)"),"#N/A") -> #N/A
H96: 45432 | I96: 🍪식비 | J96: 회사점심 | K96: 6500 | L96: 현대카드 | N96: 여우애김밥 | AB96: =IFERROR(__xludf.DUMMYFUNCTION("FILTER('설정시트'!$D$7:$K$20,'설정시트'!$C$7:$C$20=I96)"),"식재료비") -> 식재료비 | AC96: =IFERROR(__xludf.DUMMYFUNCTION("""COMPUTED_VALUE"""),"회사점심") -> 회사점심 | AD96: =IFERROR(__xludf.DUMMYFUNCTION("""COMPUTED_VALUE"""),"간식/카페") -> 간식/카페 | AE96: =IFERROR(__xludf.DUMMYFUNCTION("""COMPUTED_VALUE"""),"외식/배달") -> 외식/배달 | AF96: =IFERROR(__xludf.DUMMYFUNCTION("""COMPUTED_VALUE"""),"기타") -> 기타
H97: 45432 | I97: 🍪식비 | J97: 간식/카페 | K97: 4800 | L97: 현대카드 | N97: 편의점 | AB97: =IFERROR(__xludf.DUMMYFUNCTION("FILTER('설정시트'!$D$7:$K$20,'설정시트'!$C$7:$C$20=I97)"),"식재료비") -> 식재료비 | AC97: =IFERROR(__xludf.DUMMYFUNCTION("""COMPUTED_VALUE"""),"회사점심") -> 회사점심 | AD97: =IFERROR(__xludf.DUMMYFUNCTION("""COMPUTED_VALUE"""),"간식/카페") -> 간식/카페 | AE97: =IFERROR(__xludf.DUMMYFUNCTION("""COMPUTED_VALUE"""),"외식/배달") -> 외식/배달 | AF97: =IFERROR(__xludf.DUMMYFUNCTION("""COMPUTED_VALUE"""),"기타") -> 기타
H98: 45432 | I98: 🍪식비 | J98: 식재료비 | K98: 21930 | L98: 국민카드 | N98: 쿠팡 (계란, 소세지, 양배추, 애호박) | AB98: =IFERROR(__xludf.DUMMYFUNCTION("FILTER('설정시트'!$D$7:$K$20,'설정시트'!$C$7:$C$20=I98)"),"식재료비") -> 식재료비 | AC98: =IFERROR(__xludf.DUMMYFUNCTION("""COMPUTED_VALUE"""),"회사점심") -> 회사점심 | AD98: =IFERROR(__xludf.DUMMYFUNCTION("""COMPUTED_VALUE"""),"간식/카페") -> 간식/카페 | AE98: =IFERROR(__xludf.DUMMYFUNCTION("""COMPUTED_VALUE"""),"외식/배달") -> 외식/배달 | AF98: =IFERROR(__xludf.DUMMYFUNCTION("""COMPUTED_VALUE"""),"기타") -> 기타
H99: 45432 | I99: 🍪경조사비 | J99: 생신/생일선물 | K99: 53900 | L99: 국민카드 | N99: 팡즈 생일선물 (속옷) | AB99: =IFERROR(__xludf.DUMMYFUNCTION("FILTER('설정시트'!$D$7:$K$20,'설정시트'!$C$7:$C$20=I99)"),"#N/A") -> #N/A
H100: 45433 | I100: 🍪기타 | J100: 영양제 | K100: 28360 | L100: 국민카드 | N100: _x0008_쿠팡 _x0008_(질유산균) | AB100: =IFERROR(__xludf.DUMMYFUNCTION("FILTER('설정시트'!$D$7:$K$20,'설정시트'!$C$7:$C$20=I100)"),"약국") -> 약국 | AC100: =IFERROR(__xludf.DUMMYFUNCTION("""COMPUTED_VALUE"""),"병원비") -> 병원비 | AD100: =IFERROR(__xludf.DUMMYFUNCTION("""COMPUTED_VALUE"""),"영양제") -> 영양제 | AE100: =IFERROR(__xludf.DUMMYFUNCTION("""COMPUTED_VALUE"""),"교통비") -> 교통비 | AF100: =IFERROR(__xludf.DUMMYFUNCTION("""COMPUTED_VALUE"""),"주유비") -> 주유비 | AG100: =IFERROR(__xludf.DUMMYFUNCTION("""COMPUTED_VALUE"""),"기타") -> 기타
H101: 45434 | I101: 🍪식비 | J101: 간식/카페 | K101: 7000 | L101: 국민카드 | N101: 에그타르트 | AB101: =IFERROR(__xludf.DUMMYFUNCTION("FILTER('설정시트'!$D$7:$K$20,'설정시트'!$C$7:$C$20=I101)"),"식재료비") -> 식재료비 | AC101: =IFERROR(__xludf.DUMMYFUNCTION("""COMPUTED_VALUE"""),"회사점심") -> 회사점심 | AD101: =IFERROR(__xludf.DUMMYFUNCTION("""COMPUTED_VALUE"""),"간식/카페") -> 간식/카페 | AE101: =IFERROR(__xludf.DUMMYFUNCTION("""COMPUTED_VALUE"""),"외식/배달") -> 외식/배달 | AF101: =IFERROR(__xludf.DUMMYFUNCTION("""COMPUTED_VALUE"""),"기타") -> 기타
H102: 45434 | I102: 🍪기타 | J102: 기타 | K102: 11030 | L102: 국민카드 | N102: 쿠팡 (임테기) | AB102: =IFERROR(__xludf.DUMMYFUNCTION("FILTER('설정시트'!$D$7:$K$20,'설정시트'!$C$7:$C$20=I102)"),"약국") -> 약국 | AC102: =IFERROR(__xludf.DUMMYFUNCTION("""COMPUTED_VALUE"""),"병원비") -> 병원비 | AD102: =IFERROR(__xludf.DUMMYFUNCTION("""COMPUTED_VALUE"""),"영양제") -> 영양제 | AE102: =IFERROR(__xludf.DUMMYFUNCTION("""COMPUTED_VALUE"""),"교통비") -> 교통비 | AF102: =IFERROR(__xludf.DUMMYFUNCTION("""COMPUTED_VALUE"""),"주유비") -> 주유비 | AG102: =IFERROR(__xludf.DUMMYFUNCTION("""COMPUTED_VALUE"""),"기타") -> 기타
H103: 45434 | I103: 🍪식비 | J103: 식재료비 | K103: 15850 | L103: 국민카드 | N103: 쿠팡 (생수) | AB103: =IFERROR(__xludf.DUMMYFUNCTION("FILTER('설정시트'!$D$7:$K$20,'설정시트'!$C$7:$C$20=I103)"),"식재료비") -> 식재료비 | AC103: =IFERROR(__xludf.DUMMYFUNCTION("""COMPUTED_VALUE"""),"회사점심") -> 회사점심 | AD103: =IFERROR(__xludf.DUMMYFUNCTION("""COMPUTED_VALUE"""),"간식/카페") -> 간식/카페 | AE103: =IFERROR(__xludf.DUMMYFUNCTION("""COMPUTED_VALUE"""),"외식/배달") -> 외식/배달 | AF103: =IFERROR(__xludf.DUMMYFUNCTION("""COMPUTED_VALUE"""),"기타") -> 기타
H104: 45434 | I104: 🍪식비 | J104: 외식/배달 | K104: 42000 | L104: 국민카드 | N104: 제주도감 | AB104: =IFERROR(__xludf.DUMMYFUNCTION("FILTER('설정시트'!$D$7:$K$20,'설정시트'!$C$7:$C$20=I104)"),"식재료비") -> 식재료비 | AC104: =IFERROR(__xludf.DUMMYFUNCTION("""COMPUTED_VALUE"""),"회사점심") -> 회사점심 | AD104: =IFERROR(__xludf.DUMMYFUNCTION("""COMPUTED_VALUE"""),"간식/카페") -> 간식/카페 | AE104: =IFERROR(__xludf.DUMMYFUNCTION("""COMPUTED_VALUE"""),"외식/배달") -> 외식/배달 | AF104: =IFERROR(__xludf.DUMMYFUNCTION("""COMPUTED_VALUE"""),"기타") -> 기타
H105: 45435 | I105: 🍪식비 | J105: 회사점심 | K105: 62300 | L105: 현대카드 | N105: 피슈마라홍탕 | R105: 애기들이라 내가 한번샀어유.. | AB105: =IFERROR(__xludf.DUMMYFUNCTION("FILTER('설정시트'!$D$7:$K$20,'설정시트'!$C$7:$C$20=I105)"),"식재료비") -> 식재료비 | AC105: =IFERROR(__xludf.DUMMYFUNCTION("""COMPUTED_VALUE"""),"회사점심") -> 회사점심 | AD105: =IFERROR(__xludf.DUMMYFUNCTION("""COMPUTED_VALUE"""),"간식/카페") -> 간식/카페 | AE105: =IFERROR(__xludf.DUMMYFUNCTION("""COMPUTED_VALUE"""),"외식/배달") -> 외식/배달 | AF105: =IFERROR(__xludf.DUMMYFUNCTION("""COMPUTED_VALUE"""),"기타") -> 기타
H106: 45435 | I106: 🍪식비 | J106: 외식/배달 | K106: 12200 | L106: 국민카드 | N106: 옥토끼 | AB106: =IFERROR(__xludf.DUMMYFUNCTION("FILTER('설정시트'!$D$7:$K$20,'설정시트'!$C$7:$C$20=I106)"),"식재료비") -> 식재료비 | AC106: =IFERROR(__xludf.DUMMYFUNCTION("""COMPUTED_VALUE"""),"회사점심") -> 회사점심 | AD106: =IFERROR(__xludf.DUMMYFUNCTION("""COMPUTED_VALUE"""),"간식/카페") -> 간식/카페 | AE106: =IFERROR(__xludf.DUMMYFUNCTION("""COMPUTED_VALUE"""),"외식/배달") -> 외식/배달 | AF106: =IFERROR(__xludf.DUMMYFUNCTION("""COMPUTED_VALUE"""),"기타") -> 기타
H107: 45435 | I107: 🍪생활용품/교통비 | J107: 주방/욕실 | K107: 46860 | L107: 국민카드 | N107: 타월 | AB107: =IFERROR(__xludf.DUMMYFUNCTION("FILTER('설정시트'!$D$7:$K$20,'설정시트'!$C$7:$C$20=I107)"),"#N/A") -> #N/A
H108: 45435 | I108: 🍪생활용품/교통비 | J108: 주방/욕실 | K108: 46860 | L108: 국민카드 | N108: 타월(부천) | AB108: =IFERROR(__xludf.DUMMYFUNCTION("FILTER('설정시트'!$D$7:$K$20,'설정시트'!$C$7:$C$20=I108)"),"#N/A") -> #N/A
H109: 45435 | I109: 🍪식비 | J109: 식재료비 | K109: 7900 | L109: 국민카드 | N109: 수색마트 | AB109: =IFERROR(__xludf.DUMMYFUNCTION("FILTER('설정시트'!$D$7:$K$20,'설정시트'!$C$7:$C$20=I109)"),"식재료비") -> 식재료비 | AC109: =IFERROR(__xludf.DUMMYFUNCTION("""COMPUTED_VALUE"""),"회사점심") -> 회사점심 | AD109: =IFERROR(__xludf.DUMMYFUNCTION("""COMPUTED_VALUE"""),"간식/카페") -> 간식/카페 | AE109: =IFERROR(__xludf.DUMMYFUNCTION("""COMPUTED_VALUE"""),"외식/배달") -> 외식/배달 | AF109: =IFERROR(__xludf.DUMMYFUNCTION("""COMPUTED_VALUE"""),"기타") -> 기타
H110: 45435 | I110: 수입 | J110: 🍪 월급 | K110: 3300000 | L110: 현금/이체 | N110: 월급 | AB110: =IFERROR(__xludf.DUMMYFUNCTION("FILTER('설정시트'!$D$7:$K$20,'설정시트'!$C$7:$C$20=I110)"),"🍪 월급") -> 🍪 월급 | AC110: =IFERROR(__xludf.DUMMYFUNCTION("""COMPUTED_VALUE"""),"🍪 부수입") -> 🍪 부수입 | AD110: =IFERROR(__xludf.DUMMYFUNCTION("""COMPUTED_VALUE"""),"🐻 월급") -> 🐻 월급 | AE110: =IFERROR(__xludf.DUMMYFUNCTION("""COMPUTED_VALUE"""),"🐻 부수입") -> 🐻 부수입 | AF110: =IFERROR(__xludf.DUMMYFUNCTION("""COMPUTED_VALUE"""),"기타") -> 기타
H111: 45436 | I111: 🍪경조사비 | J111: 기타 | K111: 52900 | L111: 국민카드 | N111: 지수 출산선물 (애착인형) | AB111: =IFERROR(__xludf.DUMMYFUNCTION("FILTER('설정시트'!$D$7:$K$20,'설정시트'!$C$7:$C$20=I111)"),"#N/A") -> #N/A
H112: 45436 | I112: 🍪여가비 | J112: 문화생활 | K112: 11000 | L112: 국민카드 | N112: 영화 | AB112: =IFERROR(__xludf.DUMMYFUNCTION("FILTER('설정시트'!$D$7:$K$20,'설정시트'!$C$7:$C$20=I112)"),"의류/잡화") -> 의류/잡화 | AC112: =IFERROR(__xludf.DUMMYFUNCTION("""COMPUTED_VALUE"""),"OTT") -> OTT | AD112: =IFERROR(__xludf.DUMMYFUNCTION("""COMPUTED_VALUE"""),"문화생활") -> 문화생활 | AE112: =IFERROR(__xludf.DUMMYFUNCTION("""COMPUTED_VALUE"""),"자기계발") -> 자기계발 | AF112: =IFERROR(__xludf.DUMMYFUNCTION("""COMPUTED_VALUE"""),"미용") -> 미용 | AG112: =IFERROR(__xludf.DUMMYFUNCTION("""COMPUTED_VALUE"""),"기타") -> 기타
...

Sheet 6월
C3: 2024 | D3: 6
R8: S | S8: M | T8: T | U8: W | V8: T | W8: F | X8: S | Y8: 누적 | AB8: 대분류 | AC8: 합계
R9: =DATE($C$3,$D$3,1)-WEEKDAY(DATE($C$3,$D$3,1))+1 -> 45438 | S9: =R9 + 1 -> 45439 | T9: =S9 + 1 -> 45440 | U9: =T9 + 1 -> 45441 | V9: =U9 + 1 -> 45442 | W9: =V9 + 1 -> 45443 | X9: =W9 + 1 -> 45444 | AB9: =$H$25 -> 🍪고정비 | AC9: =$K$31 -> 445730 | AD9: =_xlfn.RANK.EQ(AC9,$AB$9:$AC$20,0) + ROW(AB1)/10000 -> 6.0001 | AE9: =SMALL($AD$9:$AD$20, ROW(AB1)) -> 1.0007 | AF9: =INDEX($AB$9:$AB$20,MATCH(AE9,$AD$9:$AD$20,0)) -> 🍪여가비 | AG9: =INDEX($AC$9:$AC$20,MATCH(AE9,$AD$9:$AD$20,0)) -> 1769335
R10: =SUMIFS($K$62:$K$500,$H$62:$H$500,R9,$I$62:$I$500,"<>수입",$I$62:$I$500,"<>저축") -> 0 | S10: =SUMIFS($K$62:$K$500,$H$62:$H$500,S9,$I$62:$I$500,"<>수입",$I$62:$I$500,"<>저축") -> 0 | T10: =SUMIFS($K$62:$K$500,$H$62:$H$500,T9,$I$62:$I$500,"<>수입",$I$62:$I$500,"<>저축") -> 0 | U10: =SUMIFS($K$62:$K$500,$H$62:$H$500,U9,$I$62:$I$500,"<>수입",$I$62:$I$500,"<>저축") -> 0 | V10: =SUMIFS($K$62:$K$500,$H$62:$H$500,V9,$I$62:$I$500,"<>수입",$I$62:$I$500,"<>저축") -> 0 | W10: =SUMIFS($K$62:$K$500,$H$62:$H$500,W9,$I$62:$I$500,"<>수입",$I$62:$I$500,"<>저축") -> 0 | X10: =SUMIFS($K$62:$K$500,$H$62:$H$500,X9,$I$62:$I$500,"<>수입",$I$62:$I$500,"<>저축") -> 742790 | Y10: =SUM(R10:X10) -> 742790 | AB10: =$H$33 -> 🐻고정비 | AC10: =$K$39 -> 327639 | AD10: =_xlfn.RANK.EQ(AC10,$AB$9:$AC$20,0) + ROW(AB2)/10000 -> 8.0002 | AE10: =SMALL($AD$9:$AD$20, ROW(AB2)) -> 2.0008 | AF10: =INDEX($AB$9:$AB$20,MATCH(AE10,$AD$9:$AD$20,0)) -> 🐻여가비 | AG10: =INDEX($AC$9:$AC$20,MATCH(AE10,$AD$9:$AD$20,0)) -> 1449617
C11: 항목 | D11: 금액 | R11: =R9 + 7 -> 45445 | S11: =S9 + 7 -> 45446 | T11: =T9 + 7 -> 45447 | U11: =U9 + 7 -> 45448 | V11: =V9 + 7 -> 45449 | W11: =W9 + 7 -> 45450 | X11: =X9 + 7 -> 45451 | AB11: =$H$41 -> 🍪생필품 | AC11: =$K$47 -> 103290 | AD11: =_xlfn.RANK.EQ(AC11,$AB$9:$AC$20,0) + ROW(AB3)/10000 -> 10.0003 | AE11: =SMALL($AD$9:$AD$20, ROW(AB3)) -> 3.0005 | AF11: =INDEX($AB$9:$AB$20,MATCH(AE11,$AD$9:$AD$20,0)) -> 🍪식비 | AG11: =INDEX($AC$9:$AC$20,MATCH(AE11,$AD$9:$AD$20,0)) -> 885844
C12: 총수입 | D12: =F33 -> 28071244 | R12: =SUMIFS($K$62:$K$500,$H$62:$H$500,R11,$I$62:$I$500,"<>수입",$I$62:$I$500,"<>저축") -> 413600 | S12: =SUMIFS($K$62:$K$500,$H$62:$H$500,S11,$I$62:$I$500,"<>수입",$I$62:$I$500,"<>저축") -> 2000 | T12: =SUMIFS($K$62:$K$500,$H$62:$H$500,T11,$I$62:$I$500,"<>수입",$I$62:$I$500,"<>저축") -> 125134 | U12: =SUMIFS($K$62:$K$500,$H$62:$H$500,U11,$I$62:$I$500,"<>수입",$I$62:$I$500,"<>저축") -> 90840 | V12: =SUMIFS($K$62:$K$500,$H$62:$H$500,V11,$I$62:$I$500,"<>수입",$I$62:$I$500,"<>저축") -> 103410 | W12: =SUMIFS($K$62:$K$500,$H$62:$H$500,W11,$I$62:$I$500,"<>수입",$I$62:$I$500,"<>저축") -> 255600 | X12: =SUMIFS($K$62:$K$500,$H$62:$H$500,X11,$I$62:$I$500,"<>수입",$I$62:$I$500,"<>저축") -> 56500 | Y12: =SUM(R12:X12) -> 1047084 | AB12: =$H$49 -> 🐻생필품 | AC12: =$K$55 -> 6400 | AD12: =_xlfn.RANK.EQ(AC12,$AB$9:$AC$20,0) + ROW(AB4)/10000 -> 12.0004 | AE12: =SMALL($AD$9:$AD$20, ROW(AB4)) -> 4.0012 | AF12: =INDEX($AB$9:$AB$20,MATCH(AE12,$AD$9:$AD$20,0)) -> 🐻 이벤트성 | AG12: =INDEX($AC$9:$AC$20,MATCH(AE12,$AD$9:$AD$20,0)) -> 821280
E13: 결제수단 | F13: 금액 | R13: =R11+7 -> 45452 | S13: =S11+7 -> 45453 | T13: =T11+7 -> 45454 | U13: =U11+7 -> 45455 | V13: =V11+7 -> 45456 | W13: =W11+7 -> 45457 | X13: =X11+7 -> 45458 | AB13: =$M$25 -> 🍪식비 | AC13: =$P$31 -> 885844 | AD13: =_xlfn.RANK.EQ(AC13,$AB$9:$AC$20,0) + ROW(AB5)/10000 -> 3.0005 | AE13: =SMALL($AD$9:$AD$20, ROW(AB5)) -> 5.0011 | AF13: =INDEX($AB$9:$AB$20,MATCH(AE13,$AD$9:$AD$20,0)) -> 🍪이벤트성 | AG13: =INDEX($AC$9:$AC$20,MATCH(AE13,$AD$9:$AD$20,0)) -> 734190
C14: 총지출 | D14: =SUM($K$31+$K$39+$K$47+$K$55+$P$31+$P$39+$P$47+$P$55+X31+X39+X47+X55) -> 7204765 | E14: 체크카드 | F14: =SUMIFS($K$62:$K$500,$L$62:$L$500,E14,$I$62:$I$500,"<>수입",$I$62:$I$500,"<>저축") -> 155697 | R14: =SUMIFS($K$62:$K$500,$H$62:$H$500,R13,$I$62:$I$500,"<>수입",$I$62:$I$500,"<>저축") -> 68200 | S14: =SUMIFS($K$62:$K$500,$H$62:$H$500,S13,$I$62:$I$500,"<>수입",$I$62:$I$500,"<>저축") -> 237810 | T14: =SUMIFS($K$62:$K$500,$H$62:$H$500,T13,$I$62:$I$500,"<>수입",$I$62:$I$500,"<>저축") -> 111060 | U14: =SUMIFS($K$62:$K$500,$H$62:$H$500,U13,$I$62:$I$500,"<>수입",$I$62:$I$500,"<>저축") -> 1300100 | V14: =SUMIFS($K$62:$K$500,$H$62:$H$500,V13,$I$62:$I$500,"<>수입",$I$62:$I$500,"<>저축") -> 43900 | W14: =SUMIFS($K$62:$K$500,$H$62:$H$500,W13,$I$62:$I$500,"<>수입",$I$62:$I$500,"<>저축") -> 170000 | X14: =SUMIFS($K$62:$K$500,$H$62:$H$500,X13,$I$62:$I$500,"<>수입",$I$62:$I$500,"<>저축") -> 44500 | Y14: =SUM(R14:X14) -> 1975570 | AB14: =$M$33 -> 🐻식비 | AC14: =$P$39 -> 377840 | AD14: =_xlfn.RANK.EQ(AC14,$AB$9:$AC$20,0) + ROW(AB6)/10000 -> 7.0006 | AE14: =SMALL($AD$9:$AD$20, ROW(AB6)) -> 6.0001 | AF14: =INDEX($AB$9:$AB$20,MATCH(AE14,$AD$9:$AD$20,0)) -> 🍪고정비 | AG14: =INDEX($AC$9:$AC$20,MATCH(AE14,$AD$9:$AD$20,0)) -> 445730
E15: 현금/이체 | F15: =SUMIFS($K$62:$K$500,$L$62:$L$500,E15,$I$62:$I$500,"<>수입",$I$62:$I$500,"<>저축") -> 3100230 | R15: =R13+7 -> 45459 | S15: =S13+7 -> 45460 | T15: =T13+7 -> 45461 | U15: =U13+7 -> 45462 | V15: =V13+7 -> 45463 | W15: =W13+7 -> 45464 | X15: =X13+7 -> 45465 | AB15: =$M$41 -> 🍪여가비 | AC15: =$P$47 -> 1769335 | AD15: =_xlfn.RANK.EQ(AC15,$AB$9:$AC$20,0) + ROW(AB7)/10000 -> 1.0007 | AE15: =SMALL($AD$9:$AD$20, ROW(AB7)) -> 7.0006 | AF15: =INDEX($AB$9:$AB$20,MATCH(AE15,$AD$9:$AD$20,0)) -> 🐻식비 | AG15: =INDEX($AC$9:$AC$20,MATCH(AE15,$AD$9:$AD$20,0)) -> 377840
C16: 총저축 | D16: =F43 -> 14220000 | E16: 현대카드 | F16: =SUMIFS($K$62:$K$500,$L$62:$L$500,E16,$I$62:$I$500,"<>수입",$I$62:$I$500,"<>저축") -> 1130249 | H16: 이벤트 | R16: =SUMIFS($K$62:$K$500,$H$62:$H$500,R15,$I$62:$I$500,"<>수입",$I$62:$I$500,"<>저축") -> 78700 | S16: =SUMIFS($K$62:$K$500,$H$62:$H$500,S15,$I$62:$I$500,"<>수입",$I$62:$I$500,"<>저축") -> 224540 | T16: =SUMIFS($K$62:$K$500,$H$62:$H$500,T15,$I$62:$I$500,"<>수입",$I$62:$I$500,"<>저축") -> 20400 | U16: =SUMIFS($K$62:$K$500,$H$62:$H$500,U15,$I$62:$I$500,"<>수입",$I$62:$I$500,"<>저축") -> 342659 | V16: =SUMIFS($K$62:$K$500,$H$62:$H$500,V15,$I$62:$I$500,"<>수입",$I$62:$I$500,"<>저축") -> 47810 | W16: =SUMIFS($K$62:$K$500,$H$62:$H$500,W15,$I$62:$I$500,"<>수입",$I$62:$I$500,"<>저축") -> 48090 | X16: =SUMIFS($K$62:$K$500,$H$62:$H$500,X15,$I$62:$I$500,"<>수입",$I$62:$I$500,"<>저축") -> 23150 | Y16: =SUM(R16:X16) -> 785349 | AB16: =$M$49 -> 🐻여가비 | AC16: =$P$55 -> 1449617 | AD16: =_xlfn.RANK.EQ(AC16,$AB$9:$AC$20,0) + ROW(AB8)/10000 -> 2.0008 | AE16: =SMALL($AD$9:$AD$20, ROW(AB8)) -> 8.0002 | AF16: =INDEX($AB$9:$AB$20,MATCH(AE16,$AD$9:$AD$20,0)) -> 🐻고정비 | AG16: =INDEX($AC$9:$AC$20,MATCH(AE16,$AD$9:$AD$20,0)) -> 327639
E17: 국민카드 | F17: =SUMIFS($K$62:$K$500,$L$62:$L$500,E17,$I$62:$I$500,"<>수입",$I$62:$I$500,"<>저축") -> 510640 | H17: _x0008_엄마 칠순 | J17: 50 | R17: =R15+7 -> 45466 | S17: =S15+7 -> 45467 | T17: =T15+7 -> 45468 | U17: =U15+7 -> 45469 | V17: =V15+7 -> 45470 | W17: =W15+7 -> 45471 | X17: =X15+7 -> 45472 | AB17: =$R$25 -> 🍪기타 | AC17: =$X$31 -> 38200 | AD17: =_xlfn.RANK.EQ(AC17,$AB$9:$AC$20,0) + ROW(AB9)/10000 -> 11.0009 | AE17: =SMALL($AD$9:$AD$20, ROW(AB9)) -> 9.001 | AF17: =INDEX($AB$9:$AB$20,MATCH(AE17,$AD$9:$AD$20,0)) -> 🐻기타 | AG17: =INDEX($AC$9:$AC$20,MATCH(AE17,$AD$9:$AD$20,0)) -> 245400
C18: 잉여현금 | D18: =D12-D14-D16 -> 6646479 | E18: 현백카드 | F18: =SUMIFS($K$62:$K$500,$L$62:$L$500,E18,$I$62:$I$500,"<>수입",$I$62:$I$500,"<>저축") -> 355520 | H18: 칠순 식사비 | J18: 20 | R18: =SUMIFS($K$62:$K$500,$H$62:$H$500,R17,$I$62:$I$500,"<>수입",$I$62:$I$500,"<>저축") -> 542000 | S18: =SUMIFS($K$62:$K$500,$H$62:$H$500,S17,$I$62:$I$500,"<>수입",$I$62:$I$500,"<>저축") -> 22400 | T18: =SUMIFS($K$62:$K$500,$H$62:$H$500,T17,$I$62:$I$500,"<>수입",$I$62:$I$500,"<>저축") -> 383280 | U18: =SUMIFS($K$62:$K$500,$H$62:$H$500,U17,$I$62:$I$500,"<>수입",$I$62:$I$500,"<>저축") -> 945819 | V18: =SUMIFS($K$62:$K$500,$H$62:$H$500,V17,$I$62:$I$500,"<>수입",$I$62:$I$500,"<>저축") -> 124190 | W18: =SUMIFS($K$62:$K$500,$H$62:$H$500,W17,$I$62:$I$500,"<>수입",$I$62:$I$500,"<>저축") -> 31900 | X18: =SUMIFS($K$62:$K$500,$H$62:$H$500,X17,$I$62:$I$500,"<>수입",$I$62:$I$500,"<>저축") -> 326758 | Y18: =SUM(R18:X18) -> 2376347 | AB18: =$R$33 -> 🐻기타 | AC18: =$X$39 -> 245400 | AD18: =_xlfn.RANK.EQ(AC18,$AB$9:$AC$20,0) + ROW(AB10)/10000 -> 9.001 | AE18: =SMALL($AD$9:$AD$20, ROW(AB10)) -> 10.0003 | AF18: =INDEX($AB$9:$AB$20,MATCH(AE18,$AD$9:$AD$20,0)) -> 🍪생필품 | AG18: =INDEX($AC$9:$AC$20,MATCH(AE18,$AD$9:$AD$20,0)) -> 103290
C19: 총저축률 | D19: =(D16+D18)/D12 -> 0.74334002 | E19: 하나카드 | F19: =SUMIFS($K$62:$K$500,$L$62:$L$500,E19,$I$62:$I$500,"<>수입",$I$62:$I$500,"<>저축") -> 1952429 | H19: 보선이형 생일 | J19: 18 | R19: =R17+7 -> 45473 | S19: =S17+7 -> 45474 | T19: =T17+7 -> 45475 | U19: =U17+7 -> 45476 | V19: =V17+7 -> 45477 | W19: =W17+7 -> 45478 | X19: =X17+7 -> 45479 | AB19: =$R$41 -> 🍪이벤트성 | AC19: =$X$47 -> 734190 | AD19: =_xlfn.RANK.EQ(AC19,$AB$9:$AC$20,0) + ROW(AB11)/10000 -> 5.0011 | AE19: =SMALL($AD$9:$AD$20, ROW(AB11)) -> 11.0009 | AF19: =INDEX($AB$9:$AB$20,MATCH(AE19,$AD$9:$AD$20,0)) -> 🍪기타 | AG19: =INDEX($AC$9:$AC$20,MATCH(AE19,$AD$9:$AD$20,0)) -> 38200
C20: 현금저축률 | D20: =D18/D12 -> 0.2367718 | E20: 총지출 | F20: =SUM($F$14:$F$19) -> 7204765 | R20: =SUMIFS($K$62:$K$500,$H$62:$H$500,R19,$I$62:$I$500,"<>수입",$I$62:$I$500,"<>저축") -> 271125 | S20: =SUMIFS($K$62:$K$500,$H$62:$H$500,S19,$I$62:$I$500,"<>수입",$I$62:$I$500,"<>저축") -> 0 | T20: =SUMIFS($K$62:$K$500,$H$62:$H$500,T19,$I$62:$I$500,"<>수입",$I$62:$I$500,"<>저축") -> 0 | U20: =SUMIFS($K$62:$K$500,$H$62:$H$500,U19,$I$62:$I$500,"<>수입",$I$62:$I$500,"<>저축") -> 0 | V20: =SUMIFS($K$62:$K$500,$H$62:$H$500,V19,$I$62:$I$500,"<>수입",$I$62:$I$500,"<>저축") -> 0 | W20: =SUMIFS($K$62:$K$500,$H$62:$H$500,W19,$I$62:$I$500,"<>수입",$I$62:$I$500,"<>저축") -> 0 | X20: =SUMIFS($K$62:$K$500,$H$62:$H$500,X19,$I$62:$I$500,"<>수입",$I$62:$I$500,"<>저축") -> 0 | Y20: =SUM(R20:X20) -> 271125 | AB20: =$R$49 -> 🐻 이벤트성 | AC20: =$X$55 -> 821280 | AD20: =_xlfn.RANK.EQ(AC20,$AB$9:$AC$20,0) + ROW(AB12)/10000 -> 4.0012 | AE20: =SMALL($AD$9:$AD$20, ROW(AB12)) -> 12.0004 | AF20: =INDEX($AB$9:$AB$20,MATCH(AE20,$AD$9:$AD$20,0)) -> 🐻생필품 | AG20: =INDEX($AC$9:$AC$20,MATCH(AE20,$AD$9:$AD$20,0)) -> 6400
C24: 대분류 | D24: 소분류 | E24: 목표 | F24: 합계 | H24: 대분류 | I24: 소분류 | J24: 예산 | K24: 합계 | M24: 대분류 | N24: 소분류 | O24: 예산 | P24: 합계 | R24: 대분류 | T24: 소분류 | V24: 예산 | X24: 합계
C25: 수입 | D25: 🍪 월급 | F25: =SUMIFS($K$62:$K$500,$I$62:$I$500,$C$25,$J$62:$J$500,D25) -> 3831300 | H25: 🍪고정비 | I25: 관리비 | K25: =SUMIFS($K$62:$K$500,$I$62:$I$500,$H$25,$J$62:$J$500,I25) -> 226170 | M25: 🍪식비 | N25: 식재료비 | P25: =SUMIFS($K$62:$K$500,$I$62:$I$500,$M$25,$J$62:$J$500,N25) -> 457034 | R25: 🍪기타 | T25: 약국 | X25: =SUMIFS($K$62:$K$500,$I$62:$I$500,$R$25,$J$62:$J$500,T25) -> 16400
D26: 🍪 부수입 | F26: =SUMIFS($K$62:$K$500,$I$62:$I$500,$C$25,$J$62:$J$500,D26) -> 2901000 | I26: 월세 | K26: =SUMIFS($K$62:$K$500,$I$62:$I$500,$H$25,$J$62:$J$500,I26) -> 100000 | N26: 회사점심 | P26: =SUMIFS($K$62:$K$500,$I$62:$I$500,$M$25,$J$62:$J$500,N26) -> 101600 | T26: 병원비 | X26: =SUMIFS($K$62:$K$500,$I$62:$I$500,$R$25,$J$62:$J$500,T26) -> 0
D27: 🐻 월급 | F27: =SUMIFS($K$62:$K$500,$I$62:$I$500,$C$25,$J$62:$J$500,D27) -> 8440744 | I27: 대출이자 | K27: =SUMIFS($K$62:$K$500,$I$62:$I$500,$H$25,$J$62:$J$500,I27) -> 0 | N27: 간식/카페 | P27: =SUMIFS($K$62:$K$500,$I$62:$I$500,$M$25,$J$62:$J$500,N27) -> 96900 | T27: 영양제 | X27: =SUMIFS($K$62:$K$500,$I$62:$I$500,$R$25,$J$62:$J$500,T27) -> 0
D28: 🐻 부수입 | F28: =SUMIFS($K$62:$K$500,$I$62:$I$500,$C$25,$J$62:$J$500,D28) -> 12898200 | I28: 통신비 | K28: =SUMIFS($K$62:$K$500,$I$62:$I$500,$H$25,$J$62:$J$500,I28) -> 89560 | N28: 외식/배달 | P28: =SUMIFS($K$62:$K$500,$I$62:$I$500,$M$25,$J$62:$J$500,N28) -> 140500 | T28: 교통비 | X28: =SUMIFS($K$62:$K$500,$I$62:$I$500,$R$25,$J$62:$J$500,T28) -> 21800
D29: 기타 | F29: =SUMIFS($K$62:$K$500,$I$62:$I$500,$C$25,$J$62:$J$500,D29) -> 0 | I29: 보험료 | K29: =SUMIFS($K$62:$K$500,$I$62:$I$500,$H$25,$J$62:$J$500,I29) -> 0 | N29: 기타 | P29: =SUMIFS($K$62:$K$500,$I$62:$I$500,$M$25,$J$62:$J$500,N29) -> 89810 | T29: 주유비 | X29: =SUMIFS($K$62:$K$500,$I$62:$I$500,$R$25,$J$62:$J$500,T29) -> 0
F30: =SUMIFS($K$62:$K$500,$I$62:$I$500,$C$25,$J$62:$J$500,D30) -> 0 | I30: 곗돈 | K30: =SUMIFS($K$62:$K$500,$I$62:$I$500,$H$25,$J$62:$J$500,I30) -> 30000 | P30: =SUMIFS($K$62:$K$500,$I$62:$I$500,$M$25,$J$62:$J$500,N30) -> 0 | T30: 기타 | X30: =SUMIFS($K$62:$K$500,$I$62:$I$500,$R$25,$J$62:$J$500,T30) -> 0
F31: =SUMIFS($K$62:$K$500,$I$62:$I$500,$C$25,$J$62:$J$500,D31) -> 0 | H31: =IF(H25=0,"","총"&H25) -> 총🍪고정비 | K31: =SUM(K25:K30) -> 445730 | M31: =IF(M25=0,"","총"&M25) -> 총🍪식비 | P31: =SUM(P25:P30) -> 885844 | R31: =IF(R25=0,"","총"&R25) -> 총🍪기타 | X31: =SUM(X25:X30) -> 38200
F32: =SUMIFS($K$62:$K$500,$I$62:$I$500,$C$25,$J$62:$J$500,D32) -> 0 | K32: =K31-J25 -> 445730 | P32: =P31-O25 -> 885844 | X32: =X31-V25 -> 38200
C33: =IF(C25=0,"","총"&C25) -> 총수입 | F33: =SUM(F25:F32) -> 28071244 | H33: 🐻고정비 | I33: 관리비 | K33: =SUMIFS($K$62:$K$500,$I$62:$I$500,$H$33,$J$62:$J$500,I33) -> 24720 | M33: 🐻식비 | N33: 식재료비 | P33: =SUMIFS($K$62:$K$500,$I$62:$I$500,$M$33,$J$62:$J$500,N33) -> 39340 | R33: 🐻기타 | T33: 약국 | X33: =SUMIFS($K$62:$K$500,$I$62:$I$500,$R$33,$J$62:$J$500,T33) -> 0
