Workbook
Name 대분류: '설정시트'!$C$7:$C$20
Name 결제수단: '설정시트'!$D$23:$J$23

Sheet 설정시트
C3: 연도 | D3: 2025
C6: 대분류 | D6: 소분류
C7: 수입 | D7: 🍪 월급 | E7: 🍪 부수입 | F7: 🐻 월급 | G7: 🐻 부수입 | H7: 기타
C8: 저축 | D8: 주택청약 | E8: 우리은행 | F8: 케이뱅크 | G8: 연금저축
C9: 🍪고정비 | D9: 관리비 | E9: 월세 | F9: 대출이자 | G9: 통신비 | H9: 보험료 | J9: 곗돈
C10: 🐻고정비 | D10: 관리비 | E10: 대출이자 | F10: 통신비 | G10: 보험료 | H10: 곗돈
C11: 🍪생필품 | D11: 주방/욕실 | E11: 소모품 | F11: 기타
C12: 🐻생필품 | D12: 주방/욕실 | E12: 소모품 | F12: 기타
C13: 🍪식비 | D13: 식재료비 | E13: 회사점심 | F13: 간식/카페 | G13: 외식/배달 | H13: 기타
C14: 🐻식비 | D14: 식재료비 | E14: 회사점심 | F14: 간식/카페 | G14: 외식/배달 | H14: 기타
C15: 🍪여가비 | D15: 의류/잡화 | E15: OTT | F15: 문화생활 | G15: 자기계발 | H15: 미용 | J15: 기타
C16: 🐻여가비 | D16: 의류/잡화 | E16: OTT | F16: 문화생활 | G16: 자기계발 | H16: 미용 | J16: 기타
C17: 🍪기타 | D17: 약국 | E17: 병원비 | F17: 영양제 | G17: 교통비 | H17: 주유비 | J17: 기타
C18: 🐻기타 | D18: 약국 | E18: 병원비 | F18: 영양제 | G18: 교통비 | H18: 주유비 | J18: 기타
C19: 🍪이벤트성 | D19: 축의/부의금 | E19: 생신/생일선물 | F19: 명절/어버이날 | G19: 여행 | H19: 기타 | I19: 출산
C20: 🐻 이벤트성 | D20: 축의/부의금 | E20: 생신/생일선물 | F20: 명절/어버이날 | G20: 여행 | H20: 기타 | I20: 출산
C23: 결제수단 | D23: 🍪체크카드(현영) | E23: 🍪현금/이체 | F23: 🍪전통시장(제로페이) | G23: 🍪현대카드 | H23: 🍪국민카드 | I23: 🍪기업카드 | J23: 🍪하나카드 | K23: 🐻체크카드(현영) | L23: 🐻현금/이체 | M23: 🐻전통시장(제로페이) | N23: 🐻하나카드 | O23: 🐻현백카드 | P23: 🐻국민카드

Sheet 연간시트
C6: 2025 | F6: 수입 | J6: 저축/현금 | N6: 지출
F8: =W52 -> 96087011 | J8: =X52 -> 1931734 | N8: =Y52 -> 94155277
V13: 지출 | W13: 합계
V14: =$C$81 -> 총🍪고정비 | W14: =$E$81 -> 5320373 | X14: =_xlfn.RANK.EQ(W14,$W$14:$W$25,0) + ROW(AE1)/10000 -> 5.0001 | Y14: =SMALL($X$14:$X$25, ROW(AE1)) -> 1.0011 | Z14: =INDEX($V$14:$V$25,MATCH(Y14,$X$14:$X$25,0)) -> 총🍪이벤트성 | AA14: =INDEX($W$14:$W$25,MATCH(Y14,$X$14:$X$25,0)) -> 45890106
V15: =$C$88 -> 총🐻고정비 | W15: =$E$88 -> 5740616 | X15: =_xlfn.RANK.EQ(W15,$W$14:$W$25,0) + ROW(AE2)/10000 -> 4.0002 | Y15: =SMALL($X$14:$X$25, ROW(AE2)) -> 2.0012 | Z15: =INDEX($V$14:$V$25,MATCH(Y15,$X$14:$X$25,0)) -> 총🐻 이벤트성 | AA15: =INDEX($W$14:$W$25,MATCH(Y15,$X$14:$X$25,0)) -> 10032724
V16: =$C$95 -> 총🍪생필품 | W16: =$E$95 -> 1976775 | X16: =_xlfn.RANK.EQ(W16,$W$14:$W$25,0) + ROW(AE3)/10000 -> 12.0003 | Y16: =SMALL($X$14:$X$25, ROW(AE3)) -> 3.0005 | Z16: =INDEX($V$14:$V$25,MATCH(Y16,$X$14:$X$25,0)) -> 총🍪식비 | AA16: =INDEX($W$14:$W$25,MATCH(Y16,$X$14:$X$25,0)) -> 5858619
V17: =$C$102 -> 총🐻생필품 | W17: =$E$102 -> 2924998 | X17: =_xlfn.RANK.EQ(W17,$W$14:$W$25,0) + ROW(AE4)/10000 -> 10.0004 | Y17: =SMALL($X$14:$X$25, ROW(AE4)) -> 4.0002 | Z17: =INDEX($V$14:$V$25,MATCH(Y17,$X$14:$X$25,0)) -> 총🐻고정비 | AA17: =INDEX($W$14:$W$25,MATCH(Y17,$X$14:$X$25,0)) -> 5740616
V18: =$C$109 -> 총🍪식비 | W18: =$E$109 -> 5858619 | X18: =_xlfn.RANK.EQ(W18,$W$14:$W$25,0) + ROW(AE5)/10000 -> 3.0005 | Y18: =SMALL($X$14:$X$25, ROW(AE5)) -> 5.0001 | Z18: =INDEX($V$14:$V$25,MATCH(Y18,$X$14:$X$25,0)) -> 총🍪고정비 | AA18: =INDEX($W$14:$W$25,MATCH(Y18,$X$14:$X$25,0)) -> 5320373
V19: =$C$116 -> 총🐻식비 | W19: =$E$116 -> 3620716 | X19: =_xlfn.RANK.EQ(W19,$W$14:$W$25,0) + ROW(AE6)/10000 -> 7.0006 | Y19: =SMALL($X$14:$X$25, ROW(AE6)) -> 6.001 | Z19: =INDEX($V$14:$V$25,MATCH(Y19,$X$14:$X$25,0)) -> 총🐻기타 | AA19: =INDEX($W$14:$W$25,MATCH(Y19,$X$14:$X$25,0)) -> 3646390
V20: =$C$123 -> 총🍪여가비 | W20: =$E$123 -> 3414407 | X20: =_xlfn.RANK.EQ(W20,$W$14:$W$25,0) + ROW(AE7)/10000 -> 8.0007 | Y20: =SMALL($X$14:$X$25, ROW(AE7)) -> 7.0006 | Z20: =INDEX($V$14:$V$25,MATCH(Y20,$X$14:$X$25,0)) -> 총🐻식비 | AA20: =INDEX($W$14:$W$25,MATCH(Y20,$X$14:$X$25,0)) -> 3620716
V21: =$C$130 -> 총🐻여가비 | W21: =$E$130 -> 2758802 | X21: =_xlfn.RANK.EQ(W21,$W$14:$W$25,0) + ROW(AE8)/10000 -> 11.0008 | Y21: =SMALL($X$14:$X$25, ROW(AE8)) -> 8.0007 | Z21: =INDEX($V$14:$V$25,MATCH(Y21,$X$14:$X$25,0)) -> 총🍪여가비 | AA21: =INDEX($W$14:$W$25,MATCH(Y21,$X$14:$X$25,0)) -> 3414407
V22: =$C$137 -> 총🍪기타 | W22: =$E$137 -> 2970751 | X22: =_xlfn.RANK.EQ(W22,$W$14:$W$25,0) + ROW(AE9)/10000 -> 9.0009 | Y22: =SMALL($X$14:$X$25, ROW(AE9)) -> 9.0009 | Z22: =INDEX($V$14:$V$25,MATCH(Y22,$X$14:$X$25,0)) -> 총🍪기타 | AA22: =INDEX($W$14:$W$25,MATCH(Y22,$X$14:$X$25,0)) -> 2970751
V23: =$C$144 -> 총🐻기타 | W23: =$E$144 -> 3646390 | X23: =_xlfn.RANK.EQ(W23,$W$14:$W$25,0) + ROW(AE10)/10000 -> 6.001 | Y23: =SMALL($X$14:$X$25, ROW(AE10)) -> 10.0004 | Z23: =INDEX($V$14:$V$25,MATCH(Y23,$X$14:$X$25,0)) -> 총🐻생필품 | AA23: =INDEX($W$14:$W$25,MATCH(Y23,$X$14:$X$25,0)) -> 2924998
V24: =$C$151 -> 총🍪이벤트성 | W24: =$E$151 -> 45890106 | X24: =_xlfn.RANK.EQ(W24,$W$14:$W$25,0) + ROW(AE11)/10000 -> 1.0011 | Y24: =SMALL($X$14:$X$25, ROW(AE11)) -> 11.0008 | Z24: =INDEX($V$14:$V$25,MATCH(Y24,$X$14:$X$25,0)) -> 총🐻여가비 | AA24: =INDEX($W$14:$W$25,MATCH(Y24,$X$14:$X$25,0)) -> 2758802
V25: =$C$158 -> 총🐻 이벤트성 | W25: =$E$158 -> 10032724 | X25: =_xlfn.RANK.EQ(W25,$W$14:$W$25,0) + ROW(AE12)/10000 -> 2.0012 | Y25: =SMALL($X$14:$X$25, ROW(AE12)) -> 12.0003 | Z25: =INDEX($V$14:$V$25,MATCH(Y25,$X$14:$X$25,0)) -> 총🍪생필품 | AA25: =INDEX($W$14:$W$25,MATCH(Y25,$X$14:$X$25,0)) -> 1976775
V29: 결제수단 | W29: 합계
V30: ='1월'!$E$14 -> 🍪기업카드 | W30: ='1월'!$F14+'2월'!$F14+'3월'!$F14+'4월'!$F14+'5월'!$F14+'6월'!$F14+'7월'!$F14+'8월'!$F14+'9월'!$F14+'10월'!$F14+'11월'!$F14+'12월'!$F14 -> #REF! | X30: =_xlfn.RANK.EQ(W30,$W$30:$W$35,0) + ROW(AE1)/10000 -> #REF! | Y30: =SMALL($X$30:$X$35, ROW(AE1)) -> #REF! | Z30: =INDEX($V$30:$V$35,MATCH(Y30,$X$30:$X$35,0)) -> #REF! | AA30: =INDEX($W$30:$W$35,MATCH(Y30,$X$30:$X$35,0)) -> #REF!
V31: ='1월'!$E$15 -> 🍪하나카드 | W31: ='1월'!$F15+'2월'!$F15+'3월'!$F15+'4월'!$F15+'5월'!$F15+'6월'!$F15+'7월'!$F15+'8월'!$F15+'9월'!$F15+'10월'!$F15+'11월'!$F15+'12월'!$F15 -> #REF! | X31: =_xlfn.RANK.EQ(W31,$W$30:$W$35,0) + ROW(AE2)/10000 -> #REF! | Y31: =SMALL($X$30:$X$35, ROW(AE2)) -> #REF! | Z31: =INDEX($V$30:$V$35,MATCH(Y31,$X$30:$X$35,0)) -> #REF! | AA31: =INDEX($W$30:$W$35,MATCH(Y31,$X$30:$X$35,0)) -> #REF!
V32: ='1월'!$E$16 -> 🐻체크카드(현영) | W32: ='1월'!$F16+'2월'!$F16+'3월'!$F16+'4월'!$F16+'5월'!$F16+'6월'!$F16+'7월'!$F16+'8월'!$F16+'9월'!$F16+'10월'!$F16+'11월'!$F16+'12월'!$F16 -> #REF! | X32: =_xlfn.RANK.EQ(W32,$W$30:$W$35,0) + ROW(AE3)/10000 -> #REF! | Y32: =SMALL($X$30:$X$35, ROW(AE3)) -> #REF! | Z32: =INDEX($V$30:$V$35,MATCH(Y32,$X$30:$X$35,0)) -> #REF! | AA32: =INDEX($W$30:$W$35,MATCH(Y32,$X$30:$X$35,0)) -> #REF!
V33: ='1월'!$E$17 -> 🐻현금/이체 | W33: ='1월'!$F17+'2월'!$F17+'3월'!$F17+'4월'!$F17+'5월'!$F17+'6월'!$F17+'7월'!$F17+'8월'!$F17+'9월'!$F17+'10월'!$F17+'11월'!$F17+'12월'!$F17 -> #REF! | X33: =_xlfn.RANK.EQ(W33,$W$30:$W$35,0) + ROW(AE4)/10000 -> #REF! | Y33: =SMALL($X$30:$X$35, ROW(AE4)) -> #REF! | Z33: =INDEX($V$30:$V$35,MATCH(Y33,$X$30:$X$35,0)) -> #REF! | AA33: =INDEX($W$30:$W$35,MATCH(Y33,$X$30:$X$35,0)) -> #REF!
V34: ='1월'!$E$18 -> 🐻전통시장(제로페이) | W34: ='1월'!$F18+'2월'!$F18+'3월'!$F18+'4월'!$F18+'5월'!$F18+'6월'!$F18+'7월'!$F18+'8월'!$F18+'9월'!$F18+'10월'!$F18+'11월'!$F18+'12월'!$F18 -> #REF! | X34: =_xlfn.RANK.EQ(W34,$W$30:$W$35,0) + ROW(AE5)/10000 -> #REF! | Y34: =SMALL($X$30:$X$35, ROW(AE5)) -> #REF! | Z34: =INDEX($V$30:$V$35,MATCH(Y34,$X$30:$X$35,0)) -> #REF! | AA34: =INDEX($W$30:$W$35,MATCH(Y34,$X$30:$X$35,0)) -> #REF!
V35: ='1월'!$E$19 -> 🐻하나카드 | W35: ='1월'!$F19+'2월'!$F19+'3월'!$F19+'4월'!$F19+'5월'!$F19+'6월'!$F19+'7월'!$F19+'8월'!$F19+'9월'!$F19+'10월'!$F19+'11월'!$F19+'12월'!$F19 -> #REF! | X35: =_xlfn.RANK.EQ(W35,$W$30:$W$35,0) + ROW(AE6)/10000 -> #REF! | Y35: =SMALL($X$30:$X$35, ROW(AE6)) -> #REF! | Z35: =INDEX($V$30:$V$35,MATCH(Y35,$X$30:$X$35,0)) -> #REF! | AA35: =INDEX($W$30:$W$35,MATCH(Y35,$X$30:$X$35,0)) -> #REF!
W39: 수입 | X39: 저축/현금 | Y39: 지출 | Z39: 저축률 | AB39: 수입 | AC39: 합계
V40: 1월 | W40: =F64 -> 10192950 | X40: =SUM(F73:F74) -> 2319974 | Y40: =SUM(F81,F88,F95,F102,F109,F116,F123,F130,F137,F144,F151,F158) -> 7872976 | Z40: =X40/W40 -> 0.22760575 | AB40: =D56 -> 🍪 월급 | AC40: =E56 -> 26352200 | AD40: =_xlfn.RANK.EQ(AC40,$AC$40:$AC$47,0) + ROW(AE1)/10000 -> 2.0001 | AE40: =SMALL($AD$40:$AD$47, ROW(AE1)) -> 1.0003 | AF40: =INDEX($AB$40:$AB$47,MATCH(AE40,$AD$40:$AD$47,0)) -> 🐻 월급 | AG40: =INDEX($AC$40:$AC$47,MATCH(AE40,$AD$40:$AD$47,0)) -> 40036190
V41: 2월 | W41: =G64 -> 5488395 | X41: =SUM(G73:G74) -> -43556626 | Y41: =SUM(G81,G88,G95,G102,G109,G116,G123,G130,G137,G144,G151,G158) -> 49045021 | Z41: =X41/W41 -> -7.9361318 | AB41: =D57 -> 🍪 부수입 | AC41: =E57 -> 1217670 | AD41: =_xlfn.RANK.EQ(AC41,$AC$40:$AC$47,0) + ROW(AE2)/10000 -> 5.0002 | AE41: =SMALL($AD$40:$AD$47, ROW(AE2)) -> 2.0001 | AF41: =INDEX($AB$40:$AB$47,MATCH(AE41,$AD$40:$AD$47,0)) -> 🍪 월급 | AG41: =INDEX($AC$40:$AC$47,MATCH(AE41,$AD$40:$AD$47,0)) -> 26352200
V42: 3월 | W42: =H64 -> 14040178 | X42: =SUM(H73:H74) -> 9168382 | Y42: =SUM(H81,H88,H95,H102,H109,H116,H123,H130,H137,H144,H151,H158) -> 4871796 | Z42: =X42/W42 -> 0.65301038 | AB42: =D58 -> 🐻 월급 | AC42: =E58 -> 40036190 | AD42: =_xlfn.RANK.EQ(AC42,$AC$40:$AC$47,0) + ROW(AE3)/10000 -> 1.0003 | AE42: =SMALL($AD$40:$AD$47, ROW(AE3)) -> 3.0005 | AF42: =INDEX($AB$40:$AB$47,MATCH(AE42,$AD$40:$AD$47,0)) -> 기타 | AG42: =INDEX($AC$40:$AC$47,MATCH(AE42,$AD$40:$AD$47,0)) -> 25870051
V43: 4월 | W43: =I64 -> 9492620 | X43: =SUM(I73:I74) -> 4982607 | Y43: =SUM(I81,I88,I95,I102,I109,I116,I123,I130,I137,I144,I151,I158) -> 4510013 | Z43: =X43/W43 -> 0.52489271 | AB43: =D59 -> 🐻 부수입 | AC43: =E59 -> 2610900 | AD43: =_xlfn.RANK.EQ(AC43,$AC$40:$AC$47,0) + ROW(AE4)/10000 -> 4.0004 | AE43: =SMALL($AD$40:$AD$47, ROW(AE4)) -> 4.0004 | AF43: =INDEX($AB$40:$AB$47,MATCH(AE43,$AD$40:$AD$47,0)) -> 🐻 부수입 | AG43: =INDEX($AC$40:$AC$47,MATCH(AE43,$AD$40:$AD$47,0)) -> 2610900
V44: 5월 | W44: =J64 -> 8430830 | X44: =SUM(J73:J74) -> 4159339 | Y44: =SUM(J81,J88,J95,J102,J109,J116,J123,J130,J137,J144,J151,J158) -> 4271491 | Z44: =X44/W44 -> 0.4933487 | AB44: =D60 -> 기타 | AC44: =E60 -> 25870051 | AD44: =_xlfn.RANK.EQ(AC44,$AC$40:$AC$47,0) + ROW(AE5)/10000 -> 3.0005 | AE44: =SMALL($AD$40:$AD$47, ROW(AE5)) -> 5.0002 | AF44: =INDEX($AB$40:$AB$47,MATCH(AE44,$AD$40:$AD$47,0)) -> 🍪 부수입 | AG44: =INDEX($AC$40:$AC$47,MATCH(AE44,$AD$40:$AD$47,0)) -> 1217670
V45: 6월 | W45: =K64 -> 8399150 | X45: =SUM(K73:K74) -> 4609454 | Y45: =SUM(K81,K88,K95,K102,K109,K116,K123,K130,K137,K144,K151,K158) -> 3789696 | Z45: =X45/W45 -> 0.54880006 | AB45: =D61 | AC45: =E61 -> 0 | AD45: =_xlfn.RANK.EQ(AC45,$AC$40:$AC$47,0) + ROW(AE6)/10000 -> 6.0006 | AE45: =SMALL($AD$40:$AD$47, ROW(AE6)) -> 6.0006 | AF45: =INDEX($AB$40:$AB$47,MATCH(AE45,$AD$40:$AD$47,0)) | AG45: =INDEX($AC$40:$AC$47,MATCH(AE45,$AD$40:$AD$47,0)) -> 0
V46: 7월 | W46: =L64 -> 4699920 | X46: =SUM(L73:L74) -> 1225600 | Y46: =SUM(L81,L88,L95,L102,L109,L116,L123,L130,L137,L144,L151,L158) -> 3474320 | Z46: =X46/W46 -> 0.2607704 | AB46: =D62 | AC46: =E62 -> 0 | AD46: =_xlfn.RANK.EQ(AC46,$AC$40:$AC$47,0) + ROW(AE7)/10000 -> 6.0007 | AE46: =SMALL($AD$40:$AD$47, ROW(AE7)) -> 6.0007 | AF46: =INDEX($AB$40:$AB$47,MATCH(AE46,$AD$40:$AD$47,0)) | AG46: =INDEX($AC$40:$AC$47,MATCH(AE46,$AD$40:$AD$47,0)) -> 0
V47: 8월 | W47: =M64 -> 4619920 | X47: =SUM(M73:M74) -> 1972731 | Y47: =SUM(M81,M88,M95,M102,M109,M116,M123,M130,M137,M144,M151,M158) -> 2647189 | Z47: =X47/W47 -> 0.42700545 | AB47: =D63 | AC47: =E63 -> 0 | AD47: =_xlfn.RANK.EQ(AC47,$AC$40:$AC$47,0) + ROW(AE8)/10000 -> 6.0008 | AE47: =SMALL($AD$40:$AD$47, ROW(AE8)) -> 6.0008 | AF47: =INDEX($AB$40:$AB$47,MATCH(AE47,$AD$40:$AD$47,0)) | AG47: =INDEX($AC$40:$AC$47,MATCH(AE47,$AD$40:$AD$47,0)) -> 0
V48: 9월 | W48: =N64 -> 5389550 | X48: =SUM(N73:N74) -> 2374710 | Y48: =SUM(N81,N88,N95,N102,N109,N116,N123,N130,N137,N144,N151,N158) -> 3014840 | Z48: =X48/W48 -> 0.44061378
V49: 10월 | W49: =O64 -> 9914708 | X49: =SUM(O73:O74) -> 5672610 | Y49: =SUM(O81,O88,O95,O102,O109,O116,O123,O130,O137,O144,O151,O158) -> 4242098 | Z49: =X49/W49 -> 0.5721409
V50: 11월 | W50: =P64 -> 15418790 | X50: =SUM(P73:P74) -> 9002953 | Y50: =SUM(P81,P88,P95,P102,P109,P116,P123,P130,P137,P144,P151,P158) -> 6415837 | Z50: =X50/W50 -> 0.58389491
V51: 12월 | W51: =Q64 -> 0 | X51: =SUM(Q73:Q74) -> 0 | Y51: =SUM(Q81,Q88,Q95,Q102,Q109,Q116,Q123,Q130,Q137,Q144,Q151,Q158) -> 0 | Z51: =X51/W51 -> #DIV/0!
W52: =SUM(W40:W51) -> 96087011 | X52: =SUM(X40:X51) -> 1931734 | Y52: =SUM(Y40:Y51) -> 94155277
C55: 대분류 | D55: 소분류 | E55: 합계 | F55: 1월 | G55: 2월 | H55: 3월 | I55: 4월 | J55: 5월 | K55: 6월 | L55: 7월 | M55: 8월 | N55: 9월 | O55: 10월 | P55: 11월 | Q55: 12월 | R55: 평균
C56: 수입 | D56: 🍪 월급 | E56: =SUM(F56:Q56) -> 26352200 | F56: {=INDIRECT("1월!$F$25")} -> 3257030 | G56: {=INDIRECT("2월!$F$25")} -> 3257030 | H56: {=INDIRECT("3월!$F$25")} -> 3297040 | I56: {=INDIRECT("4월!$F$25")} -> 3306190 | J56: {=INDIRECT("5월!$F$25")} -> 3305170 | K56: {=INDIRECT("6월!$F$25")} -> 3304700 | L56: {=INDIRECT("7월!$F$25")} -> 0 | M56: {=INDIRECT("8월!$F$25")} -> 0 | N56: {=INDIRECT("9월!$F$25")} -> 0 | O56: {=INDIRECT("10월!$F$25")} -> 3312520 | P56: {=INDIRECT("11월!$F$25")} -> 3312520 | Q56: {=INDIRECT("12월!$F$25")} -> 0 | R56: =IFERROR(SUM(F56:Q56)/W$69,"") -> 2395654.5 | W56: 작성여부
D57: 🍪 부수입 | E57: =SUM(F57:Q57) -> 1217670 | F57: {=INDIRECT("1월!$F$26")} -> 345000 | G57: {=INDIRECT("2월!$F$26")} -> 872670 | H57: {=INDIRECT("3월!$F$26")} -> 0 | I57: {=INDIRECT("4월!$F$26")} -> 0 | J57: {=INDIRECT("5월!$F$26")} -> 0 | K57: {=INDIRECT("6월!$F$26")} -> 0 | L57: {=INDIRECT("7월!$F$26")} -> 0 | M57: {=INDIRECT("8월!$F$26")} -> 0 | N57: {=INDIRECT("9월!$F$26")} -> 0 | O57: {=INDIRECT("10월!$F$26")} -> 0 | P57: {=INDIRECT("11월!$F$26")} -> 0 | Q57: {=INDIRECT("12월!$F$26")} -> 0 | R57: =IFERROR(SUM(F57:Q57)/W$69,"") -> 110697.27 | V57: 1월 | W57: =IF(COUNTIF(F56:F158, "<>0") > 0, 1, 0) -> 1
D58: 🐻 월급 | E58: =SUM(F58:Q58) -> 40036190 | F58: {=INDIRECT("1월!$F$27")} -> 4310870 | G58: {=INDIRECT("2월!$F$27")} -> 0 | H58: {=INDIRECT("3월!$F$27")} -> 0 | I58: {=INDIRECT("4월!$F$27")} -> 4754880 | J58: {=INDIRECT("5월!$F$27")} -> 4570920 | K58: {=INDIRECT("6월!$F$27")} -> 4399920 | L58: {=INDIRECT("7월!$F$27")} -> 4399920 | M58: {=INDIRECT("8월!$F$27")} -> 4399920 | N58: {=INDIRECT("9월!$F$27")} -> 4399920 | O58: {=INDIRECT("10월!$F$27")} -> 4399920 | P58: {=INDIRECT("11월!$F$27")} -> 4399920 | Q58: {=INDIRECT("12월!$F$27")} -> 0 | R58: =IFERROR(SUM(F58:Q58)/W$69,"") -> 3639653.6 | V58: 2월 | W58: =IF(COUNTIF(G56:G158, "<>0") > 0, 1, 0) -> 1
D59: 🐻 부수입 | E59: =SUM(F59:Q59) -> 2610900 | F59: {=INDIRECT("1월!$F$28")} -> 0 | G59: {=INDIRECT("2월!$F$28")} -> 0 | H59: {=INDIRECT("3월!$F$28")} -> 0 | I59: {=INDIRECT("4월!$F$28")} -> 0 | J59: {=INDIRECT("5월!$F$28")} -> 0 | K59: {=INDIRECT("6월!$F$28")} -> 0 | L59: {=INDIRECT("7월!$F$28")} -> 0 | M59: {=INDIRECT("8월!$F$28")} -> 0 | N59: {=INDIRECT("9월!$F$28")} -> 0 | O59: {=INDIRECT("10월!$F$28")} -> 1305450 | P59: {=INDIRECT("11월!$F$28")} -> 1305450 | Q59: {=INDIRECT("12월!$F$28")} -> 0 | R59: =IFERROR(SUM(F59:Q59)/W$69,"") -> 237354.55 | V59: 3월 | W59: =IF(COUNTIF(H56:H158, "<>0") > 0, 1, 0) -> 1
D60: 기타 | E60: =SUM(F60:Q60) -> 25870051 | F60: {=INDIRECT("1월!$F$29")} -> 2280050 | G60: {=INDIRECT("2월!$F$29")} -> 1358695 | H60: {=INDIRECT("3월!$F$29")} -> 10743138 | I60: {=INDIRECT("4월!$F$29")} -> 1431550 | J60: {=INDIRECT("5월!$F$29")} -> 554740 | K60: {=INDIRECT("6월!$F$29")} -> 694530 | L60: {=INDIRECT("7월!$F$29")} -> 300000 | M60: {=INDIRECT("8월!$F$29")} -> 220000 | N60: {=INDIRECT("9월!$F$29")} -> 989630 | O60: {=INDIRECT("10월!$F$29")} -> 896818 | P60: {=INDIRECT("11월!$F$29")} -> 6400900 | Q60: {=INDIRECT("12월!$F$29")} -> 0 | R60: =IFERROR(SUM(F60:Q60)/W$69,"") -> 2351822.8 | V60: 4월 | W60: =IF(COUNTIF(I56:I158, "<>0") > 0, 1, 0) -> 1
E61: =SUM(F61:Q61) -> 0 | F61: {=INDIRECT("1월!$F$30")} -> 0 | G61: {=INDIRECT("2월!$F$30")} -> 0 | H61: {=INDIRECT("3월!$F$30")} -> 0 | I61: {=INDIRECT("4월!$F$30")} -> 0 | J61: {=INDIRECT("5월!$F$30")} -> 0 | K61: {=INDIRECT("6월!$F$30")} -> 0 | L61: {=INDIRECT("7월!$F$30")} -> 0 | M61: {=INDIRECT("8월!$F$30")} -> 0 | N61: {=INDIRECT("9월!$F$30")} -> 0 | O61: {=INDIRECT("10월!$F$30")} -> 0 | P61: {=INDIRECT("11월!$F$30")} -> 0 | Q61: {=INDIRECT("12월!$F$30")} -> 0 | R61: =IFERROR(SUM(F61:Q61)/W$69,"") -> 0 | V61: 5월 | W61: =IF(COUNTIF(J56:J158, "<>0") > 0, 1, 0) -> 1
E62: =SUM(F62:Q62) -> 0 | F62: {=INDIRECT("1월!$F$31")} -> 0 | G62: {=INDIRECT("2월!$F$31")} -> 0 | H62: {=INDIRECT("3월!$F$31")} -> 0 | I62: {=INDIRECT("4월!$F$31")} -> 0 | J62: {=INDIRECT("5월!$F$31")} -> 0 | K62: {=INDIRECT("6월!$F$31")} -> 0 | L62: {=INDIRECT("7월!$F$31")} -> 0 | M62: {=INDIRECT("8월!$F$31")} -> 0 | N62: {=INDIRECT("9월!$F$31")} -> 0 | O62: {=INDIRECT("10월!$F$31")} -> 0 | P62: {=INDIRECT("11월!$F$31")} -> 0 | Q62: {=INDIRECT("12월!$F$31")} -> 0 | R62: =IFERROR(SUM(F62:Q62)/W$69,"") -> 0 | V62: 6월 | W62: =IF(COUNTIF(K56:K158, "<>0") > 0, 1, 0) -> 1
E63: =SUM(F63:Q63) -> 0 | F63: {=INDIRECT("1월!$F$32")} -> 0 | G63: {=INDIRECT("2월!$F$32")} -> 0 | H63: {=INDIRECT("3월!$F$32")} -> 0 | I63: {=INDIRECT("4월!$F$32")} -> 0 | J63: {=INDIRECT("5월!$F$32")} -> 0 | K63: {=INDIRECT("6월!$F$32")} -> 0 | L63: {=INDIRECT("7월!$F$32")} -> 0 | M63: {=INDIRECT("8월!$F$32")} -> 0 | N63: {=INDIRECT("9월!$F$32")} -> 0 | O63: {=INDIRECT("10월!$F$32")} -> 0 | P63: {=INDIRECT("11월!$F$32")} -> 0 | Q63: {=INDIRECT("12월!$F$32")} -> 0 | R63: =IFERROR(SUM(F63:Q63)/W$69,"") -> 0 | V63: 7월 | W63: =IF(COUNTIF(L56:L158, "<>0") > 0, 1, 0) -> 1
C64: =IF($C$56=0,"","총"&$C$56) -> 총수입 | E64: =SUM(F64:Q64) -> 96087011 | F64: {=INDIRECT("1월!$F$33")} -> 10192950 | G64: {=INDIRECT("2월!$F$33")} -> 5488395 | H64: {=INDIRECT("3월!$F$33")} -> 14040178 | I64: {=INDIRECT("4월!$F$33")} -> 9492620 | J64: {=INDIRECT("5월!$F$33")} -> 8430830 | K64: {=INDIRECT("6월!$F$33")} -> 8399150 | L64: {=INDIRECT("7월!$F$33")} -> 4699920 | M64: {=INDIRECT("8월!$F$33")} -> 4619920 | N64: {=INDIRECT("9월!$F$33")} -> 5389550 | O64: {=INDIRECT("10월!$F$33")} -> 9914708 | P64: {=INDIRECT("11월!$F$33")} -> 15418790 | Q64: {=INDIRECT("12월!$F$33")} -> 0 | R64: =IFERROR(SUM(F64:Q64)/W$69,"") -> 8735182.8 | V64: 8월 | W64: =IF(COUNTIF(M56:M158, "<>0") > 0, 1, 0) -> 1
C65: 저축 | D65: 주택청약 | E65: =SUM(F65:Q65) -> 0 | F65: {=INDIRECT("1월!$F$35")} -> 0 | G65: {=INDIRECT("2월!$F$35")} -> 0 | H65: {=INDIRECT("3월!$F$35")} -> 0 | I65: {=INDIRECT("4월!$F$35")} -> 0 | J65: {=INDIRECT("5월!$F$35")} -> 0 | K65: {=INDIRECT("6월!$F$35")} -> 0 | L65: {=INDIRECT("7월!$F$35")} -> 0 | M65: {=INDIRECT("8월!$F$35")} -> 0 | N65: {=INDIRECT("9월!$F$35")} -> 0 | O65: {=INDIRECT("10월!$F$35")} -> 0 | P65: {=INDIRECT("11월!$F$35")} -> 0 | Q65: {=INDIRECT("12월!$F$35")} -> 0 | R65: =IFERROR(SUM(F65:Q65)/W$69,"") -> 0 | V65: 9월 | W65: =IF(COUNTIF(N56:N158, "<>0") > 0, 1, 0) -> 1
D66: 우리은행 | E66: =SUM(F66:Q66) -> 0 | F66: {=INDIRECT("1월!$F$36")} -> 0 | G66: {=INDIRECT("2월!$F$36")} -> 0 | H66: {=INDIRECT("3월!$F$36")} -> 0 | I66: {=INDIRECT("4월!$F$36")} -> 0 | J66: {=INDIRECT("5월!$F$36")} -> 0 | K66: {=INDIRECT("6월!$F$36")} -> 0 | L66: {=INDIRECT("7월!$F$36")} -> 0 | M66: {=INDIRECT("8월!$F$36")} -> 0 | N66: {=INDIRECT("9월!$F$36")} -> 0 | O66: {=INDIRECT("10월!$F$36")} -> 0 | P66: {=INDIRECT("11월!$F$36")} -> 0 | Q66: {=INDIRECT("12월!$F$36")} -> 0 | R66: =IFERROR(SUM(F66:Q66)/W$69,"") -> 0 | V66: 10월 | W66: =IF(COUNTIF(O56:O158, "<>0") > 0, 1, 0) -> 1
D67: 케이뱅크 | E67: =SUM(F67:Q67) -> 6000000 | F67: {=INDIRECT("1월!$F$37")} -> 3000000 | G67: {=INDIRECT("2월!$F$37")} -> 0 | H67: {=INDIRECT("3월!$F$37")} -> 0 | I67: {=INDIRECT("4월!$F$37")} -> 0 | J67: {=INDIRECT("5월!$F$37")} -> 3000000 | K67: {=INDIRECT("6월!$F$37")} -> 0 | L67: {=INDIRECT("7월!$F$37")} -> 0 | M67: {=INDIRECT("8월!$F$37")} -> 0 | N67: {=INDIRECT("9월!$F$37")} -> 0 | O67: {=INDIRECT("10월!$F$37")} -> 0 | P67: {=INDIRECT("11월!$F$37")} -> 0 | Q67: {=INDIRECT("12월!$F$37")} -> 0 | R67: =IFERROR(SUM(F67:Q67)/W$69,"") -> 545454.55 | V67: 11월 | W67: =IF(COUNTIF(P56:P158, "<>0") > 0, 1, 0) -> 1
D68: 연금저축 | E68: =SUM(F68:Q68) -> 900000 | F68: {=INDIRECT("1월!$F$38")} -> 200000 | G68: {=INDIRECT("2월!$F$38")} -> 0 | H68: {=INDIRECT("3월!$F$38")} -> 0 | I68: {=INDIRECT("4월!$F$38")} -> 100000 | J68: {=INDIRECT("5월!$F$38")} -> 100000 | K68: {=INDIRECT("6월!$F$38")} -> 100000 | L68: {=INDIRECT("7월!$F$38")} -> 100000 | M68: {=INDIRECT("8월!$F$38")} -> 0 | N68: {=INDIRECT("9월!$F$38")} -> 100000 | O68: {=INDIRECT("10월!$F$38")} -> 100000 | P68: {=INDIRECT("11월!$F$38")} -> 100000 | Q68: {=INDIRECT("12월!$F$38")} -> 0 | R68: =IFERROR(SUM(F68:Q68)/W$69,"") -> 81818.182 | V68: 12월 | W68: =IF(COUNTIF(Q56:Q158, "<>0") > 0, 1, 0) -> 0
E69: =SUM(F69:Q69) -> 0 | F69: {=INDIRECT("1월!$F$39")} -> 0 | G69: {=INDIRECT("2월!$F$39")} -> 0 | H69: {=INDIRECT("3월!$F$39")} -> 0 | I69: {=INDIRECT("4월!$F$39")} -> 0 | J69: {=INDIRECT("5월!$F$39")} -> 0 | K69: {=INDIRECT("6월!$F$39")} -> 0 | L69: {=INDIRECT("7월!$F$39")} -> 0 | M69: {=INDIRECT("8월!$F$39")} -> 0 | N69: {=INDIRECT("9월!$F$39")} -> 0 | O69: {=INDIRECT("10월!$F$39")} -> 0 | P69: {=INDIRECT("11월!$F$39")} -> 0 | Q69: {=INDIRECT("12월!$F$39")} -> 0 | R69: =IFERROR(SUM(F69:Q69)/W$69,"") -> 0 | V69: 계 | W69: =SUM(W57:W68) -> 11
E70: =SUM(F70:Q70) -> 0 | F70: {=INDIRECT("1월!$F$40")} -> 0 | G70: {=INDIRECT("2월!$F$40")} -> 0 | H70: {=INDIRECT("3월!$F$40")} -> 0 | I70: {=INDIRECT("4월!$F$40")} -> 0 | J70: {=INDIRECT("5월!$F$40")} -> 0 | K70: {=INDIRECT("6월!$F$40")} -> 0 | L70: {=INDIRECT("7월!$F$40")} -> 0 | M70: {=INDIRECT("8월!$F$40")} -> 0 | N70: {=INDIRECT("9월!$F$40")} -> 0 | O70: {=INDIRECT("10월!$F$40")} -> 0 | P70: {=INDIRECT("11월!$F$40")} -> 0 | Q70: {=INDIRECT("12월!$F$40")} -> 0 | R70: =IFERROR(SUM(F70:Q70)/W$69,"") -> 0
E71: =SUM(F71:Q71) -> 0 | F71: {=INDIRECT("1월!$F$41")} -> 0 | G71: {=INDIRECT("2월!$F$41")} -> 0 | H71: {=INDIRECT("3월!$F$41")} -> 0 | I71: {=INDIRECT("4월!$F$41")} -> 0 | J71: {=INDIRECT("5월!$F$41")} -> 0 | K71: {=INDIRECT("6월!$F$41")} -> 0 | L71: {=INDIRECT("7월!$F$41")} -> 0 | M71: {=INDIRECT("8월!$F$41")} -> 0 | N71: {=INDIRECT("9월!$F$41")} -> 0 | O71: {=INDIRECT("10월!$F$41")} -> 0 | P71: {=INDIRECT("11월!$F$41")} -> 0 | Q71: {=INDIRECT("12월!$F$41")} -> 0 | R71: =IFERROR(SUM(F71:Q71)/W$69,"") -> 0
E72: =SUM(F72:Q72) -> 0 | F72: {=INDIRECT("1월!$F$42")} -> 0 | G72: {=INDIRECT("2월!$F$42")} -> 0 | H72: {=INDIRECT("3월!$F$42")} -> 0 | I72: {=INDIRECT("4월!$F$42")} -> 0 | J72: {=INDIRECT("5월!$F$42")} -> 0 | K72: {=INDIRECT("6월!$F$42")} -> 0 | L72: {=INDIRECT("7월!$F$42")} -> 0 | M72: {=INDIRECT("8월!$F$42")} -> 0 | N72: {=INDIRECT("9월!$F$42")} -> 0 | O72: {=INDIRECT("10월!$F$42")} -> 0 | P72: {=INDIRECT("11월!$F$42")} -> 0 | Q72: {=INDIRECT("12월!$F$42")} -> 0 | R72: =IFERROR(SUM(F72:Q72)/W$69,"") -> 0
C73: =IF($C$65=0,"","총"&$C$65) -> 총저축 | E73: =SUM(F73:Q73) -> 6900000 | F73: {=INDIRECT("1월!$F$43")} -> 3200000 | G73: {=INDIRECT("2월!$F$43")} -> 0 | H73: {=INDIRECT("3월!$F$43")} -> 0 | I73: {=INDIRECT("4월!$F$43")} -> 100000 | J73: {=INDIRECT("5월!$F$43")} -> 3100000 | K73: {=INDIRECT("6월!$F$43")} -> 100000 | L73: {=INDIRECT("7월!$F$43")} -> 100000 | M73: {=INDIRECT("8월!$F$43")} -> 0 | N73: {=INDIRECT("9월!$F$43")} -> 100000 | O73: {=INDIRECT("10월!$F$43")} -> 100000 | P73: {=INDIRECT("11월!$F$43")} -> 100000 | Q73: {=INDIRECT("12월!$F$43")} -> 0 | R73: =IFERROR(SUM(F73:Q73)/W$69,"") -> 627272.73
C74: 총잉여현금 | E74: =SUM(F74:Q74) -> -4968266 | F74: {=INDIRECT("1월!$D$18")} -> -880026 | G74: {=INDIRECT("2월!$D$18")} -> -43556626 | H74: {=INDIRECT("3월!$D$18")} -> 9168382 | I74: {=INDIRECT("4월!$D$18")} -> 4882607 | J74: {=INDIRECT("5월!$D$18")} -> 1059339 | K74: {=INDIRECT("6월!$D$18")} -> 4509454 | L74: {=INDIRECT("7월!$D$18")} -> 1125600 | M74: {=INDIRECT("8월!$D$18")} -> 1972731 | N74: {=INDIRECT("9월!$D$18")} -> 2274710 | O74: {=INDIRECT("10월!$D$18")} -> 5572610 | P74: {=INDIRECT("11월!$D$18")} -> 8902953 | Q74: {=INDIRECT("12월!$D$18")} -> 0 | R74: =IFERROR(SUM(F74:Q74)/W$69,"") -> -451660.55
C75: 🍪고정비 | D75: 관리비 | E75: =SUM(F75:Q75) -> 0 | F75: {=INDIRECT("1월!$K$25")} -> 0 | G75: {=INDIRECT("2월!$K$25")} -> 0 | H75: {=INDIRECT("3월!$K$25")} -> 0 | I75: {=INDIRECT("4월!$K$25")} -> 0 | J75: {=INDIRECT("5월!$K$25")} -> 0 | K75: {=INDIRECT("6월!$K$25")} -> 0 | L75: {=INDIRECT("7월!$K$25")} -> 0 | M75: {=INDIRECT("8월!$K$25")} -> 0 | N75: {=INDIRECT("9월!$K$25")} -> 0 | O75: {=INDIRECT("10월!$K$25")} -> 0 | P75: {=INDIRECT("11월!$K$25")} -> 0 | Q75: {=INDIRECT("12월!$K$25")} -> 0 | R75: =IFERROR(SUM(F75:Q75)/W$69,"") -> 0
D76: 월세 | E76: =SUM(F76:Q76) -> 2400000 | F76: {=INDIRECT("1월!$K$26")} -> 0 | G76: {=INDIRECT("2월!$K$26")} -> 800000 | H76: {=INDIRECT("3월!$K$26")} -> 400000 | I76: {=INDIRECT("4월!$K$26")} -> 400000 | J76: {=INDIRECT("5월!$K$26")} -> 0 | K76: {=INDIRECT("6월!$K$26")} -> 0 | L76: {=INDIRECT("7월!$K$26")} -> 0 | M76: {=INDIRECT("8월!$K$26")} -> 0 | N76: {=INDIRECT("9월!$K$26")} -> 0 | O76: {=INDIRECT("10월!$K$26")} -> 400000 | P76: {=INDIRECT("11월!$K$26")} -> 400000 | Q76: {=INDIRECT("12월!$K$26")} -> 0 | R76: =IFERROR(SUM(F76:Q76)/W$69,"") -> 218181.82
D77: 대출이자 | E77: =SUM(F77:Q77) -> 806120 | F77: {=INDIRECT("1월!$K$27")} -> 177832 | G77: {=INDIRECT("2월!$K$27")} -> 192822 | H77: {=INDIRECT("3월!$K$27")} -> 145511 | I77: {=INDIRECT("4월!$K$27")} -> 159501 | J77: {=INDIRECT("5월!$K$27")} -> 0 | K77: {=INDIRECT("6월!$K$27")} -> 0 | L77: {=INDIRECT("7월!$K$27")} -> 0 | M77: {=INDIRECT("8월!$K$27")} -> 0 | N77: {=INDIRECT("9월!$K$27")} -> 0 | O77: {=INDIRECT("10월!$K$27")} -> 0 | P77: {=INDIRECT("11월!$K$27")} -> 130454 | Q77: {=INDIRECT("12월!$K$27")} -> 0 | R77: =IFERROR(SUM(F77:Q77)/W$69,"") -> 73283.636
D78: 통신비 | E78: =SUM(F78:Q78) -> 582713 | F78: {=INDIRECT("1월!$K$28")} -> 119560 | G78: {=INDIRECT("2월!$K$28")} -> 111600 | H78: {=INDIRECT("3월!$K$28")} -> 61050 | I78: {=INDIRECT("4월!$K$28")} -> 46750 | J78: {=INDIRECT("5월!$K$28")} -> 60500 | K78: {=INDIRECT("6월!$K$28")} -> 70500 | L78: {=INDIRECT("7월!$K$28")} -> 0 | M78: {=INDIRECT("8월!$K$28")} -> 0 | N78: {=INDIRECT("9월!$K$28")} -> 0 | O78: {=INDIRECT("10월!$K$28")} -> 69003 | P78: {=INDIRECT("11월!$K$28")} -> 43750 | Q78: {=INDIRECT("12월!$K$28")} -> 0 | R78: =IFERROR(SUM(F78:Q78)/W$69,"") -> 52973.909
D79: 보험료 | E79: =SUM(F79:Q79) -> 1531540 | F79: {=INDIRECT("1월!$K$29")} -> 0 | G79: {=INDIRECT("2월!$K$29")} -> 1050790 | H79: {=INDIRECT("3월!$K$29")} -> 0 | I79: {=INDIRECT("4월!$K$29")} -> 0 | J79: {=INDIRECT("5월!$K$29")} -> 0 | K79: {=INDIRECT("6월!$K$29")} -> 100000 | L79: {=INDIRECT("7월!$K$29")} -> 0 | M79: {=INDIRECT("8월!$K$29")} -> 0 | N79: {=INDIRECT("9월!$K$29")} -> 0 | O79: {=INDIRECT("10월!$K$29")} -> 190375 | P79: {=INDIRECT("11월!$K$29")} -> 190375 | Q79: {=INDIRECT("12월!$K$29")} -> 0 | R79: =IFERROR(SUM(F79:Q79)/W$69,"") -> 139230.91
E80: =SUM(F80:Q80) -> 0 | F80: {=INDIRECT("1월!$K$30")} -> 0 | G80: {=INDIRECT("2월!$K$30")} -> 0 | H80: {=INDIRECT("3월!$K$30")} -> 0 | I80: {=INDIRECT("4월!$K$30")} -> 0 | J80: {=INDIRECT("5월!$K$30")} -> 0 | K80: {=INDIRECT("6월!$K$30")} -> 0 | L80: {=INDIRECT("7월!$K$30")} -> 0 | M80: {=INDIRECT("8월!$K$30")} -> 0 | N80: {=INDIRECT("9월!$K$30")} -> 0 | O80: {=INDIRECT("10월!$K$30")} -> 0 | P80: {=INDIRECT("11월!$K$30")} -> 0 | Q80: {=INDIRECT("12월!$K$30")} -> 0 | R80: =IFERROR(SUM(F80:Q80)/W$69,"") -> 0
C81: =IF(C$75=0,"","총"&$C$75) -> 총🍪고정비 | E81: =SUM(F81:Q81) -> 5320373 | F81: {=INDIRECT("1월!$K$31")} -> 297392 | G81: {=INDIRECT("2월!$K$31")} -> 2155212 | H81: {=INDIRECT("3월!$K$31")} -> 606561 | I81: {=INDIRECT("4월!$K$31")} -> 606251 | J81: {=INDIRECT("5월!$K$31")} -> 60500 | K81: {=INDIRECT("6월!$K$31")} -> 170500 | L81: {=INDIRECT("7월!$K$31")} -> 0 | M81: {=INDIRECT("8월!$K$31")} -> 0 | N81: {=INDIRECT("9월!$K$31")} -> 0 | O81: {=INDIRECT("10월!$K$31")} -> 659378 | P81: {=INDIRECT("11월!$K$31")} -> 764579 | Q81: {=INDIRECT("12월!$K$31")} -> 0 | R81: =IFERROR(SUM(F81:Q81)/W$69,"") -> 483670.27
C82: 🐻고정비 | D82: 관리비 | E82: =SUM(F82:Q82) -> 3304850 | F82: {=INDIRECT("1월!$K$33")} -> 0 | G82: {=INDIRECT("2월!$K$33")} -> 457490 | H82: {=INDIRECT("3월!$K$33")} -> 319300 | I82: {=INDIRECT("4월!$K$33")} -> 477850 | J82: {=INDIRECT("5월!$K$33")} -> 407400 | K82: {=INDIRECT("6월!$K$33")} -> 253970 | L82: {=INDIRECT("7월!$K$33")} -> 266290 | M82: {=INDIRECT("8월!$K$33")} -> 311290 | N82: {=INDIRECT("9월!$K$33")} -> 307270 | O82: {=INDIRECT("10월!$K$33")} -> 272180 | P82: {=INDIRECT("11월!$K$33")} -> 231810 | Q82: {=INDIRECT("12월!$K$33")} -> 0 | R82: =IFERROR(SUM(F82:Q82)/W$69,"") -> 300440.91
D83: 대출이자 | E83: =SUM(F83:Q83) -> 0 | F83: {=INDIRECT("1월!$K$34")} -> 0 | G83: {=INDIRECT("2월!$K$34")} -> 0 | H83: {=INDIRECT("3월!$K$34")} -> 0 | I83: {=INDIRECT("4월!$K$34")} -> 0 | J83: {=INDIRECT("5월!$K$34")} -> 0 | K83: {=INDIRECT("6월!$K$34")} -> 0 | L83: {=INDIRECT("7월!$K$34")} -> 0 | M83: {=INDIRECT("8월!$K$34")} -> 0 | N83: {=INDIRECT("9월!$K$34")} -> 0 | O83: {=INDIRECT("10월!$K$34")} -> 0 | P83: {=INDIRECT("11월!$K$34")} -> 0 | Q83: {=INDIRECT("12월!$K$34")} -> 0 | R83: =IFERROR(SUM(F83:Q83)/W$69,"") -> 0
D84: 통신비 | E84: =SUM(F84:Q84) -> 544076 | F84: {=INDIRECT("1월!$K$35")} -> 44050 | G84: {=INDIRECT("2월!$K$35")} -> 69050 | H84: {=INDIRECT("3월!$K$35")} -> 69050 | I84: {=INDIRECT("4월!$K$35")} -> 49396 | J84: {=INDIRECT("5월!$K$35")} -> 44560 | K84: {=INDIRECT("6월!$K$35")} -> 70150 | L84: {=INDIRECT("7월!$K$35")} -> 0 | M84: {=INDIRECT("8월!$K$35")} -> 66850 | N84: {=INDIRECT("9월!$K$35")} -> 7890 | O84: {=INDIRECT("10월!$K$35")} -> 78040 | P84: {=INDIRECT("11월!$K$35")} -> 45040 | Q84: {=INDIRECT("12월!$K$35")} -> 0 | R84: =IFERROR(SUM(F84:Q84)/W$69,"") -> 49461.455
D85: 보험료 | E85: =SUM(F85:Q85) -> 901690 | F85: {=INDIRECT("1월!$K$36")} -> 88010 | G85: {=INDIRECT("2월!$K$36")} -> 88010 | H85: {=INDIRECT("3월!$K$36")} -> 172680 | I85: {=INDIRECT("4월!$K$36")} -> 88010 | J85: {=INDIRECT("5월!$K$36")} -> 88010 | K85: {=INDIRECT("6월!$K$36")} -> 0 | L85: {=INDIRECT("7월!$K$36")} -> 88010 | M85: {=INDIRECT("8월!$K$36")} -> 0 | N85: {=INDIRECT("9월!$K$36")} -> 88010 | O85: {=INDIRECT("10월!$K$36")} -> 100475 | P85: {=INDIRECT("11월!$K$36")} -> 100475 | Q85: {=INDIRECT("12월!$K$36")} -> 0 | R85: =IFERROR(SUM(F85:Q85)/W$69,"") -> 81971.818
D86: 곗돈 | E86: =SUM(F86:Q86) -> 990000 | F86: {=INDIRECT("1월!$K$37")} -> 80000 | G86: {=INDIRECT("2월!$K$37")} -> 80000 | H86: {=INDIRECT("3월!$K$37")} -> 80000 | I86: {=INDIRECT("4월!$K$37")} -> 80000 | J86: {=INDIRECT("5월!$K$37")} -> 70000 | K86: {=INDIRECT("6월!$K$37")} -> 70000 | L86: {=INDIRECT("7월!$K$37")} -> 30000 | M86: {=INDIRECT("8월!$K$37")} -> 110000 | N86: {=INDIRECT("9월!$K$37")} -> 130000 | O86: {=INDIRECT("10월!$K$37")} -> 130000 | P86: {=INDIRECT("11월!$K$37")} -> 130000 | Q86: {=INDIRECT("12월!$K$37")} -> 0 | R86: =IFERROR(SUM(F86:Q86)/W$69,"") -> 90000
E87: =SUM(F87:Q87) -> 0 | F87: {=INDIRECT("1월!$K$38")} -> 0 | G87: {=INDIRECT("2월!$K$38")} -> 0 | H87: {=INDIRECT("3월!$K$38")} -> 0 | I87: {=INDIRECT("4월!$K$38")} -> 0 | J87: {=INDIRECT("5월!$K$38")} -> 0 | K87: {=INDIRECT("6월!$K$38")} -> 0 | L87: {=INDIRECT("7월!$K$38")} -> 0 | M87: {=INDIRECT("8월!$K$38")} -> 0 | N87: {=INDIRECT("9월!$K$38")} -> 0 | O87: {=INDIRECT("10월!$K$38")} -> 0 | P87: {=INDIRECT("11월!$K$38")} -> 0 | Q87: {=INDIRECT("12월!$K$38")} -> 0 | R87: =IFERROR(SUM(F87:Q87)/W$69,"") -> 0
C88: =IF($C$82=0,"","총"&$C$82) -> 총🐻고정비 | E88: =SUM(F88:Q88) -> 5740616 | F88: {=INDIRECT("1월!$K$39")} -> 212060 | G88: {=INDIRECT("2월!$K$39")} -> 694550 | H88: {=INDIRECT("3월!$K$39")} -> 641030 | I88: {=INDIRECT("4월!$K$39")} -> 695256 | J88: {=INDIRECT("5월!$K$39")} -> 609970 | K88: {=INDIRECT("6월!$K$39")} -> 394120 | L88: {=INDIRECT("7월!$K$39")} -> 384300 | M88: {=INDIRECT("8월!$K$39")} -> 488140 | N88: {=INDIRECT("9월!$K$39")} -> 533170 | O88: {=INDIRECT("10월!$K$39")} -> 580695 | P88: {=INDIRECT("11월!$K$39")} -> 507325 | Q88: {=INDIRECT("12월!$K$39")} -> 0 | R88: =IFERROR(SUM(F88:Q88)/W$69,"") -> 521874.18
C89: 🍪생필품 | D89: 주방/욕실 | E89: =SUM(F89:Q89) -> 1440107 | F89: {=INDIRECT("1월!$K$41")} -> 360370 | G89: {=INDIRECT("2월!$K$41")} -> 251480 | H89: {=INDIRECT("3월!$K$41")} -> 526633 | I89: {=INDIRECT("4월!$K$41")} -> 111374 | J89: {=INDIRECT("5월!$K$41")} -> 133141 | K89: {=INDIRECT("6월!$K$41")} -> 7829 | L89: {=INDIRECT("7월!$K$41")} -> 49280 | M89: {=INDIRECT("8월!$K$41")} -> 0 | N89: {=INDIRECT("9월!$K$41")} -> 0 | O89: {=INDIRECT("10월!$K$41")} -> 0 | P89: {=INDIRECT("11월!$K$41")} -> 0 | Q89: {=INDIRECT("12월!$K$41")} -> 0 | R89: =IFERROR(SUM(F89:Q89)/W$69,"") -> 130918.82
D90: 소모품 | E90: =SUM(F90:Q90) -> 312988 | F90: {=INDIRECT("1월!$K$42")} -> 57560 | G90: {=INDIRECT("2월!$K$42")} -> 0 | H90: {=INDIRECT("3월!$K$42")} -> 140708 | I90: {=INDIRECT("4월!$K$42")} -> 0 | J90: {=INDIRECT("5월!$K$42")} -> 46920 | K90: {=INDIRECT("6월!$K$42")} -> 8900 | L90: {=INDIRECT("7월!$K$42")} -> 58900 | M90: {=INDIRECT("8월!$K$42")} -> 0 | N90: {=INDIRECT("9월!$K$42")} -> 0 | O90: {=INDIRECT("10월!$K$42")} -> 0 | P90: {=INDIRECT("11월!$K$42")} -> 0 | Q90: {=INDIRECT("12월!$K$42")} -> 0 | R90: =IFERROR(SUM(F90:Q90)/W$69,"") -> 28453.455
D91: 기타 | E91: =SUM(F91:Q91) -> 223680 | F91: {=INDIRECT("1월!$K$43")} -> 38080 | G91: {=INDIRECT("2월!$K$43")} -> 33000 | H91: {=INDIRECT("3월!$K$43")} -> 24270 | I91: {=INDIRECT("4월!$K$43")} -> 0 | J91: {=INDIRECT("5월!$K$43")} -> 35200 | K91: {=INDIRECT("6월!$K$43")} -> 22130 | L91: {=INDIRECT("7월!$K$43")} -> 0 | M91: {=INDIRECT("8월!$K$43")} -> 0 | N91: {=INDIRECT("9월!$K$43")} -> 71000 | O91: {=INDIRECT("10월!$K$43")} -> 0 | P91: {=INDIRECT("11월!$K$43")} -> 0 | Q91: {=INDIRECT("12월!$K$43")} -> 0 | R91: =IFERROR(SUM(F91:Q91)/W$69,"") -> 20334.545
E92: =SUM(F92:Q92) -> 0 | F92: {=INDIRECT("1월!$K$44")} -> 0 | G92: {=INDIRECT("2월!$K$44")} -> 0 | H92: {=INDIRECT("3월!$K$44")} -> 0 | I92: {=INDIRECT("4월!$K$44")} -> 0 | J92: {=INDIRECT("5월!$K$44")} -> 0 | K92: {=INDIRECT("6월!$K$44")} -> 0 | L92: {=INDIRECT("7월!$K$44")} -> 0 | M92: {=INDIRECT("8월!$K$44")} -> 0 | N92: {=INDIRECT("9월!$K$44")} -> 0 | O92: {=INDIRECT("10월!$K$44")} -> 0 | P92: {=INDIRECT("11월!$K$44")} -> 0 | Q92: {=INDIRECT("12월!$K$44")} -> 0 | R92: =IFERROR(SUM(F92:Q92)/W$69,"") -> 0
E93: =SUM(F93:Q93) -> 0 | F93: {=INDIRECT("1월!$K$45")} -> 0 | G93: {=INDIRECT("2월!$K$45")} -> 0 | H93: {=INDIRECT("3월!$K$45")} -> 0 | I93: {=INDIRECT("4월!$K$45")} -> 0 | J93: {=INDIRECT("5월!$K$45")} -> 0 | K93: {=INDIRECT("6월!$K$45")} -> 0 | L93: {=INDIRECT("7월!$K$45")} -> 0 | M93: {=INDIRECT("8월!$K$45")} -> 0 | N93: {=INDIRECT("9월!$K$45")} -> 0 | O93: {=INDIRECT("10월!$K$45")} -> 0 | P93: {=INDIRECT("11월!$K$45")} -> 0 | Q93: {=INDIRECT("12월!$K$45")} -> 0 | R93: =IFERROR(SUM(F93:Q93)/W$69,"") -> 0
E94: =SUM(F94:Q94) -> 0 | F94: {=INDIRECT("1월!$K$46")} -> 0 | G94: {=INDIRECT("2월!$K$46")} -> 0 | H94: {=INDIRECT("3월!$K$46")} -> 0 | I94: {=INDIRECT("4월!$K$46")} -> 0 | J94: {=INDIRECT("5월!$K$46")} -> 0 | K94: {=INDIRECT("6월!$K$46")} -> 0 | L94: {=INDIRECT("7월!$K$46")} -> 0 | M94: {=INDIRECT("8월!$K$46")} -> 0 | N94: {=INDIRECT("9월!$K$46")} -> 0 | O94: {=INDIRECT("10월!$K$46")} -> 0 | P94: {=INDIRECT("11월!$K$46")} -> 0 | Q94: {=INDIRECT("12월!$K$46")} -> 0 | R94: =IFERROR(SUM(F94:Q94)/W$69,"") -> 0
C95: =IF($C$89=0,"","총"&$C$89) -> 총🍪생필품 | E95: =SUM(F95:Q95) -> 1976775 | F95: {=INDIRECT("1월!$K$47")} -> 456010 | G95: {=INDIRECT("2월!$K$47")} -> 284480 | H95: {=INDIRECT("3월!$K$47")} -> 691611 | I95: {=INDIRECT("4월!$K$47")} -> 111374 | J95: {=INDIRECT("5월!$K$47")} -> 215261 | K95: {=INDIRECT("6월!$K$47")} -> 38859 | L95: {=INDIRECT("7월!$K$47")} -> 108180 | M95: {=INDIRECT("8월!$K$47")} -> 0 | N95: {=INDIRECT("9월!$K$47")} -> 71000 | O95: {=INDIRECT("10월!$K$47")} -> 0 | P95: {=INDIRECT("11월!$K$47")} -> 0 | Q95: {=INDIRECT("12월!$K$47")} -> 0 | R95: =IFERROR(SUM(F95:Q95)/W$69,"") -> 179706.82
C96: 🐻생필품 | D96: 주방/욕실 | E96: =SUM(F96:Q96) -> 1570858 | F96: {=INDIRECT("1월!$K$49")} -> 40500 | G96: {=INDIRECT("2월!$K$49")} -> 74178 | H96: {=INDIRECT("3월!$K$49")} -> 0 | I96: {=INDIRECT("4월!$K$49")} -> 2200 | J96: {=INDIRECT("5월!$K$49")} -> 991690 | K96: {=INDIRECT("6월!$K$49")} -> 440000 | L96: {=INDIRECT("7월!$K$49")} -> 0 | M96: {=INDIRECT("8월!$K$49")} -> 22290 | N96: {=INDIRECT("9월!$K$49")} -> 0 | O96: {=INDIRECT("10월!$K$49")} -> 0 | P96: {=INDIRECT("11월!$K$49")} -> 0 | Q96: {=INDIRECT("12월!$K$49")} -> 0 | R96: =IFERROR(SUM(F96:Q96)/W$69,"") -> 142805.27
D97: 소모품 | E97: =SUM(F97:Q97) -> 437470 | F97: {=INDIRECT("1월!$K$50")} -> 33880 | G97: {=INDIRECT("2월!$K$50")} -> 247570 | H97: {=INDIRECT("3월!$K$50")} -> 41400 | I97: {=INDIRECT("4월!$K$50")} -> 0 | J97: {=INDIRECT("5월!$K$50")} -> 18000 | K97: {=INDIRECT("6월!$K$50")} -> 0 | L97: {=INDIRECT("7월!$K$50")} -> 0 | M97: {=INDIRECT("8월!$K$50")} -> 0 | N97: {=INDIRECT("9월!$K$50")} -> 47800 | O97: {=INDIRECT("10월!$K$50")} -> 22930 | P97: {=INDIRECT("11월!$K$50")} -> 25890 | Q97: {=INDIRECT("12월!$K$50")} -> 0 | R97: =IFERROR(SUM(F97:Q97)/W$69,"") -> 39770
D98: 기타 | E98: =SUM(F98:Q98) -> 916670 | F98: {=INDIRECT("1월!$K$51")} -> 271100 | G98: {=INDIRECT("2월!$K$51")} -> 12000 | H98: {=INDIRECT("3월!$K$51")} -> 0 | I98: {=INDIRECT("4월!$K$51")} -> 124450 | J98: {=INDIRECT("5월!$K$51")} -> 440000 | K98: {=INDIRECT("6월!$K$51")} -> 0 | L98: {=INDIRECT("7월!$K$51")} -> 15000 | M98: {=INDIRECT("8월!$K$51")} -> 5000 | N98: {=INDIRECT("9월!$K$51")} -> 38620 | O98: {=INDIRECT("10월!$K$51")} -> 10500 | P98: {=INDIRECT("11월!$K$51")} -> 0 | Q98: {=INDIRECT("12월!$K$51")} -> 0 | R98: =IFERROR(SUM(F98:Q98)/W$69,"") -> 83333.636
E99: =SUM(F99:Q99) -> 0 | F99: {=INDIRECT("1월!$K$52")} -> 0 | G99: {=INDIRECT("2월!$K$52")} -> 0 | H99: {=INDIRECT("3월!$K$52")} -> 0 | I99: {=INDIRECT("4월!$K$52")} -> 0 | J99: {=INDIRECT("5월!$K$52")} -> 0 | K99: {=INDIRECT("6월!$K$52")} -> 0 | L99: {=INDIRECT("7월!$K$52")} -> 0 | M99: {=INDIRECT("8월!$K$52")} -> 0 | N99: {=INDIRECT("9월!$K$52")} -> 0 | O99: {=INDIRECT("10월!$K$52")} -> 0 | P99: {=INDIRECT("11월!$K$52")} -> 0 | Q99: {=INDIRECT("12월!$K$52")} -> 0 | R99: =IFERROR(SUM(F99:Q99)/W$69,"") -> 0
E100: =SUM(F100:Q100) -> 0 | F100: {=INDIRECT("1월!$K$53")} -> 0 | G100: {=INDIRECT("2월!$K$53")} -> 0 | H100: {=INDIRECT("3월!$K$53")} -> 0 | I100: {=INDIRECT("4월!$K$53")} -> 0 | J100: {=INDIRECT("5월!$K$53")} -> 0 | K100: {=INDIRECT("6월!$K$53")} -> 0 | L100: {=INDIRECT("7월!$K$53")} -> 0 | M100: {=INDIRECT("8월!$K$53")} -> 0 | N100: {=INDIRECT("9월!$K$53")} -> 0 | O100: {=INDIRECT("10월!$K$53")} -> 0 | P100: {=INDIRECT("11월!$K$53")} -> 0 | Q100: {=INDIRECT("12월!$K$53")} -> 0 | R100: =IFERROR(SUM(F100:Q100)/W$69,"") -> 0
E101: =SUM(F101:Q101) -> 0 | F101: {=INDIRECT("1월!$K$54")} -> 0 | G101: {=INDIRECT("2월!$K$54")} -> 0 | H101: {=INDIRECT("3월!$K$54")} -> 0 | I101: {=INDIRECT("4월!$K$54")} -> 0 | J101: {=INDIRECT("5월!$K$54")} -> 0 | K101: {=INDIRECT("6월!$K$54")} -> 0 | L101: {=INDIRECT("7월!$K$54")} -> 0 | M101: {=INDIRECT("8월!$K$54")} -> 0 | N101: {=INDIRECT("9월!$K$54")} -> 0 | O101: {=INDIRECT("10월!$K$54")} -> 0 | P101: {=INDIRECT("11월!$K$54")} -> 0 | Q101: {=INDIRECT("12월!$K$54")} -> 0 | R101: =IFERROR(SUM(F101:Q101)/W$69,"") -> 0
C102: =IF($C$96=0,"","총"&$C$96) -> 총🐻생필품 | E102: =SUM(F102:Q102) -> 2924998 | F102: {=INDIRECT("1월!$K$55")} -> 345480 | G102: {=INDIRECT("2월!$K$55")} -> 333748 | H102: {=INDIRECT("3월!$K$55")} -> 41400 | I102: {=INDIRECT("4월!$K$55")} -> 126650 | J102: {=INDIRECT("5월!$K$55")} -> 1449690 | K102: {=INDIRECT("6월!$K$55")} -> 440000 | L102: {=INDIRECT("7월!$K$55")} -> 15000 | M102: {=INDIRECT("8월!$K$55")} -> 27290 | N102: {=INDIRECT("9월!$K$55")} -> 86420 | O102: {=INDIRECT("10월!$K$55")} -> 33430 | P102: {=INDIRECT("11월!$K$55")} -> 25890 | Q102: {=INDIRECT("12월!$K$55")} -> 0 | R102: =IFERROR(SUM(F102:Q102)/W$69,"") -> 265908.91
C103: 🍪식비 | D103: 식재료비 | E103: =SUM(F103:Q103) -> 2006020 | F103: {=INDIRECT("1월!$P$25")} -> 437790 | G103: {=INDIRECT("2월!$P$25")} -> 279251 | H103: {=INDIRECT("3월!$P$25")} -> 568550 | I103: {=INDIRECT("4월!$P$25")} -> 86090 | J103: {=INDIRECT("5월!$P$25")} -> 113780 | K103: {=INDIRECT("6월!$P$25")} -> 285056 | L103: {=INDIRECT("7월!$P$25")} -> 0 | M103: {=INDIRECT("8월!$P$25")} -> 8000 | N103: {=INDIRECT("9월!$P$25")} -> 50250 | O103: {=INDIRECT("10월!$P$25")} -> 177253 | P103: {=INDIRECT("11월!$P$25")} -> 0 | Q103: {=INDIRECT("12월!$P$25")} -> 0 | R103: =IFERROR(SUM(F103:Q103)/W$69,"") -> 182365.45
D104: 회사점심 | E104: =SUM(F104:Q104) -> 981912 | F104: {=INDIRECT("1월!$P$26")} -> 46600 | G104: {=INDIRECT("2월!$P$26")} -> 248000 | H104: {=INDIRECT("3월!$P$26")} -> 120100 | I104: {=INDIRECT("4월!$P$26")} -> 12000 | J104: {=INDIRECT("5월!$P$26")} -> 41000 | K104: {=INDIRECT("6월!$P$26")} -> 106300 | L104: {=INDIRECT("7월!$P$26")} -> 135400 | M104: {=INDIRECT("8월!$P$26")} -> 54800 | N104: {=INDIRECT("9월!$P$26")} -> 15900 | O104: {=INDIRECT("10월!$P$26")} -> 103812 | P104: {=INDIRECT("11월!$P$26")} -> 98000 | Q104: {=INDIRECT("12월!$P$26")} -> 0 | R104: =IFERROR(SUM(F104:Q104)/W$69,"") -> 89264.727
D105: 간식/카페 | E105: =SUM(F105:Q105) -> 991915 | F105: {=INDIRECT("1월!$P$27")} -> 61400 | G105: {=INDIRECT("2월!$P$27")} -> 46000 | H105: {=INDIRECT("3월!$P$27")} -> 33200 | I105: {=INDIRECT("4월!$P$27")} -> 28000 | J105: {=INDIRECT("5월!$P$27")} -> 588300 | K105: {=INDIRECT("6월!$P$27")} -> 54980 | L105: {=INDIRECT("7월!$P$27")} -> 30680 | M105: {=INDIRECT("8월!$P$27")} -> 15100 | N105: {=INDIRECT("9월!$P$27")} -> 9300 | O105: {=INDIRECT("10월!$P$27")} -> 44900 | P105: {=INDIRECT("11월!$P$27")} -> 80055 | Q105: {=INDIRECT("12월!$P$27")} -> 0 | R105: =IFERROR(SUM(F105:Q105)/W$69,"") -> 90174.091
D106: 외식/배달 | E106: =SUM(F106:Q106) -> 1878772 | F106: {=INDIRECT("1월!$P$28")} -> 327762 | G106: {=INDIRECT("2월!$P$28")} -> 411700 | H106: {=INDIRECT("3월!$P$28")} -> 437300 | I106: {=INDIRECT("4월!$P$28")} -> 0 | J106: {=INDIRECT("5월!$P$28")} -> 90279 | K106: {=INDIRECT("6월!$P$28")} -> 230031 | L106: {=INDIRECT("7월!$P$28")} -> 0 | M106: {=INDIRECT("8월!$P$28")} -> 29600 | N106: {=INDIRECT("9월!$P$28")} -> 94800 | O106: {=INDIRECT("10월!$P$28")} -> 139800 | P106: {=INDIRECT("11월!$P$28")} -> 117500 | Q106: {=INDIRECT("12월!$P$28")} -> 0 | R106: =IFERROR(SUM(F106:Q106)/W$69,"") -> 170797.45
D107: 기타 | E107: =SUM(F107:Q107) -> 0 | F107: {=INDIRECT("1월!$P$29")} -> 0 | G107: {=INDIRECT("2월!$P$29")} -> 0 | H107: {=INDIRECT("3월!$P$29")} -> 0 | I107: {=INDIRECT("4월!$P$29")} -> 0 | J107: {=INDIRECT("5월!$P$29")} -> 0 | K107: {=INDIRECT("6월!$P$29")} -> 0 | L107: {=INDIRECT("7월!$P$29")} -> 0 | M107: {=INDIRECT("8월!$P$29")} -> 0 | N107: {=INDIRECT("9월!$P$29")} -> 0 | O107: {=INDIRECT("10월!$P$29")} -> 0 | P107: {=INDIRECT("11월!$P$29")} -> 0 | Q107: {=INDIRECT("12월!$P$29")} -> 0 | R107: =IFERROR(SUM(F107:Q107)/W$69,"") -> 0
E108: =SUM(F108:Q108) -> 0 | F108: {=INDIRECT("1월!$P$30")} -> 0 | G108: {=INDIRECT("2월!$P$30")} -> 0 | H108: {=INDIRECT("3월!$P$30")} -> 0 | I108: {=INDIRECT("4월!$P$30")} -> 0 | J108: {=INDIRECT("5월!$P$30")} -> 0 | K108: {=INDIRECT("6월!$P$30")} -> 0 | L108: {=INDIRECT("7월!$P$30")} -> 0 | M108: {=INDIRECT("8월!$P$30")} -> 0 | N108: {=INDIRECT("9월!$P$30")} -> 0 | O108: {=INDIRECT("10월!$P$30")} -> 0 | P108: {=INDIRECT("11월!$P$30")} -> 0 | Q108: {=INDIRECT("12월!$P$30")} -> 0 | R108: =IFERROR(SUM(F108:Q108)/W$69,"") -> 0
C109: =IF($C$103=0,"","총"&$C$103) -> 총🍪식비 | E109: =SUM(F109:Q109) -> 5858619 | F109: {=INDIRECT("1월!$P$31")} -> 873552 | G109: {=INDIRECT("2월!$P$31")} -> 984951 | H109: {=INDIRECT("3월!$P$31")} -> 1159150 | I109: {=INDIRECT("4월!$P$31")} -> 126090 | J109: {=INDIRECT("5월!$P$31")} -> 833359 | K109: {=INDIRECT("6월!$P$31")} -> 676367 | L109: {=INDIRECT("7월!$P$31")} -> 166080 | M109: {=INDIRECT("8월!$P$31")} -> 107500 | N109: {=INDIRECT("9월!$P$31")} -> 170250 | O109: {=INDIRECT("10월!$P$31")} -> 465765 | P109: {=INDIRECT("11월!$P$31")} -> 295555 | Q109: {=INDIRECT("12월!$P$31")} -> 0 | R109: =IFERROR(SUM(F109:Q109)/W$69,"") -> 532601.73
C110: 🐻식비 | D110: 식재료비 | E110: =SUM(F110:Q110) -> 1257666 | F110: {=INDIRECT("1월!$P$33")} -> 20000 | G110: {=INDIRECT("2월!$P$33")} -> 36500 | H110: {=INDIRECT("3월!$P$33")} -> 178452 | I110: {=INDIRECT("4월!$P$33")} -> 24900 | J110: {=INDIRECT("5월!$P$33")} -> 2980 | K110: {=INDIRECT("6월!$P$33")} -> 242220 | L110: {=INDIRECT("7월!$P$33")} -> 7210 | M110: {=INDIRECT("8월!$P$33")} -> 121134 | N110: {=INDIRECT("9월!$P$33")} -> 72090 | O110: {=INDIRECT("10월!$P$33")} -> 267100 | P110: {=INDIRECT("11월!$P$33")} -> 285080 | Q110: {=INDIRECT("12월!$P$33")} -> 0 | R110: =IFERROR(SUM(F110:Q110)/W$69,"") -> 114333.27
D111: 회사점심 | E111: =SUM(F111:Q111) -> 259400 | F111: {=INDIRECT("1월!$P$34")} -> 140900 | G111: {=INDIRECT("2월!$P$34")} -> 33500 | H111: {=INDIRECT("3월!$P$34")} -> 0 | I111: {=INDIRECT("4월!$P$34")} -> 0 | J111: {=INDIRECT("5월!$P$34")} -> 85000 | K111: {=INDIRECT("6월!$P$34")} -> 0 | L111: {=INDIRECT("7월!$P$34")} -> 0 | M111: {=INDIRECT("8월!$P$34")} -> 0 | N111: {=INDIRECT("9월!$P$34")} -> 0 | O111: {=INDIRECT("10월!$P$34")} -> 0 | P111: {=INDIRECT("11월!$P$34")} -> 0 | Q111: {=INDIRECT("12월!$P$34")} -> 0 | R111: =IFERROR(SUM(F111:Q111)/W$69,"") -> 23581.818
D112: 간식/카페 | E112: =SUM(F112:Q112) -> 458000 | F112: {=INDIRECT("1월!$P$35")} -> 43800 | G112: {=INDIRECT("2월!$P$35")} -> 37400 | H112: {=INDIRECT("3월!$P$35")} -> 45600 | I112: {=INDIRECT("4월!$P$35")} -> 18550 | J112: {=INDIRECT("5월!$P$35")} -> 73900 | K112: {=INDIRECT("6월!$P$35")} -> 26300 | L112: {=INDIRECT("7월!$P$35")} -> 58750 | M112: {=INDIRECT("8월!$P$35")} -> 52400 | N112: {=INDIRECT("9월!$P$35")} -> 27800 | O112: {=INDIRECT("10월!$P$35")} -> 23500 | P112: {=INDIRECT("11월!$P$35")} -> 50000 | Q112: {=INDIRECT("12월!$P$35")} -> 0 | R112: =IFERROR(SUM(F112:Q112)/W$69,"") -> 41636.364
D113: 외식/배달 | E113: =SUM(F113:Q113) -> 1612450 | F113: {=INDIRECT("1월!$P$36")} -> 20000 | G113: {=INDIRECT("2월!$P$36")} -> 28900 | H113: {=INDIRECT("3월!$P$36")} -> 129700 | I113: {=INDIRECT("4월!$P$36")} -> 115300 | J113: {=INDIRECT("5월!$P$36")} -> 121759 | K113: {=INDIRECT("6월!$P$36")} -> 111000 | L113: {=INDIRECT("7월!$P$36")} -> 192900 | M113: {=INDIRECT("8월!$P$36")} -> 422601 | N113: {=INDIRECT("9월!$P$36")} -> 146600 | O113: {=INDIRECT("10월!$P$36")} -> 172050 | P113: {=INDIRECT("11월!$P$36")} -> 151640 | Q113: {=INDIRECT("12월!$P$36")} -> 0 | R113: =IFERROR(SUM(F113:Q113)/W$69,"") -> 146586.36
D114: 기타 | E114: =SUM(F114:Q114) -> 33200 | F114: {=INDIRECT("1월!$P$37")} -> 0 | G114: {=INDIRECT("2월!$P$37")} -> 3900 | H114: {=INDIRECT("3월!$P$37")} -> 0 | I114: {=INDIRECT("4월!$P$37")} -> 1000 | J114: {=INDIRECT("5월!$P$37")} -> 0 | K114: {=INDIRECT("6월!$P$37")} -> 2000 | L114: {=INDIRECT("7월!$P$37")} -> 23800 | M114: {=INDIRECT("8월!$P$37")} -> 0 | N114: {=INDIRECT("9월!$P$37")} -> 0 | O114: {=INDIRECT("10월!$P$37")} -> 2500 | P114: {=INDIRECT("11월!$P$37")} -> 0 | Q114: {=INDIRECT("12월!$P$37")} -> 0 | R114: =IFERROR(SUM(F114:Q114)/W$69,"") -> 3018.1818
E115: =SUM(F115:Q115) -> 0 | F115: {=INDIRECT("1월!$P$38")} -> 0 | G115: {=INDIRECT("2월!$P$38")} -> 0 | H115: {=INDIRECT("3월!$P$38")} -> 0 | I115: {=INDIRECT("4월!$P$38")} -> 0 | J115: {=INDIRECT("5월!$P$38")} -> 0 | K115: {=INDIRECT("6월!$P$38")} -> 0 | L115: {=INDIRECT("7월!$P$38")} -> 0 | M115: {=INDIRECT("8월!$P$38")} -> 0 | N115: {=INDIRECT("9월!$P$38")} -> 0 | O115: {=INDIRECT("10월!$P$38")} -> 0 | P115: {=INDIRECT("11월!$P$38")} -> 0 | Q115: {=INDIRECT("12월!$P$38")} -> 0 | R115: =IFERROR(SUM(F115:Q115)/W$69,"") -> 0
C116: =IF($C$110=0,"","총"&$C$110) -> 총🐻식비 | E116: =SUM(F116:Q116) -> 3620716 | F116: {=INDIRECT("1월!$P$39")} -> 224700 | G116: {=INDIRECT("2월!$P$39")} -> 140200 | H116: {=INDIRECT("3월!$P$39")} -> 353752 | I116: {=INDIRECT("4월!$P$39")} -> 159750 | J116: {=INDIRECT("5월!$P$39")} -> 283639 | K116: {=INDIRECT("6월!$P$39")} -> 381520 | L116: {=INDIRECT("7월!$P$39")} -> 282660 | M116: {=INDIRECT("8월!$P$39")} -> 596135 | N116: {=INDIRECT("9월!$P$39")} -> 246490 | O116: {=INDIRECT("10월!$P$39")} -> 465150 | P116: {=INDIRECT("11월!$P$39")} -> 486720 | Q116: {=INDIRECT("12월!$P$39")} -> 0 | R116: =IFERROR(SUM(F116:Q116)/W$69,"") -> 329156
C117: 🍪여가비 | D117: 의류/잡화 | E117: =SUM(F117:Q117) -> 2567738 | F117: {=INDIRECT("1월!$P$41")} -> 154900 | G117: {=INDIRECT("2월!$P$41")} -> 44030 | H117: {=INDIRECT("3월!$P$41")} -> 260000 | I117: {=INDIRECT("4월!$P$41")} -> 0 | J117: {=INDIRECT("5월!$P$41")} -> 0 | K117: {=INDIRECT("6월!$P$41")} -> 0 | L117: {=INDIRECT("7월!$P$41")} -> 0 | M117: {=INDIRECT("8월!$P$41")} -> 229000 | N117: {=INDIRECT("9월!$P$41")} -> 555100 | O117: {=INDIRECT("10월!$P$41")} -> 765380 | P117: {=INDIRECT("11월!$P$41")} -> 559328 | Q117: {=INDIRECT("12월!$P$41")} -> 0 | R117: =IFERROR(SUM(F117:Q117)/W$69,"") -> 233430.73
D118: OTT | E118: =SUM(F118:Q118) -> 36770 | F118: {=INDIRECT("1월!$P$42")} -> 13390 | G118: {=INDIRECT("2월!$P$42")} -> 7890 | H118: {=INDIRECT("3월!$P$42")} -> 7890 | I118: {=INDIRECT("4월!$P$42")} -> 1900 | J118: {=INDIRECT("5월!$P$42")} -> 1900 | K118: {=INDIRECT("6월!$P$42")} -> 1900 | L118: {=INDIRECT("7월!$P$42")} -> 0 | M118: {=INDIRECT("8월!$P$42")} -> 0 | N118: {=INDIRECT("9월!$P$42")} -> 0 | O118: {=INDIRECT("10월!$P$42")} -> 0 | P118: {=INDIRECT("11월!$P$42")} -> 1900 | Q118: {=INDIRECT("12월!$P$42")} -> 0 | R118: =IFERROR(SUM(F118:Q118)/W$69,"") -> 3342.7273
...

Sheet 자산관리
C22: 대분류 | D22: 소분류 | E22: 1월 | F22: 2월 | G22: 3월 | H22: 4월 | I22: 5월 | J22: 6월 | K22: 7월 | L22: 8월 | M22: 9월 | N22: 10월 | O22: 11월 | P22: 12월
C23: 부채 | D23: 전세대출 | E23: 60000000 | F23: 60000000 | G23: 60000000 | H23: 60000000 | I23: 60000000 | J23: 60000000 | K23: 60000000 | L23: 60000000 | M23: 60000000 | N23: 60000000 | O23: 60000000 | P23: 60000000
C29: 부채 합계 | E29: =SUM(E23:E28) -> 60000000 | F29: =SUM(F23:F28) -> 60000000 | G29: =SUM(G23:G28) -> 60000000 | H29: =SUM(H23:H28) -> 60000000 | I29: =SUM(I23:I28) -> 60000000 | J29: =SUM(J23:J28) -> 60000000 | K29: =SUM(K23:K28) -> 60000000 | L29: =SUM(L23:L28) -> 60000000 | ... P29: =SUM(P23:P28) -> 60000000
C30: 비유동자산 | E30: -
D31: SK뷰-전세보증금 | E31: 500000000 | F31: 500000000 | G31: 500000000 | H31: 500000000 | I31: 500000000 | J31: 500000000 | K31: 500000000 | L31: 500000000 | M31: 500000000 | N31: 500000000 | O31: 500000000 | P31: 500000000
D32: 🐻주택청약 | E32: 10260010 | F32: 10260010 | G32: 10260010 | H32: 10260010 | I32: 10260010 | J32: 10260010 | K32: 10260010 | L32: 10260010 | M32: 10260010 | N32: 10260010 | O32: 10260010 | P32: 10260010
D33: 🍪주택청약 | E33: 3020000 | F33: 3020000 | G33: 3020000 | H33: 3020000 | I33: 3020000 | J33: 3020000 | K33: 3020000 | L33: 3020000 | M33: 3020000 | N33: 3020000 | O33: 3020000 | P33: 3020000
C37: 비유동자산 합계 | E37: =SUM(E30:E36) -> 513280010 | F37: =SUM(F30:F36) -> 513280010 | G37: =SUM(G30:G36) -> 513280010 | H37: =SUM(H30:H36) -> 513280010 | I37: =SUM(I30:I36) -> 513280010 | J37: =SUM(J30:J36) -> 513280010 | K37: =SUM(K30:K36) -> 513280010 | L37: =SUM(L30:L36) -> 513280010 | ... P37: =SUM(P30:P36) -> 513280010
C38: 유동자산 (투자) | D38: 🐻주식 | H38: 2921257 | I38: 2921257 | J38: 3768946 | K38: 3558877 | N38: 5096711
D39: 🐻연금저축 한투 | H39: 7821622 | I39: 7821622 | J39: 9116774 | K39: 10117282 | N39: 10940296
D40: 🐻연금저축 KB | H40: 435275 | I40: 435275 | J40: 0
D41: 🐻퇴직연금 | H41: 7422813 | I41: 7422813 | J41: 8167790 | K41: 8117996 | N41: 9192926
D42: 🐻ISA | H42: 213330 | I42: 213330 | J42: 277513 | K42: 310541 | N42: 319061
D43: 🍪주식 | E43: - | G43: -
D44: 🍪연금저축
C45: 유동자산(투자) 합계 | E45: =SUM(E38:E44) -> 0 | F45: =SUM(F38:F44) -> 0 | G45: =SUM(G38:G44) -> 0 | H45: =SUM(H38:H44) -> 18814297 | I45: =SUM(I38:I44) -> 18814297 | J45: =SUM(J38:J44) -> 21331023 | K45: =SUM(K38:K44) -> 22104696 | L45: =SUM(L38:L44) -> 0 | ... P45: =SUM(P38:P44) -> 0
D46: 🐻우리은행적금 | E46: - | G46: 0
D47: 🐻K뱅크-예금 | E47: 0- | G47: 0
D48: 🐻K뱅크-생활통장 | E48: 3000000 | F48: 3000000 | G48: 2500000 | H48: 3000000 | I48: 3000000 | J48: -
D49: 🐻K뱅크-파킹 | E49: 1800000 | F49: 1300000 | G49: 0 | H49: 1500000 | I49: 3500000 | J49: 0
D50: 🍪우리은행적금 | E50: 6000000 | F50: 0 | G50: -
D51: 🍪K뱅크-예금 | E51: 0
D52: 🍪K뱅크-생활통장 | E52: 3000000 | F52: 3000000 | G52: 3000000 | H52: 3000000 | I52: 3000000 | J52: 3000000 | K52: 3000000 | L52: 3000000 | M52: 3000000 | N52: 3000000 | O52: 3000000
D53: 🍪K뱅크-파킹 | E53: 39000000 | F53: 0 | G53: 12000000 | H53: 12000000 | I53: 17000000 | J53: 17000000 | K53: 20500000 | L53: 20500000 | M53: 20500000 | N53: 21000000 | O53: 31500000
C54: 유동자산(현금) 합계 | E54: =SUM(E46:E53) -> 52800000 | F54: =SUM(F46:F53) -> 7300000 | G54: =SUM(G46:G53) -> 17500000 | H54: =SUM(H46:H53) -> 19500000 | I54: =SUM(I46:I53) -> 26500000 | J54: =SUM(J46:J53) -> 20000000 | K54: =SUM(K46:K53) -> 23500000 | L54: =SUM(L46:L53) -> 23500000 | ... P54: =SUM(P46:P53) -> 0
C55: 순자산 | E55: =E54+E37-E29 -> 506080010 | F55: =F54+F37-F29 -> 460580010 | G55: =G54+G37-G29 -> 470780010 | H55: =H54+H37-H29 -> 472780010 | I55: =I54+I37-I29 -> 479780010 | J55: =J54+J37-J29 -> 473280010 | K55: =K54+K37-K29 -> 476780010 | L55: =L54+L37-L29 -> 476780010 | ... P55: =P54+P37-P29 -> 453280010
C56: 증감액 | F56: =IF(F55=0, "",F55-E55) -> -45500000 | G56: =IF(G55=0, "",G55-F55) -> 10200000 | H56: =IF(H55=0, "",H55-G55) -> 2000000 | I56: =IF(I55=0, "",I55-H55) -> 7000000 | J56: =IF(J55=0, "",J55-I55) -> -6500000 | K56: =IF(K55=0, "",K55-J55) -> 3500000 | L56: =IF(L55=0, "",L55-K55) -> 0 | M56: =IF(M55=0, "",M55-L55) -> 0 | ... P56: =IF(P55=0, "",P55-O55) -> -34500000
C57: 주식칸도 만들어봄♥
G59: 총액 | H59: 간이대지급금 | I59: 미정산
F60: 퇴직금 임금체불(3개월) | G60: =25105020+4850000*3 -> 39655020 | H60: 10000000 | I60: =G60-H60 -> 29655020
G61: 총액 | H61: 정산 | I61: 미정산
F62: 조현철 | G62: 7500000 | H62: =220000+120000+130000+200000+140000 -> 810000 | I62: =G62-H62 -> 6690000

Sheet 연말정산
B4: 월 | C4: 체크카드(현금영수증) | D4: 전통시장(제로페이) | E4: 신용카드 | G4: 월 | H4: 체크카드(현금영수증) | I4: 전통시장(제로페이) | J4: 신용카드
B5: 1월 | C5: {=INDIRECT("1월!$F$9")} -> 1550000 | D5: {=INDIRECT("1월!$F$11")} -> 21394 | E5: {=SUM(INDIRECT("1월!F12:F14"))} -> 2101178 | G5: 1월 | H5: {=INDIRECT("1월!$F$15")} -> 0 | I5: {=INDIRECT("1월!$F$17")} -> 2346620 | J5: {=SUM(INDIRECT("1월!F18:F19"))} -> 930716
B6: 2월 | C6: {=INDIRECT("2월!$F$9")} -> 0 | D6: {=INDIRECT("2월!$F$11")} -> 0 | E6: {=SUM(INDIRECT("2월!F12:F14"))} -> 2648680 | G6: 2월 | H6: {=INDIRECT("2월!$F$15")} -> 0 | I6: {=INDIRECT("2월!$F$17")} -> 627500 | J6: {=SUM(INDIRECT("2월!F18:F19"))} -> 1298385
B7: 3월 | C7: {=INDIRECT("3월!$F$9")} -> 0 | D7: {=INDIRECT("3월!$F$11")} -> 0 | E7: {=SUM(INDIRECT("3월!F12:F14"))} -> 2978503 | G7: 3월 | H7: {=INDIRECT("3월!$F$15")} -> 210000 | I7: {=INDIRECT("3월!$F$17")} -> 302680 | J7: {=SUM(INDIRECT("3월!F18:F19"))} -> 1213042
B8: 4월 | C8: {=INDIRECT("4월!$F$9")} -> 0 | D8: {=INDIRECT("4월!$F$11")} -> 0 | E8: {=SUM(INDIRECT("4월!F12:F14"))} -> 624394 | G8: 4월 | H8: {=INDIRECT("4월!$F$15")} -> 0 | I8: {=INDIRECT("4월!$F$17")} -> 189000 | J8: {=SUM(INDIRECT("4월!F18:F19"))} -> 1966526
B9: 5월 | C9: {=INDIRECT("5월!$F$9")} -> 0 | D9: {=INDIRECT("5월!$F$11")} -> 0 | E9: {=SUM(INDIRECT("5월!F12:F14"))} -> 576689 | G9: 5월 | H9: {=INDIRECT("5월!$F$15")} -> 0 | I9: {=INDIRECT("5월!$F$17")} -> 170000 | J9: {=SUM(INDIRECT("5월!F18:F19"))} -> 2682031
B10: 6월 | C10: {=INDIRECT("6월!$F$9")} -> 0 | D10: {=INDIRECT("6월!$F$11")} -> 0 | E10: {=SUM(INDIRECT("6월!F12:F14"))} -> 1630779 | G10: 6월 | H10: {=INDIRECT("6월!$F$15")} -> 0 | I10: {=INDIRECT("6월!$F$17")} -> 214000 | J10: {=SUM(INDIRECT("6월!F18:F19"))} -> 1727827
B11: 7월 | C11: {=INDIRECT("7월!$F$9")} -> 0 | D11: {=INDIRECT("7월!$F$11")} -> 0 | E11: {=SUM(INDIRECT("7월!F12:F14"))} -> 968900 | G11: 7월 | H11: {=INDIRECT("7월!$F$15")} -> 0 | I11: {=INDIRECT("7월!$F$17")} -> 133010 | J11: {=SUM(INDIRECT("7월!F18:F19"))} -> 1972310
B12: 8월 | C12: {=INDIRECT("8월!$F$9")} -> 0 | D12: {=INDIRECT("8월!$F$11")} -> 0 | E12: {=SUM(INDIRECT("8월!F12:F14"))} -> 0 | G12: 8월 | H12: {=INDIRECT("8월!$F$15")} -> 0 | I12: {=INDIRECT("8월!$F$17")} -> 183000 | J12: {=SUM(INDIRECT("8월!F18:F19"))} -> 2242557
B13: 9월 | C13: {=INDIRECT("9월!$F$9")} -> 0 | D13: {=INDIRECT("9월!$F$11")} -> 0 | E13: {=SUM(INDIRECT("9월!F12:F14"))} -> 0 | G13: 9월 | H13: {=INDIRECT("9월!$F$15")} -> 0 | I13: {=INDIRECT("9월!$F$17")} -> 246170 | J13: {=SUM(INDIRECT("9월!F18:F19"))} -> 2735390
B14: 10월 | C14: {=INDIRECT("10월!$F$9")} -> 0 | D14: {=INDIRECT("10월!$F$11")} -> 0 | E14: {=SUM(INDIRECT("10월!F12:F14"))} -> 248890 | G14: 10월 | H14: {=INDIRECT("10월!$F$15")} -> 962778 | I14: {=INDIRECT("10월!$F$17")} -> 226800 | J14: {=SUM(INDIRECT("10월!F18:F19"))} -> 2252750
B15: 11월 | C15: {=INDIRECT("11월!$F$9")} -> 0 | D15: {=INDIRECT("11월!$F$11")} -> 0 | E15: {=SUM(INDIRECT("11월!F12:F14"))} -> 100490 | G15: 11월 | H15: {=INDIRECT("11월!$F$15")} -> 1250845 | I15: {=INDIRECT("11월!$F$17")} -> 180000 | J15: {=SUM(INDIRECT("11월!F18:F19"))} -> 3923398
B16: 12월 | C16: {=INDIRECT("12월!$F$9")} -> 0 | D16: {=INDIRECT("12월!$F$11")} -> 0 | E16: {=SUM(INDIRECT("12월!F12:F14"))} -> 0 | G16: 12월 | H16: {=INDIRECT("12월!$F$15")} -> 0 | I16: {=INDIRECT("12월!$F$17")} -> 0 | J16: {=SUM(INDIRECT("12월!F18:F19"))} -> 0
B17: 합계 | C17: =SUM(C5:C16) -> 1550000 | D17: =SUM(D5:D16) -> 21394 | E17: =SUM(E5:E16) -> 11878503 | G17: 합계 | H17: =SUM(H5:H16) -> 2423623 | I17: =SUM(I5:I16) -> 4818780 | J17: =SUM(J5:J16) -> 22944932

Sheet 1월
C3: 2025 | D3: 1
E8: 결제수단 | F8: 금액 | R8: S | S8: M | T8: T | U8: W | V8: T | W8: F | X8: S | Y8: 누적 | AB8: 대분류 | AC8: 합계
E9: 🍪체크카드(현영) | F9: =SUMIFS($K$62:$K$500,$L$62:$L$500,E9,$I$62:$I$500,"<>수입",$I$62:$I$500,"<>저축") -> 1550000 | R9: =DATE($C$3,$D$3,1)-WEEKDAY(DATE($C$3,$D$3,1))+1 -> 45655 | S9: =R9 + 1 -> 45656 | T9: =S9 + 1 -> 45657 | U9: =T9 + 1 -> 45658 | V9: =U9 + 1 -> 45659 | W9: =V9 + 1 -> 45660 | X9: =W9 + 1 -> 45661 | AB9: =$H$25 -> 🍪고정비 | AC9: =$K$31 -> 297392 | AD9: =_xlfn.RANK.EQ(AC9,$AB$9:$AC$20,0) + ROW(AB1)/10000 -> 6.0001 | AE9: =SMALL($AD$9:$AD$20, ROW(AB1)) -> 1.0012 | AF9: =INDEX($AB$9:$AB$20,MATCH(AE9,$AD$9:$AD$20,0)) -> 🐻 이벤트성 | AG9: =INDEX($AC$9:$AC$20,MATCH(AE9,$AD$9:$AD$20,0)) -> 2438940
E10: 🍪현금/이체 | F10: =SUMIFS($K$62:$K$500,$L$62:$L$500,E10,$I$62:$I$500,"<>수입",$I$62:$I$500,"<>저축") -> 1734978 | R10: =SUMIFS($K$62:$K$500,$H$62:$H$500,R9,$I$62:$I$500,"<>수입",$I$62:$I$500,"<>저축") -> 0 | S10: =SUMIFS($K$62:$K$500,$H$62:$H$500,S9,$I$62:$I$500,"<>수입",$I$62:$I$500,"<>저축") -> 0 | T10: =SUMIFS($K$62:$K$500,$H$62:$H$500,T9,$I$62:$I$500,"<>수입",$I$62:$I$500,"<>저축") -> 0 | U10: =SUMIFS($K$62:$K$500,$H$62:$H$500,U9,$I$62:$I$500,"<>수입",$I$62:$I$500,"<>저축") -> 53400 | V10: =SUMIFS($K$62:$K$500,$H$62:$H$500,V9,$I$62:$I$500,"<>수입",$I$62:$I$500,"<>저축") -> 106100 | W10: =SUMIFS($K$62:$K$500,$H$62:$H$500,W9,$I$62:$I$500,"<>수입",$I$62:$I$500,"<>저축") -> 126000 | X10: =SUMIFS($K$62:$K$500,$H$62:$H$500,X9,$I$62:$I$500,"<>수입",$I$62:$I$500,"<>저축") -> 16666 | Y10: =SUM(R10:X10) -> 302166 | AB10: =$H$33 -> 🐻고정비 | AC10: =$K$39 -> 212060 | AD10: =_xlfn.RANK.EQ(AC10,$AB$9:$AC$20,0) + ROW(AB2)/10000 -> 9.0002 | AE10: =SMALL($AD$9:$AD$20, ROW(AB2)) -> 2.0011 | AF10: =INDEX($AB$9:$AB$20,MATCH(AE10,$AD$9:$AD$20,0)) -> 🍪이벤트성 | AG10: =INDEX($AC$9:$AC$20,MATCH(AE10,$AD$9:$AD$20,0)) -> 2378146
C11: 항목 | D11: 금액 | E11: 🍪전통시장(제로페이) | F11: =SUMIFS($K$62:$K$500,$L$62:$L$500,E11,$I$62:$I$500,"<>수입",$I$62:$I$500,"<>저축") -> 21394 | R11: =R9 + 7 -> 45662 | S11: =S9 + 7 -> 45663 | T11: =T9 + 7 -> 45664 | U11: =U9 + 7 -> 45665 | V11: =V9 + 7 -> 45666 | W11: =W9 + 7 -> 45667 | X11: =X9 + 7 -> 45668 | AB11: =$H$41 -> 🍪생필품 | AC11: =$K$47 -> 456010 | AD11: =_xlfn.RANK.EQ(AC11,$AB$9:$AC$20,0) + ROW(AB3)/10000 -> 4.0003 | AE11: =SMALL($AD$9:$AD$20, ROW(AB3)) -> 3.0005 | AF11: =INDEX($AB$9:$AB$20,MATCH(AE11,$AD$9:$AD$20,0)) -> 🍪식비 | AG11: =INDEX($AC$9:$AC$20,MATCH(AE11,$AD$9:$AD$20,0)) -> 873552
C12: 총수입 | D12: =F33 -> 10192950 | E12: 🍪현대카드 | F12: =SUMIFS($K$62:$K$500,$L$62:$L$500,E12,$I$62:$I$500,"<>수입",$I$62:$I$500,"<>저축") -> 1524956 | R12: =SUMIFS($K$62:$K$500,$H$62:$H$500,R11,$I$62:$I$500,"<>수입",$I$62:$I$500,"<>저축") -> 83000 | S12: =SUMIFS($K$62:$K$500,$H$62:$H$500,S11,$I$62:$I$500,"<>수입",$I$62:$I$500,"<>저축") -> 97250 | T12: =SUMIFS($K$62:$K$500,$H$62:$H$500,T11,$I$62:$I$500,"<>수입",$I$62:$I$500,"<>저축") -> 74726 | U12: =SUMIFS($K$62:$K$500,$H$62:$H$500,U11,$I$62:$I$500,"<>수입",$I$62:$I$500,"<>저축") -> 183800 | V12: =SUMIFS($K$62:$K$500,$H$62:$H$500,V11,$I$62:$I$500,"<>수입",$I$62:$I$500,"<>저축") -> 147970 | W12: =SUMIFS($K$62:$K$500,$H$62:$H$500,W11,$I$62:$I$500,"<>수입",$I$62:$I$500,"<>저축") -> 989300 | X12: =SUMIFS($K$62:$K$500,$H$62:$H$500,X11,$I$62:$I$500,"<>수입",$I$62:$I$500,"<>저축") -> 167780 | Y12: =SUM(R12:X12) -> 1743826 | AB12: =$H$49 -> 🐻생필품 | AC12: =$K$55 -> 345480 | AD12: =_xlfn.RANK.EQ(AC12,$AB$9:$AC$20,0) + ROW(AB4)/10000 -> 5.0004 | AE12: =SMALL($AD$9:$AD$20, ROW(AB4)) -> 4.0003 | AF12: =INDEX($AB$9:$AB$20,MATCH(AE12,$AD$9:$AD$20,0)) -> 🍪생필품 | AG12: =INDEX($AC$9:$AC$20,MATCH(AE12,$AD$9:$AD$20,0)) -> 456010
E13: 🍪국민카드 | F13: =SUMIFS($K$62:$K$500,$L$62:$L$500,E13,$I$62:$I$500,"<>수입",$I$62:$I$500,"<>저축") -> 576222 | R13: =R11+7 -> 45669 | S13: =S11+7 -> 45670 | T13: =T11+7 -> 45671 | U13: =U11+7 -> 45672 | V13: =V11+7 -> 45673 | W13: =W11+7 -> 45674 | X13: =X11+7 -> 45675 | AB13: =$M$25 -> 🍪식비 | AC13: =$P$31 -> 873552 | AD13: =_xlfn.RANK.EQ(AC13,$AB$9:$AC$20,0) + ROW(AB5)/10000 -> 3.0005 | AE13: =SMALL($AD$9:$AD$20, ROW(AB5)) -> 5.0004 | AF13: =INDEX($AB$9:$AB$20,MATCH(AE13,$AD$9:$AD$20,0)) -> 🐻생필품 | AG13: =INDEX($AC$9:$AC$20,MATCH(AE13,$AD$9:$AD$20,0)) -> 345480
C14: 총지출 | D14: =SUM($K$31+$K$39+$K$47+$K$55+$P$31+$P$39+$P$47+$P$55+X31+X39+X47+X55) -> 7872976 | E14: 🍪기업카드 | F14: =SUMIFS($K$62:$K$500,$L$62:$L$500,E14,$I$62:$I$500,"<>수입",$I$62:$I$500,"<>저축") -> 0 | R14: =SUMIFS($K$62:$K$500,$H$62:$H$500,R13,$I$62:$I$500,"<>수입",$I$62:$I$500,"<>저축") -> 355800 | S14: =SUMIFS($K$62:$K$500,$H$62:$H$500,S13,$I$62:$I$500,"<>수입",$I$62:$I$500,"<>저축") -> 9000 | T14: =SUMIFS($K$62:$K$500,$H$62:$H$500,T13,$I$62:$I$500,"<>수입",$I$62:$I$500,"<>저축") -> 139920 | U14: =SUMIFS($K$62:$K$500,$H$62:$H$500,U13,$I$62:$I$500,"<>수입",$I$62:$I$500,"<>저축") -> 3729220 | V14: =SUMIFS($K$62:$K$500,$H$62:$H$500,V13,$I$62:$I$500,"<>수입",$I$62:$I$500,"<>저축") -> 132002 | W14: =SUMIFS($K$62:$K$500,$H$62:$H$500,W13,$I$62:$I$500,"<>수입",$I$62:$I$500,"<>저축") -> 290270 | X14: =SUMIFS($K$62:$K$500,$H$62:$H$500,X13,$I$62:$I$500,"<>수입",$I$62:$I$500,"<>저축") -> 69750 | Y14: =SUM(R14:X14) -> 4725962 | AB14: =$M$33 -> 🐻식비 | AC14: =$P$39 -> 224700 | AD14: =_xlfn.RANK.EQ(AC14,$AB$9:$AC$20,0) + ROW(AB6)/10000 -> 8.0006 | AE14: =SMALL($AD$9:$AD$20, ROW(AB6)) -> 6.0001 | AF14: =INDEX($AB$9:$AB$20,MATCH(AE14,$AD$9:$AD$20,0)) -> 🍪고정비 | AG14: =INDEX($AC$9:$AC$20,MATCH(AE14,$AD$9:$AD$20,0)) -> 297392
E15: 🍪하나카드 | F15: =SUMIFS($K$62:$K$500,$L$62:$L$500,E15,$I$62:$I$500,"<>수입",$I$62:$I$500,"<>저축") -> 0 | R15: =R13+7 -> 45676 | S15: =S13+7 -> 45677 | T15: =T13+7 -> 45678 | U15: =U13+7 -> 45679 | V15: =V13+7 -> 45680 | W15: =W13+7 -> 45681 | X15: =X13+7 -> 45682 | AB15: =$M$41 -> 🍪여가비 | AC15: =$P$47 -> 292090 | AD15: =_xlfn.RANK.EQ(AC15,$AB$9:$AC$20,0) + ROW(AB7)/10000 -> 7.0007 | AE15: =SMALL($AD$9:$AD$20, ROW(AB7)) -> 7.0007 | AF15: =INDEX($AB$9:$AB$20,MATCH(AE15,$AD$9:$AD$20,0)) -> 🍪여가비 | AG15: =INDEX($AC$9:$AC$20,MATCH(AE15,$AD$9:$AD$20,0)) -> 292090
C16: 총저축 | D16: =F43 -> 3200000 | E16: 🐻체크카드(현영) | F16: =SUMIFS($K$62:$K$500,$L$62:$L$500,E16,$I$62:$I$500,"<>수입",$I$62:$I$500,"<>저축") -> 131890 | H16: 이벤트 | R16: =SUMIFS($K$62:$K$500,$H$62:$H$500,R15,$I$62:$I$500,"<>수입",$I$62:$I$500,"<>저축") -> 308740 | S16: =SUMIFS($K$62:$K$500,$H$62:$H$500,S15,$I$62:$I$500,"<>수입",$I$62:$I$500,"<>저축") -> 118800 | T16: =SUMIFS($K$62:$K$500,$H$62:$H$500,T15,$I$62:$I$500,"<>수입",$I$62:$I$500,"<>저축") -> 12000 | U16: =SUMIFS($K$62:$K$500,$H$62:$H$500,U15,$I$62:$I$500,"<>수입",$I$62:$I$500,"<>저축") -> 156420 | V16: =SUMIFS($K$62:$K$500,$H$62:$H$500,V15,$I$62:$I$500,"<>수입",$I$62:$I$500,"<>저축") -> 119300 | W16: =SUMIFS($K$62:$K$500,$H$62:$H$500,W15,$I$62:$I$500,"<>수입",$I$62:$I$500,"<>저축") -> 197832 | X16: =SUMIFS($K$62:$K$500,$H$62:$H$500,X15,$I$62:$I$500,"<>수입",$I$62:$I$500,"<>저축") -> 114900 | Y16: =SUM(R16:X16) -> 1027992 | AB16: =$M$49 -> 🐻여가비 | AC16: =$P$55 -> 54336 | AD16: =_xlfn.RANK.EQ(AC16,$AB$9:$AC$20,0) + ROW(AB8)/10000 -> 12.0008 | AE16: =SMALL($AD$9:$AD$20, ROW(AB8)) -> 8.0006 | AF16: =INDEX($AB$9:$AB$20,MATCH(AE16,$AD$9:$AD$20,0)) -> 🐻식비 | AG16: =INDEX($AC$9:$AC$20,MATCH(AE16,$AD$9:$AD$20,0)) -> 224700
E17: 🐻현금/이체 | F17: =SUMIFS($K$62:$K$500,$L$62:$L$500,E17,$I$62:$I$500,"<>수입",$I$62:$I$500,"<>저축") -> 2346620 | R17: =R15+7 -> 45683 | S17: =S15+7 -> 45684 | T17: =T15+7 -> 45685 | U17: =U15+7 -> 45686 | V17: =V15+7 -> 45687 | W17: =W15+7 -> 45688 | X17: =X15+7 -> 45689 | AB17: =$R$25 -> 🍪기타 | AC17: =$X$31 -> 188260 | AD17: =_xlfn.RANK.EQ(AC17,$AB$9:$AC$20,0) + ROW(AB9)/10000 -> 10.0009 | AE17: =SMALL($AD$9:$AD$20, ROW(AB9)) -> 9.0002 | AF17: =INDEX($AB$9:$AB$20,MATCH(AE17,$AD$9:$AD$20,0)) -> 🐻고정비 | AG17: =INDEX($AC$9:$AC$20,MATCH(AE17,$AD$9:$AD$20,0)) -> 212060
C18: 잉여현금 | D18: =D12-D14-D16 -> -880026 | E18: 🐻전통시장(제로페이) | F18: =SUMIFS($K$62:$K$500,$L$62:$L$500,E18,$I$62:$I$500,"<>수입",$I$62:$I$500,"<>저축") -> 26500 | R18: =SUMIFS($K$62:$K$500,$H$62:$H$500,R17,$I$62:$I$500,"<>수입",$I$62:$I$500,"<>저축") -> 20500 | S18: =SUMIFS($K$62:$K$500,$H$62:$H$500,S17,$I$62:$I$500,"<>수입",$I$62:$I$500,"<>저축") -> 160352 | T18: =SUMIFS($K$62:$K$500,$H$62:$H$500,T17,$I$62:$I$500,"<>수입",$I$62:$I$500,"<>저축") -> 557894 | U18: =SUMIFS($K$62:$K$500,$H$62:$H$500,U17,$I$62:$I$500,"<>수입",$I$62:$I$500,"<>저축") -> 79084 | V18: =SUMIFS($K$62:$K$500,$H$62:$H$500,V17,$I$62:$I$500,"<>수입",$I$62:$I$500,"<>저축") -> 86650 | W18: =SUMIFS($K$62:$K$500,$H$62:$H$500,W17,$I$62:$I$500,"<>수입",$I$62:$I$500,"<>저축") -> 135650 | X18: =SUMIFS($K$62:$K$500,$H$62:$H$500,X17,$I$62:$I$500,"<>수입",$I$62:$I$500,"<>저축") -> 0 | Y18: =SUM(R18:X18) -> 1040130 | AB18: =$R$33 -> 🐻기타 | AC18: =$X$39 -> 112010 | AD18: =_xlfn.RANK.EQ(AC18,$AB$9:$AC$20,0) + ROW(AB10)/10000 -> 11.001 | AE18: =SMALL($AD$9:$AD$20, ROW(AB10)) -> 10.0009 | AF18: =INDEX($AB$9:$AB$20,MATCH(AE18,$AD$9:$AD$20,0)) -> 🍪기타 | AG18: =INDEX($AC$9:$AC$20,MATCH(AE18,$AD$9:$AD$20,0)) -> 188260
C19: 총저축률 | D19: =(D16+D18)/D12 -> 0.22760575 | E19: 🐻하나카드 | F19: =SUMIFS($K$62:$K$500,$L$62:$L$500,E19,$I$62:$I$500,"<>수입",$I$62:$I$500,"<>저축") -> 904216 | R19: =R17+7 -> 45690 | S19: =S17+7 -> 45691 | T19: =T17+7 -> 45692 | U19: =U17+7 -> 45693 | V19: =V17+7 -> 45694 | W19: =W17+7 -> 45695 | X19: =X17+7 -> 45696 | AB19: =$R$41 -> 🍪이벤트성 | AC19: =$X$47 -> 2378146 | AD19: =_xlfn.RANK.EQ(AC19,$AB$9:$AC$20,0) + ROW(AB11)/10000 -> 2.0011 | AE19: =SMALL($AD$9:$AD$20, ROW(AB11)) -> 11.001 | AF19: =INDEX($AB$9:$AB$20,MATCH(AE19,$AD$9:$AD$20,0)) -> 🐻기타 | AG19: =INDEX($AC$9:$AC$20,MATCH(AE19,$AD$9:$AD$20,0)) -> 112010
C20: 현금저축률 | D20: =D18/D12 -> -0.086336733 | E20: 🐻현백카드 | F20: =SUM($F$14:$F$19) -> 3409226 | R20: =SUMIFS($K$62:$K$500,$H$62:$H$500,R19,$I$62:$I$500,"<>수입",$I$62:$I$500,"<>저축") -> 0 | S20: =SUMIFS($K$62:$K$500,$H$62:$H$500,S19,$I$62:$I$500,"<>수입",$I$62:$I$500,"<>저축") -> 0 | T20: =SUMIFS($K$62:$K$500,$H$62:$H$500,T19,$I$62:$I$500,"<>수입",$I$62:$I$500,"<>저축") -> 0 | U20: =SUMIFS($K$62:$K$500,$H$62:$H$500,U19,$I$62:$I$500,"<>수입",$I$62:$I$500,"<>저축") -> 0 | V20: =SUMIFS($K$62:$K$500,$H$62:$H$500,V19,$I$62:$I$500,"<>수입",$I$62:$I$500,"<>저축") -> 0 | W20: =SUMIFS($K$62:$K$500,$H$62:$H$500,W19,$I$62:$I$500,"<>수입",$I$62:$I$500,"<>저축") -> 0 | X20: =SUMIFS($K$62:$K$500,$H$62:$H$500,X19,$I$62:$I$500,"<>수입",$I$62:$I$500,"<>저축") -> 0 | Y20: =SUM(R20:X20) -> 0 | AB20: =$R$49 -> 🐻 이벤트성 | AC20: =$X$55 -> 2438940 | AD20: =_xlfn.RANK.EQ(AC20,$AB$9:$AC$20,0) + ROW(AB12)/10000 -> 1.0012 | AE20: =SMALL($AD$9:$AD$20, ROW(AB12)) -> 12.0008 | AF20: =INDEX($AB$9:$AB$20,MATCH(AE20,$AD$9:$AD$20,0)) -> 🐻여가비 | AG20: =INDEX($AC$9:$AC$20,MATCH(AE20,$AD$9:$AD$20,0)) -> 54336
E21: 🐻국민카드
C24: 대분류 | D24: 소분류 | E24: 목표 | F24: 합계 | H24: 대분류 | I24: 소분류 | J24: 예산 | K24: 합계 | M24: 대분류 | N24: 소분류 | O24: 예산 | P24: 합계 | R24: 대분류 | T24: 소분류 | V24: 예산 | X24: 합계
C25: 수입 | D25: 🍪 월급 | F25: =SUMIFS($K$62:$K$500,$I$62:$I$500,$C$25,$J$62:$J$500,D25) -> 3257030 | H25: 🍪고정비 | I25: 관리비 | K25: =SUMIFS($K$62:$K$500,$I$62:$I$500,$H$25,$J$62:$J$500,I25) -> 0 | M25: 🍪식비 | N25: 식재료비 | P25: =SUMIFS($K$62:$K$500,$I$62:$I$500,$M$25,$J$62:$J$500,N25) -> 437790 | R25: 🍪기타 | T25: 약국 | X25: =SUMIFS($K$62:$K$500,$I$62:$I$500,$R$25,$J$62:$J$500,T25) -> 0
D26: 🍪 부수입 | F26: =SUMIFS($K$62:$K$500,$I$62:$I$500,$C$25,$J$62:$J$500,D26) -> 345000 | I26: 월세 | K26: =SUMIFS($K$62:$K$500,$I$62:$I$500,$H$25,$J$62:$J$500,I26) -> 0 | N26: 회사점심 | P26: =SUMIFS($K$62:$K$500,$I$62:$I$500,$M$25,$J$62:$J$500,N26) -> 46600 | T26: 병원비 | X26: =SUMIFS($K$62:$K$500,$I$62:$I$500,$R$25,$J$62:$J$500,T26) -> 120010
D27: 🐻 월급 | F27: =SUMIFS($K$62:$K$500,$I$62:$I$500,$C$25,$J$62:$J$500,D27) -> 4310870 | I27: 대출이자 | K27: =SUMIFS($K$62:$K$500,$I$62:$I$500,$H$25,$J$62:$J$500,I27) -> 177832 | N27: 간식/카페 | P27: =SUMIFS($K$62:$K$500,$I$62:$I$500,$M$25,$J$62:$J$500,N27) -> 61400 | T27: 영양제 | X27: =SUMIFS($K$62:$K$500,$I$62:$I$500,$R$25,$J$62:$J$500,T27) -> 0
D28: 🐻 부수입 | F28: =SUMIFS($K$62:$K$500,$I$62:$I$500,$C$25,$J$62:$J$500,D28) -> 0 | I28: 통신비 | K28: =SUMIFS($K$62:$K$500,$I$62:$I$500,$H$25,$J$62:$J$500,I28) -> 119560 | N28: 외식/배달 | P28: =SUMIFS($K$62:$K$500,$I$62:$I$500,$M$25,$J$62:$J$500,N28) -> 327762 | T28: 교통비 | X28: =SUMIFS($K$62:$K$500,$I$62:$I$500,$R$25,$J$62:$J$500,T28) -> 18250
D29: 기타 | F29: =SUMIFS($K$62:$K$500,$I$62:$I$500,$C$25,$J$62:$J$500,D29) -> 2280050 | I29: 보험료 | K29: =SUMIFS($K$62:$K$500,$I$62:$I$500,$H$25,$J$62:$J$500,I29) -> 0 | N29: 기타 | P29: =SUMIFS($K$62:$K$500,$I$62:$I$500,$M$25,$J$62:$J$500,N29) -> 0 | T29: 주유비 | X29: =SUMIFS($K$62:$K$500,$I$62:$I$500,$R$25,$J$62:$J$500,T29) -> 50000
F30: =SUMIFS($K$62:$K$500,$I$62:$I$500,$C$25,$J$62:$J$500,D30) -> 0 | K30: =SUMIFS($K$62:$K$500,$I$62:$I$500,$H$25,$J$62:$J$500,I30) -> 0 | P30: =SUMIFS($K$62:$K$500,$I$62:$I$500,$M$25,$J$62:$J$500,N30) -> 0 | X30: =SUMIFS($K$62:$K$500,$I$62:$I$500,$R$25,$J$62:$J$500,T30) -> 0
F31: =SUMIFS($K$62:$K$500,$I$62:$I$500,$C$25,$J$62:$J$500,D31) -> 0 | H31: =IF(H25=0,"","총"&H25) -> 총🍪고정비 | K31: =SUM(K25:K30) -> 297392 | M31: =IF(M25=0,"","총"&M25) -> 총🍪식비 | P31: =SUM(P25:P30) -> 873552 | R31: =IF(R25=0,"","총"&R25) -> 총🍪기타 | X31: =SUM(X25:X30) -> 188260
F32: =SUMIFS($K$62:$K$500,$I$62:$I$500,$C$25,$J$62:$J$500,D32) -> 0 | K32: =K31-J25 -> 297392 | P32: =P31-O25 -> 873552 | X32: =X31-V25 -> 188260
C33: =IF(C25=0,"","총"&C25) -> 총수입 | F33: =SUM(F25:F32) -> 10192950 | H33: 🐻고정비 | I33: 관리비 | K33: =SUMIFS($K$62:$K$500,$I$62:$I$500,$H$33,$J$62:$J$500,I33) -> 0 | M33: 🐻식비 | N33: 식재료비 | P33: =SUMIFS($K$62:$K$500,$I$62:$I$500,$M$33,$J$62:$J$500,N33) -> 20000 | R33: 🐻기타 | T33: 약국 | X33: =SUMIFS($K$62:$K$500,$I$62:$I$500,$R$33,$J$62:$J$500,T33) -> 0
F34: =F33-E25 -> 10192950 | I34: 대출이자 | K34: =SUMIFS($K$62:$K$500,$I$62:$I$500,$H$33,$J$62:$J$500,I34) -> 0 | N34: 회사점심 | P34: =SUMIFS($K$62:$K$500,$I$62:$I$500,$M$33,$J$62:$J$500,N34) -> 140900 | T34: 병원비 | X34: =SUMIFS($K$62:$K$500,$I$62:$I$500,$R$33,$J$62:$J$500,T34) -> 62010
C35: 저축 | D35: 주택청약 | F35: =SUMIFS($K$62:$K$500,$I$62:$I$500,$C$35,$J$62:$J$500,D35) -> 0 | I35: 통신비 | K35: =SUMIFS($K$62:$K$500,$I$62:$I$500,$H$33,$J$62:$J$500,I35) -> 44050 | N35: 간식/카페 | P35: =SUMIFS($K$62:$K$500,$I$62:$I$500,$M$33,$J$62:$J$500,N35) -> 43800 | T35: 영양제 | X35: =SUMIFS($K$62:$K$500,$I$62:$I$500,$R$33,$J$62:$J$500,T35) -> 0
D36: 우리은행 | F36: =SUMIFS($K$62:$K$500,$I$62:$I$500,$C$35,$J$62:$J$500,D36) -> 0 | I36: 보험료 | K36: =SUMIFS($K$62:$K$500,$I$62:$I$500,$H$33,$J$62:$J$500,I36) -> 88010 | N36: 외식/배달 | P36: =SUMIFS($K$62:$K$500,$I$62:$I$500,$M$33,$J$62:$J$500,N36) -> 20000 | T36: 교통비 | X36: =SUMIFS($K$62:$K$500,$I$62:$I$500,$R$33,$J$62:$J$500,T36) -> 0
D37: 케이뱅크 | F37: =SUMIFS($K$62:$K$500,$I$62:$I$500,$C$35,$J$62:$J$500,D37) -> 3000000 | I37: 곗돈 | K37: =SUMIFS($K$62:$K$500,$I$62:$I$500,$H$33,$J$62:$J$500,I37) -> 80000 | N37: 기타 | P37: =SUMIFS($K$62:$K$500,$I$62:$I$500,$M$33,$J$62:$J$500,N37) -> 0 | T37: 주유비 | X37: =SUMIFS($K$62:$K$500,$I$62:$I$500,$R$33,$J$62:$J$500,T37) -> 50000
D38: 연금저축 | F38: =SUMIFS($K$62:$K$500,$I$62:$I$500,$C$35,$J$62:$J$500,D38) -> 200000 | K38: =SUMIFS($K$62:$K$500,$I$62:$I$500,$H$33,$J$62:$J$500,I38) -> 0 | P38: =SUMIFS($K$62:$K$500,$I$62:$I$500,$M$33,$J$62:$J$500,N38) -> 0 | X38: =SUMIFS($K$62:$K$500,$I$62:$I$500,$R$33,$J$62:$J$500,T38) -> 0
F39: =SUMIFS($K$62:$K$500,$I$62:$I$500,$C$35,$J$62:$J$500,D39) -> 0 | H39: =IF(H33=0,"","총"&H33) -> 총🐻고정비 | K39: =SUM(K33:K38) -> 212060 | M39: =IF(M33=0,"","총"&M33) -> 총🐻식비 | P39: =SUM(P33:P38) -> 224700 | R39: =IF(R33=0,"","총"&R33) -> 총🐻기타 | X39: =SUM(X33:X38) -> 112010
F40: =SUMIFS($K$62:$K$500,$I$62:$I$500,$C$35,$J$62:$J$500,D40) -> 0 | K40: =K39-J33 -> 212060 | P40: =P39-O33 -> 224700 | X40: =X39-V33 -> 112010
F41: =SUMIFS($K$62:$K$500,$I$62:$I$500,$C$35,$J$62:$J$500,D41) -> 0 | H41: 🍪생필품 | I41: 주방/욕실 | K41: =SUMIFS($K$62:$K$500,$I$62:$I$500,$H$41,$J$62:$J$500,I41) -> 360370 | M41: 🍪여가비 | N41: 의류/잡화 | P41: =SUMIFS($K$62:$K$500,$I$62:$I$500,$M$41,$J$62:$J$500,N41) -> 154900 | R41: 🍪이벤트성 | T41: 축의/부의금 | X41: =SUMIFS($K$62:$K$500,$I$62:$I$500,$R$41,$J$62:$J$500,T41) -> 50000
F42: =SUMIFS($K$62:$K$500,$I$62:$I$500,$C$35,$J$62:$J$500,D42) -> 0 | I42: 소모품 | K42: =SUMIFS($K$62:$K$500,$I$62:$I$500,$H$41,$J$62:$J$500,I42) -> 57560 | N42: OTT | P42: =SUMIFS($K$62:$K$500,$I$62:$I$500,$M$41,$J$62:$J$500,N42) -> 13390 | T42: 생신/생일선물 | X42: =SUMIFS($K$62:$K$500,$I$62:$I$500,$R$41,$J$62:$J$500,T42) -> 51666
C43: =IF(C35=0,"","총"&C25) -> 총수입 | F43: =SUM(F35:F42) -> 3200000 | I43: 기타 | K43: =SUMIFS($K$62:$K$500,$I$62:$I$500,$H$41,$J$62:$J$500,I43) -> 38080 | N43: 문화생활 | P43: =SUMIFS($K$62:$K$500,$I$62:$I$500,$M$41,$J$62:$J$500,N43) -> 0 | T43: 명절/어버이날 | X43: =SUMIFS($K$62:$K$500,$I$62:$I$500,$R$41,$J$62:$J$500,T43) -> 0
F44: =F43-E35 -> 3200000 | K44: =SUMIFS($K$62:$K$500,$I$62:$I$500,$H$41,$J$62:$J$500,I44) -> 0 | N44: 자기계발 | P44: =SUMIFS($K$62:$K$500,$I$62:$I$500,$M$41,$J$62:$J$500,N44) -> 0 | T44: 여행 | X44: =SUMIFS($K$62:$K$500,$I$62:$I$500,$R$41,$J$62:$J$500,T44) -> 0
K45: =SUMIFS($K$62:$K$500,$I$62:$I$500,$H$41,$J$62:$J$500,I45) -> 0 | N45: 미용 | P45: =SUMIFS($K$62:$K$500,$I$62:$I$500,$M$41,$J$62:$J$500,N45) -> 123800 | T45: 기타 | X45: =SUMIFS($K$62:$K$500,$I$62:$I$500,$R$41,$J$62:$J$500,T45) -> 2276480
K46: =SUMIFS($K$62:$K$500,$I$62:$I$500,$H$41,$J$62:$J$500,I46) -> 0 | P46: =SUMIFS($K$62:$K$500,$I$62:$I$500,$M$41,$J$62:$J$500,N46) -> 0 | T46: 출산 | X46: =SUMIFS($K$62:$K$500,$I$62:$I$500,$R$41,$J$62:$J$500,T46) -> 0
H47: =IF(H41=0,"","총"&H41) -> 총🍪생필품 | K47: =SUM(K41:K46) -> 456010 | M47: =IF(M41=0,"","총"&M41) -> 총🍪여가비 | P47: =SUM(P41:P46) -> 292090 | R47: =IF(R41=0,"","총"&R41) -> 총🍪이벤트성 | X47: =SUM(X41:X46) -> 2378146
K48: =K47-J41 -> 456010 | P48: =P47-O41 -> 292090 | X48: =X47-V41 -> 2378146
H49: 🐻생필품 | I49: 주방/욕실 | K49: =SUMIFS($K$62:$K$500,$I$62:$I$500,$H$49,$J$62:$J$500,I49) -> 40500 | M49: 🐻여가비 | N49: 의류/잡화 | P49: =SUMIFS($K$62:$K$500,$I$62:$I$500,$M$49,$J$62:$J$500,N49) -> 49142 | R49: 🐻 이벤트성 | T49: 축의/부의금 | X49: =SUMIFS($K$62:$K$500,$I$62:$I$500,$R$49,$J$62:$J$500,T49) -> 300000
I50: 소모품 | K50: =SUMIFS($K$62:$K$500,$I$62:$I$500,$H$49,$J$62:$J$500,I50) -> 33880 | N50: OTT | P50: =SUMIFS($K$62:$K$500,$I$62:$I$500,$M$49,$J$62:$J$500,N50) -> 5194 | T50: 생신/생일선물 | X50: =SUMIFS($K$62:$K$500,$I$62:$I$500,$R$49,$J$62:$J$500,T50) -> 0
I51: 기타 | K51: =SUMIFS($K$62:$K$500,$I$62:$I$500,$H$49,$J$62:$J$500,I51) -> 271100 | N51: 문화생활 | P51: =SUMIFS($K$62:$K$500,$I$62:$I$500,$M$49,$J$62:$J$500,N51) -> 0 | T51: 명절/어버이날 | X51: =SUMIFS($K$62:$K$500,$I$62:$I$500,$R$49,$J$62:$J$500,T51) -> 609800
K52: =SUMIFS($K$62:$K$500,$I$62:$I$500,$H$49,$J$62:$J$500,I52) -> 0 | N52: 자기계발 | P52: =SUMIFS($K$62:$K$500,$I$62:$I$500,$M$49,$J$62:$J$500,N52) -> 0 | T52: 여행 | X52: =SUMIFS($K$62:$K$500,$I$62:$I$500,$R$49,$J$62:$J$500,T52) -> 0
K53: =SUMIFS($K$62:$K$500,$I$62:$I$500,$H$49,$J$62:$J$500,I53) -> 0 | N53: 미용 | P53: =SUMIFS($K$62:$K$500,$I$62:$I$500,$M$49,$J$62:$J$500,N53) -> 0 | T53: 기타 | X53: =SUMIFS($K$62:$K$500,$I$62:$I$500,$R$49,$J$62:$J$500,T53) -> 1529140
K54: =SUMIFS($K$62:$K$500,$I$62:$I$500,$H$49,$J$62:$J$500,I54) -> 0 | P54: =SUMIFS($K$62:$K$500,$I$62:$I$500,$M$49,$J$62:$J$500,N54) -> 0 | T54: 출산 | X54: =SUMIFS($K$62:$K$500,$I$62:$I$500,$R$49,$J$62:$J$500,T54) -> 0
H55: =IF(H49=0,"","총"&H49) -> 총🐻생필품 | K55: =SUM(K49:K54) -> 345480 | M55: =IF(M49=0,"","총"&M49) -> 총🐻여가비 | P55: =SUM(P49:P54) -> 54336 | R55: =IF(R49=0,"","총"&R49) -> 총🐻 이벤트성 | X55: =SUM(X49:X54) -> 2438940
K56: =K55-J49 -> 345480 | P56: =P55-O49 -> 54336 | X56: =X55-V49 -> 2438940
V60: 지출예산 | X60: =SUM(J49,J41,J33,J25,O25,O33,O41,O49,V49,V41,V33,V25) -> 0
H61: 날짜 | I61: 대분류 | J61: 소분류 | K61: 금액 | L61: 결제수단 | N61: 세부사항 | R61: 비고 | V61: 잔여예산 | X61: =X60-SUM($K$31+$K$39+$K$47+$K$55+$P$31+$P$39+$P$47+$P$55+$X$31+$X$39+$X$47+$X$55) -> -7872976
H62: 45658 | I62: 🍪기타 | J62: 교통비 | K62: =1800+3100+1400+1700 -> 8000 | L62: 🍪현대카드 | N62: 12월 교통비 | AB62: =IFERROR(__xludf.DUMMYFUNCTION("FILTER('설정시트'!$D$7:$L$20,'설정시트'!$C$7:$C$20=I62)"),"약국") -> 약국 | AC62: =IFERROR(__xludf.DUMMYFUNCTION("""COMPUTED_VALUE"""),"병원비") -> 병원비 | AD62: =IFERROR(__xludf.DUMMYFUNCTION("""COMPUTED_VALUE"""),"영양제") -> 영양제 | AE62: =IFERROR(__xludf.DUMMYFUNCTION("""COMPUTED_VALUE"""),"교통비") -> 교통비 | AF62: =IFERROR(__xludf.DUMMYFUNCTION("""COMPUTED_VALUE"""),"주유비") -> 주유비 | AH62: =IFERROR(__xludf.DUMMYFUNCTION("""COMPUTED_VALUE"""),"기타") -> 기타
H63: 45658 | I63: 🍪식비 | J63: 식재료비 | K63: 23400 | L63: 🍪현대카드 | N63: 쿠팡 | AB63: =IFERROR(__xludf.DUMMYFUNCTION("FILTER('설정시트'!$D$7:$L$20,'설정시트'!$C$7:$C$20=I63)"),"식재료비") -> 식재료비 | AC63: =IFERROR(__xludf.DUMMYFUNCTION("""COMPUTED_VALUE"""),"회사점심") -> 회사점심 | AD63: =IFERROR(__xludf.DUMMYFUNCTION("""COMPUTED_VALUE"""),"간식/카페") -> 간식/카페 | AE63: =IFERROR(__xludf.DUMMYFUNCTION("""COMPUTED_VALUE"""),"외식/배달") -> 외식/배달 | AF63: =IFERROR(__xludf.DUMMYFUNCTION("""COMPUTED_VALUE"""),"기타") -> 기타
H64: 45658 | I64: 🍪식비 | J64: 외식/배달 | K64: 22000 | L64: 🍪현대카드 | N64: 쿠팡이츠-페리카나 | AB64: =IFERROR(__xludf.DUMMYFUNCTION("FILTER('설정시트'!$D$7:$L$20,'설정시트'!$C$7:$C$20=I64)"),"식재료비") -> 식재료비 | AC64: =IFERROR(__xludf.DUMMYFUNCTION("""COMPUTED_VALUE"""),"회사점심") -> 회사점심 | AD64: =IFERROR(__xludf.DUMMYFUNCTION("""COMPUTED_VALUE"""),"간식/카페") -> 간식/카페 | AE64: =IFERROR(__xludf.DUMMYFUNCTION("""COMPUTED_VALUE"""),"외식/배달") -> 외식/배달 | AF64: =IFERROR(__xludf.DUMMYFUNCTION("""COMPUTED_VALUE"""),"기타") -> 기타
H65: 45659 | I65: 🐻고정비 | J65: 곗돈 | K65: 10000 | L65: 🐻현금/이체 | N65: 방송국 동기 | AB65: =IFERROR(__xludf.DUMMYFUNCTION("FILTER('설정시트'!$D$7:$L$20,'설정시트'!$C$7:$C$20=I65)"),"관리비") -> 관리비 | AC65: =IFERROR(__xludf.DUMMYFUNCTION("""COMPUTED_VALUE"""),"대출이자") -> 대출이자 | AD65: =IFERROR(__xludf.DUMMYFUNCTION("""COMPUTED_VALUE"""),"통신비") -> 통신비 | AE65: =IFERROR(__xludf.DUMMYFUNCTION("""COMPUTED_VALUE"""),"보험료") -> 보험료 | AF65: =IFERROR(__xludf.DUMMYFUNCTION("""COMPUTED_VALUE"""),"곗돈") -> 곗돈
H66: 45659 | I66: 🐻식비 | J66: 회사점심 | K66: 10000 | L66: 🐻하나카드 | N66: 명동왕돈까스 - 돈까스 | AB66: =IFERROR(__xludf.DUMMYFUNCTION("FILTER('설정시트'!$D$7:$L$20,'설정시트'!$C$7:$C$20=I66)"),"식재료비") -> 식재료비 | AC66: =IFERROR(__xludf.DUMMYFUNCTION("""COMPUTED_VALUE"""),"회사점심") -> 회사점심 | AD66: =IFERROR(__xludf.DUMMYFUNCTION("""COMPUTED_VALUE"""),"간식/카페") -> 간식/카페 | AE66: =IFERROR(__xludf.DUMMYFUNCTION("""COMPUTED_VALUE"""),"외식/배달") -> 외식/배달 | AF66: =IFERROR(__xludf.DUMMYFUNCTION("""COMPUTED_VALUE"""),"기타") -> 기타
H67: 45659 | I67: 🍪이벤트성 | J67: 생신/생일선물 | K67: 35000 | L67: 🍪국민카드 | N67: 호경수석님 생일선물 | AB67: =IFERROR(__xludf.DUMMYFUNCTION("FILTER('설정시트'!$D$7:$L$20,'설정시트'!$C$7:$C$20=I67)"),"축의/부의금") -> 축의/부의금 | AC67: =IFERROR(__xludf.DUMMYFUNCTION("""COMPUTED_VALUE"""),"생신/생일선물") -> 생신/생일선물 | AD67: =IFERROR(__xludf.DUMMYFUNCTION("""COMPUTED_VALUE"""),"명절/어버이날") -> 명절/어버이날 | AE67: =IFERROR(__xludf.DUMMYFUNCTION("""COMPUTED_VALUE"""),"여행") -> 여행 | AF67: =IFERROR(__xludf.DUMMYFUNCTION("""COMPUTED_VALUE"""),"기타") -> 기타 | AG67: =IFERROR(__xludf.DUMMYFUNCTION("""COMPUTED_VALUE"""),"출산") -> 출산
H68: 45659 | I68: 🍪식비 | J68: 간식/카페 | K68: 7500 | L68: 🍪현대카드 | N68: 모닝토스트(호경혜미) | AB68: =IFERROR(__xludf.DUMMYFUNCTION("FILTER('설정시트'!$D$7:$L$20,'설정시트'!$C$7:$C$20=I68)"),"식재료비") -> 식재료비 | AC68: =IFERROR(__xludf.DUMMYFUNCTION("""COMPUTED_VALUE"""),"회사점심") -> 회사점심 | AD68: =IFERROR(__xludf.DUMMYFUNCTION("""COMPUTED_VALUE"""),"간식/카페") -> 간식/카페 | AE68: =IFERROR(__xludf.DUMMYFUNCTION("""COMPUTED_VALUE"""),"외식/배달") -> 외식/배달 | AF68: =IFERROR(__xludf.DUMMYFUNCTION("""COMPUTED_VALUE"""),"기타") -> 기타
H69: 45659 | I69: 🍪기타 | J69: 병원비 | K69: 36400 | L69: 🍪현대카드 | N69: 루나여성의원 초음파 | AB69: =IFERROR(__xludf.DUMMYFUNCTION("FILTER('설정시트'!$D$7:$L$20,'설정시트'!$C$7:$C$20=I69)"),"약국") -> 약국 | AC69: =IFERROR(__xludf.DUMMYFUNCTION("""COMPUTED_VALUE"""),"병원비") -> 병원비 | AD69: =IFERROR(__xludf.DUMMYFUNCTION("""COMPUTED_VALUE"""),"영양제") -> 영양제 | AE69: =IFERROR(__xludf.DUMMYFUNCTION("""COMPUTED_VALUE"""),"교통비") -> 교통비 | AF69: =IFERROR(__xludf.DUMMYFUNCTION("""COMPUTED_VALUE"""),"주유비") -> 주유비 | AH69: =IFERROR(__xludf.DUMMYFUNCTION("""COMPUTED_VALUE"""),"기타") -> 기타
H70: 45659 | I70: 🍪식비 | J70: 식재료비 | K70: 4700 | L70: 🍪현대카드 | N70: 정육점 앞다리살 300 | AB70: =IFERROR(__xludf.DUMMYFUNCTION("FILTER('설정시트'!$D$7:$L$20,'설정시트'!$C$7:$C$20=I70)"),"식재료비") -> 식재료비 | AC70: =IFERROR(__xludf.DUMMYFUNCTION("""COMPUTED_VALUE"""),"회사점심") -> 회사점심 | AD70: =IFERROR(__xludf.DUMMYFUNCTION("""COMPUTED_VALUE"""),"간식/카페") -> 간식/카페 | AE70: =IFERROR(__xludf.DUMMYFUNCTION("""COMPUTED_VALUE"""),"외식/배달") -> 외식/배달 | AF70: =IFERROR(__xludf.DUMMYFUNCTION("""COMPUTED_VALUE"""),"기타") -> 기타
H71: 45659 | I71: 🍪식비 | J71: 간식/카페 | K71: 2500 | L71: 🍪현대카드 | N71: 밀밀밀 | AB71: =IFERROR(__xludf.DUMMYFUNCTION("FILTER('설정시트'!$D$7:$L$20,'설정시트'!$C$7:$C$20=I71)"),"식재료비") -> 식재료비 | AC71: =IFERROR(__xludf.DUMMYFUNCTION("""COMPUTED_VALUE"""),"회사점심") -> 회사점심 | AD71: =IFERROR(__xludf.DUMMYFUNCTION("""COMPUTED_VALUE"""),"간식/카페") -> 간식/카페 | AE71: =IFERROR(__xludf.DUMMYFUNCTION("""COMPUTED_VALUE"""),"외식/배달") -> 외식/배달 | AF71: =IFERROR(__xludf.DUMMYFUNCTION("""COMPUTED_VALUE"""),"기타") -> 기타
H72: 45660 | I72: 🐻 이벤트성 | J72: 기타 | K72: 100000 | L72: 🐻현금/이체 | N72: 전복 - 주르미네 | AB72: =IFERROR(__xludf.DUMMYFUNCTION("FILTER('설정시트'!$D$7:$L$20,'설정시트'!$C$7:$C$20=I72)"),"축의/부의금") -> 축의/부의금 | AC72: =IFERROR(__xludf.DUMMYFUNCTION("""COMPUTED_VALUE"""),"생신/생일선물") -> 생신/생일선물 | AD72: =IFERROR(__xludf.DUMMYFUNCTION("""COMPUTED_VALUE"""),"명절/어버이날") -> 명절/어버이날 | AE72: =IFERROR(__xludf.DUMMYFUNCTION("""COMPUTED_VALUE"""),"여행") -> 여행 | AF72: =IFERROR(__xludf.DUMMYFUNCTION("""COMPUTED_VALUE"""),"기타") -> 기타 | AG72: =IFERROR(__xludf.DUMMYFUNCTION("""COMPUTED_VALUE"""),"출산") -> 출산
H73: 45660 | I73: 🍪식비 | J73: 외식/배달 | K73: 26000 | L73: 🍪현대카드 | N73: 쿠팡이츠-자담치킨 | AB73: =IFERROR(__xludf.DUMMYFUNCTION("FILTER('설정시트'!$D$7:$L$20,'설정시트'!$C$7:$C$20=I73)"),"식재료비") -> 식재료비 | AC73: =IFERROR(__xludf.DUMMYFUNCTION("""COMPUTED_VALUE"""),"회사점심") -> 회사점심 | AD73: =IFERROR(__xludf.DUMMYFUNCTION("""COMPUTED_VALUE"""),"간식/카페") -> 간식/카페 | AE73: =IFERROR(__xludf.DUMMYFUNCTION("""COMPUTED_VALUE"""),"외식/배달") -> 외식/배달 | AF73: =IFERROR(__xludf.DUMMYFUNCTION("""COMPUTED_VALUE"""),"기타") -> 기타
H74: 45661 | I74: 🍪이벤트성 | J74: 생신/생일선물 | K74: 16666 | L74: 🍪현금/이체 | N74: 팀장생일 | AB74: =IFERROR(__xludf.DUMMYFUNCTION("FILTER('설정시트'!$D$7:$L$20,'설정시트'!$C$7:$C$20=I74)"),"축의/부의금") -> 축의/부의금 | AC74: =IFERROR(__xludf.DUMMYFUNCTION("""COMPUTED_VALUE"""),"생신/생일선물") -> 생신/생일선물 | AD74: =IFERROR(__xludf.DUMMYFUNCTION("""COMPUTED_VALUE"""),"명절/어버이날") -> 명절/어버이날 | AE74: =IFERROR(__xludf.DUMMYFUNCTION("""COMPUTED_VALUE"""),"여행") -> 여행 | AF74: =IFERROR(__xludf.DUMMYFUNCTION("""COMPUTED_VALUE"""),"기타") -> 기타 | AG74: =IFERROR(__xludf.DUMMYFUNCTION("""COMPUTED_VALUE"""),"출산") -> 출산
H75: 45662 | I75: 🍪여가비 | J75: 미용 | K75: 35000 | L75: 🍪현금/이체 | N75: 속눈썹 | AB75: =IFERROR(__xludf.DUMMYFUNCTION("FILTER('설정시트'!$D$7:$L$20,'설정시트'!$C$7:$C$20=I75)"),"의류/잡화") -> 의류/잡화 | AC75: =IFERROR(__xludf.DUMMYFUNCTION("""COMPUTED_VALUE"""),"OTT") -> OTT | AD75: =IFERROR(__xludf.DUMMYFUNCTION("""COMPUTED_VALUE"""),"문화생활") -> 문화생활 | AE75: =IFERROR(__xludf.DUMMYFUNCTION("""COMPUTED_VALUE"""),"자기계발") -> 자기계발 | AF75: =IFERROR(__xludf.DUMMYFUNCTION("""COMPUTED_VALUE"""),"미용") -> 미용 | AH75: =IFERROR(__xludf.DUMMYFUNCTION("""COMPUTED_VALUE"""),"기타") -> 기타
H76: 45662 | I76: 🍪식비 | J76: 간식/카페 | K76: 5000 | L76: 🍪현대카드 | N76: 밀밀밀 | AB76: =IFERROR(__xludf.DUMMYFUNCTION("FILTER('설정시트'!$D$7:$L$20,'설정시트'!$C$7:$C$20=I76)"),"식재료비") -> 식재료비 | AC76: =IFERROR(__xludf.DUMMYFUNCTION("""COMPUTED_VALUE"""),"회사점심") -> 회사점심 | AD76: =IFERROR(__xludf.DUMMYFUNCTION("""COMPUTED_VALUE"""),"간식/카페") -> 간식/카페 | AE76: =IFERROR(__xludf.DUMMYFUNCTION("""COMPUTED_VALUE"""),"외식/배달") -> 외식/배달 | AF76: =IFERROR(__xludf.DUMMYFUNCTION("""COMPUTED_VALUE"""),"기타") -> 기타
H77: 45662 | I77: 🍪식비 | J77: 외식/배달 | K77: 43000 | L77: 🍪현대카드 | N77: 쿠팡이츠-족보세트 | AB77: =IFERROR(__xludf.DUMMYFUNCTION("FILTER('설정시트'!$D$7:$L$20,'설정시트'!$C$7:$C$20=I77)"),"식재료비") -> 식재료비 | AC77: =IFERROR(__xludf.DUMMYFUNCTION("""COMPUTED_VALUE"""),"회사점심") -> 회사점심 | AD77: =IFERROR(__xludf.DUMMYFUNCTION("""COMPUTED_VALUE"""),"간식/카페") -> 간식/카페 | AE77: =IFERROR(__xludf.DUMMYFUNCTION("""COMPUTED_VALUE"""),"외식/배달") -> 외식/배달 | AF77: =IFERROR(__xludf.DUMMYFUNCTION("""COMPUTED_VALUE"""),"기타") -> 기타
H78: 45663 | I78: 🐻식비 | J78: 회사점심 | K78: 10000 | L78: 🐻하나카드 | N78: 생선구이 | AB78: =IFERROR(__xludf.DUMMYFUNCTION("FILTER('설정시트'!$D$7:$L$20,'설정시트'!$C$7:$C$20=I78)"),"식재료비") -> 식재료비 | AC78: =IFERROR(__xludf.DUMMYFUNCTION("""COMPUTED_VALUE"""),"회사점심") -> 회사점심 | AD78: =IFERROR(__xludf.DUMMYFUNCTION("""COMPUTED_VALUE"""),"간식/카페") -> 간식/카페 | AE78: =IFERROR(__xludf.DUMMYFUNCTION("""COMPUTED_VALUE"""),"외식/배달") -> 외식/배달 | AF78: =IFERROR(__xludf.DUMMYFUNCTION("""COMPUTED_VALUE"""),"기타") -> 기타
H79: 45663 | I79: 수입 | J79: 🍪 부수입 | K79: 92000 | L79: 🍪현금/이체 | N79: 당근-쿠에른발레리나슈즈 | AB79: =IFERROR(__xludf.DUMMYFUNCTION("FILTER('설정시트'!$D$7:$L$20,'설정시트'!$C$7:$C$20=I79)"),"🍪 월급") -> 🍪 월급 | AC79: =IFERROR(__xludf.DUMMYFUNCTION("""COMPUTED_VALUE"""),"🍪 부수입") -> 🍪 부수입 | AD79: =IFERROR(__xludf.DUMMYFUNCTION("""COMPUTED_VALUE"""),"🐻 월급") -> 🐻 월급 | AE79: =IFERROR(__xludf.DUMMYFUNCTION("""COMPUTED_VALUE"""),"🐻 부수입") -> 🐻 부수입 | AF79: =IFERROR(__xludf.DUMMYFUNCTION("""COMPUTED_VALUE"""),"기타") -> 기타
H80: 45663 | I80: 🍪기타 | J80: 기타 | K80: 70000 | L80: 🍪현금/이체 | N80: 농활상품권 | AB80: =IFERROR(__xludf.DUMMYFUNCTION("FILTER('설정시트'!$D$7:$L$20,'설정시트'!$C$7:$C$20=I80)"),"약국") -> 약국 | AC80: =IFERROR(__xludf.DUMMYFUNCTION("""COMPUTED_VALUE"""),"병원비") -> 병원비 | AD80: =IFERROR(__xludf.DUMMYFUNCTION("""COMPUTED_VALUE"""),"영양제") -> 영양제 | AE80: =IFERROR(__xludf.DUMMYFUNCTION("""COMPUTED_VALUE"""),"교통비") -> 교통비 | AF80: =IFERROR(__xludf.DUMMYFUNCTION("""COMPUTED_VALUE"""),"주유비") -> 주유비 | AH80: =IFERROR(__xludf.DUMMYFUNCTION("""COMPUTED_VALUE"""),"기타") -> 기타
H81: 45663 | I81: 🍪기타 | J81: 병원비 | K81: 15150 | L81: 🍪현대카드 | N81: 루나여성의원 초음파 재검 | AB81: =IFERROR(__xludf.DUMMYFUNCTION("FILTER('설정시트'!$D$7:$L$20,'설정시트'!$C$7:$C$20=I81)"),"약국") -> 약국 | AC81: =IFERROR(__xludf.DUMMYFUNCTION("""COMPUTED_VALUE"""),"병원비") -> 병원비 | AD81: =IFERROR(__xludf.DUMMYFUNCTION("""COMPUTED_VALUE"""),"영양제") -> 영양제 | AE81: =IFERROR(__xludf.DUMMYFUNCTION("""COMPUTED_VALUE"""),"교통비") -> 교통비 | AF81: =IFERROR(__xludf.DUMMYFUNCTION("""COMPUTED_VALUE"""),"주유비") -> 주유비 | AH81: =IFERROR(__xludf.DUMMYFUNCTION("""COMPUTED_VALUE"""),"기타") -> 기타
H82: 45663 | I82: 🍪기타 | J82: 기타 | K82: 2100 | L82: 🍪현대카드 | N82: 당근 반택 | AB82: =IFERROR(__xludf.DUMMYFUNCTION("FILTER('설정시트'!$D$7:$L$20,'설정시트'!$C$7:$C$20=I82)"),"약국") -> 약국 | AC82: =IFERROR(__xludf.DUMMYFUNCTION("""COMPUTED_VALUE"""),"병원비") -> 병원비 | AD82: =IFERROR(__xludf.DUMMYFUNCTION("""COMPUTED_VALUE"""),"영양제") -> 영양제 | AE82: =IFERROR(__xludf.DUMMYFUNCTION("""COMPUTED_VALUE"""),"교통비") -> 교통비 | AF82: =IFERROR(__xludf.DUMMYFUNCTION("""COMPUTED_VALUE"""),"주유비") -> 주유비 | AH82: =IFERROR(__xludf.DUMMYFUNCTION("""COMPUTED_VALUE"""),"기타") -> 기타
H83: 45664 | I83: 🐻식비 | J83: 회사점심 | K83: 10900 | L83: 🐻하나카드 | N83: 볶음밥 + 군만두 | AB83: =IFERROR(__xludf.DUMMYFUNCTION("FILTER('설정시트'!$D$7:$L$20,'설정시트'!$C$7:$C$20=I83)"),"식재료비") -> 식재료비 | AC83: =IFERROR(__xludf.DUMMYFUNCTION("""COMPUTED_VALUE"""),"회사점심") -> 회사점심 | AD83: =IFERROR(__xludf.DUMMYFUNCTION("""COMPUTED_VALUE"""),"간식/카페") -> 간식/카페 | AE83: =IFERROR(__xludf.DUMMYFUNCTION("""COMPUTED_VALUE"""),"외식/배달") -> 외식/배달 | AF83: =IFERROR(__xludf.DUMMYFUNCTION("""COMPUTED_VALUE"""),"기타") -> 기타
H84: 45664 | I84: 🐻고정비 | J84: 통신비 | K84: 3300 | L84: 🐻체크카드(현금영수증) | N84: Apple Cloud | AB84: =IFERROR(__xludf.DUMMYFUNCTION("FILTER('설정시트'!$D$7:$L$20,'설정시트'!$C$7:$C$20=I84)"),"관리비") -> 관리비 | AC84: =IFERROR(__xludf.DUMMYFUNCTION("""COMPUTED_VALUE"""),"대출이자") -> 대출이자 | AD84: =IFERROR(__xludf.DUMMYFUNCTION("""COMPUTED_VALUE"""),"통신비") -> 통신비 | AE84: =IFERROR(__xludf.DUMMYFUNCTION("""COMPUTED_VALUE"""),"보험료") -> 보험료 | AF84: =IFERROR(__xludf.DUMMYFUNCTION("""COMPUTED_VALUE"""),"곗돈") -> 곗돈
H85: 45664 | I85: 🍪식비 | J85: 회사점심 | K85: =22800 -> 22800 | L85: 🍪현대카드 | N85: 점심- 치폴레샐러드 | R85: 희연수석님 10900받음 | AB85: =IFERROR(__xludf.DUMMYFUNCTION("FILTER('설정시트'!$D$7:$L$20,'설정시트'!$C$7:$C$20=I85)"),"식재료비") -> 식재료비 | AC85: =IFERROR(__xludf.DUMMYFUNCTION("""COMPUTED_VALUE"""),"회사점심") -> 회사점심 | AD85: =IFERROR(__xludf.DUMMYFUNCTION("""COMPUTED_VALUE"""),"간식/카페") -> 간식/카페 | AE85: =IFERROR(__xludf.DUMMYFUNCTION("""COMPUTED_VALUE"""),"외식/배달") -> 외식/배달 | AF85: =IFERROR(__xludf.DUMMYFUNCTION("""COMPUTED_VALUE"""),"기타") -> 기타
H86: 45664 | I86: 🍪식비 | J86: 식재료비 | K86: 6000 | L86: 🍪현대카드 | N86: 전설의왕만두 | AB86: =IFERROR(__xludf.DUMMYFUNCTION("FILTER('설정시트'!$D$7:$L$20,'설정시트'!$C$7:$C$20=I86)"),"식재료비") -> 식재료비 | AC86: =IFERROR(__xludf.DUMMYFUNCTION("""COMPUTED_VALUE"""),"회사점심") -> 회사점심 | AD86: =IFERROR(__xludf.DUMMYFUNCTION("""COMPUTED_VALUE"""),"간식/카페") -> 간식/카페 | AE86: =IFERROR(__xludf.DUMMYFUNCTION("""COMPUTED_VALUE"""),"외식/배달") -> 외식/배달 | AF86: =IFERROR(__xludf.DUMMYFUNCTION("""COMPUTED_VALUE"""),"기타") -> 기타
H87: 45664 | I87: 🍪식비 | J87: 식재료비 | K87: 31726 | L87: 🍪현대카드 | N87: 컬리-루꼴라,잠봉햄,땅콩쨈,피스피스2조각 | AB87: =IFERROR(__xludf.DUMMYFUNCTION("FILTER('설정시트'!$D$7:$L$20,'설정시트'!$C$7:$C$20=I87)"),"식재료비") -> 식재료비 | AC87: =IFERROR(__xludf.DUMMYFUNCTION("""COMPUTED_VALUE"""),"회사점심") -> 회사점심 | AD87: =IFERROR(__xludf.DUMMYFUNCTION("""COMPUTED_VALUE"""),"간식/카페") -> 간식/카페 | AE87: =IFERROR(__xludf.DUMMYFUNCTION("""COMPUTED_VALUE"""),"외식/배달") -> 외식/배달 | AF87: =IFERROR(__xludf.DUMMYFUNCTION("""COMPUTED_VALUE"""),"기타") -> 기타
H88: 45665 | I88: 🐻식비 | J88: 회사점심 | K88: 11000 | L88: 🐻하나카드 | N88: 뼈해장국 | AB88: =IFERROR(__xludf.DUMMYFUNCTION("FILTER('설정시트'!$D$7:$L$20,'설정시트'!$C$7:$C$20=I88)"),"식재료비") -> 식재료비 | AC88: =IFERROR(__xludf.DUMMYFUNCTION("""COMPUTED_VALUE"""),"회사점심") -> 회사점심 | AD88: =IFERROR(__xludf.DUMMYFUNCTION("""COMPUTED_VALUE"""),"간식/카페") -> 간식/카페 | AE88: =IFERROR(__xludf.DUMMYFUNCTION("""COMPUTED_VALUE"""),"외식/배달") -> 외식/배달 | AF88: =IFERROR(__xludf.DUMMYFUNCTION("""COMPUTED_VALUE"""),"기타") -> 기타
H89: 45665 | I89: 🍪식비 | J89: 회사점심 | K89: 23800 | L89: 🍪현대카드 | N89: 점심- 치폴레샐러드 | R89: 혜지 12500 받음 | AB89: =IFERROR(__xludf.DUMMYFUNCTION("FILTER('설정시트'!$D$7:$L$20,'설정시트'!$C$7:$C$20=I89)"),"식재료비") -> 식재료비 | AC89: =IFERROR(__xludf.DUMMYFUNCTION("""COMPUTED_VALUE"""),"회사점심") -> 회사점심 | AD89: =IFERROR(__xludf.DUMMYFUNCTION("""COMPUTED_VALUE"""),"간식/카페") -> 간식/카페 | AE89: =IFERROR(__xludf.DUMMYFUNCTION("""COMPUTED_VALUE"""),"외식/배달") -> 외식/배달 | AF89: =IFERROR(__xludf.DUMMYFUNCTION("""COMPUTED_VALUE"""),"기타") -> 기타
H90: 45665 | I90: 🍪여가비 | J90: 미용 | K90: 49000 | L90: 🍪현금/이체 | N90: 젤네일 | AB90: =IFERROR(__xludf.DUMMYFUNCTION("FILTER('설정시트'!$D$7:$L$20,'설정시트'!$C$7:$C$20=I90)"),"의류/잡화") -> 의류/잡화 | AC90: =IFERROR(__xludf.DUMMYFUNCTION("""COMPUTED_VALUE"""),"OTT") -> OTT | AD90: =IFERROR(__xludf.DUMMYFUNCTION("""COMPUTED_VALUE"""),"문화생활") -> 문화생활 | AE90: =IFERROR(__xludf.DUMMYFUNCTION("""COMPUTED_VALUE"""),"자기계발") -> 자기계발 | AF90: =IFERROR(__xludf.DUMMYFUNCTION("""COMPUTED_VALUE"""),"미용") -> 미용 | AH90: =IFERROR(__xludf.DUMMYFUNCTION("""COMPUTED_VALUE"""),"기타") -> 기타
H91: 45665 | I91: 🍪여가비 | J91: 의류/잡화 | K91: 100000 | L91: 🍪현금/이체 | N91: 딜라잇 가디건 | AB91: =IFERROR(__xludf.DUMMYFUNCTION("FILTER('설정시트'!$D$7:$L$20,'설정시트'!$C$7:$C$20=I91)"),"의류/잡화") -> 의류/잡화 | AC91: =IFERROR(__xludf.DUMMYFUNCTION("""COMPUTED_VALUE"""),"OTT") -> OTT | AD91: =IFERROR(__xludf.DUMMYFUNCTION("""COMPUTED_VALUE"""),"문화생활") -> 문화생활 | AE91: =IFERROR(__xludf.DUMMYFUNCTION("""COMPUTED_VALUE"""),"자기계발") -> 자기계발 | AF91: =IFERROR(__xludf.DUMMYFUNCTION("""COMPUTED_VALUE"""),"미용") -> 미용 | AH91: =IFERROR(__xludf.DUMMYFUNCTION("""COMPUTED_VALUE"""),"기타") -> 기타
H92: 45666 | I92: 🐻식비 | J92: 회사점심 | K92: 9000 | L92: 🐻하나카드 | N92: 제육백반 | AB92: =IFERROR(__xludf.DUMMYFUNCTION("FILTER('설정시트'!$D$7:$L$20,'설정시트'!$C$7:$C$20=I92)"),"식재료비") -> 식재료비 | AC92: =IFERROR(__xludf.DUMMYFUNCTION("""COMPUTED_VALUE"""),"회사점심") -> 회사점심 | AD92: =IFERROR(__xludf.DUMMYFUNCTION("""COMPUTED_VALUE"""),"간식/카페") -> 간식/카페 | AE92: =IFERROR(__xludf.DUMMYFUNCTION("""COMPUTED_VALUE"""),"외식/배달") -> 외식/배달 | AF92: =IFERROR(__xludf.DUMMYFUNCTION("""COMPUTED_VALUE"""),"기타") -> 기타
H93: 45666 | I93: 🐻생필품 | J93: 소모품 | K93: 33880 | L93: 🐻체크카드(현영) | N93: G마켓 - 키친타월, 휴지 | AB93: =IFERROR(__xludf.DUMMYFUNCTION("FILTER('설정시트'!$D$7:$L$20,'설정시트'!$C$7:$C$20=I93)"),"주방/욕실") -> 주방/욕실 | AC93: =IFERROR(__xludf.DUMMYFUNCTION("""COMPUTED_VALUE"""),"소모품") -> 소모품 | AD93: =IFERROR(__xludf.DUMMYFUNCTION("""COMPUTED_VALUE"""),"기타") -> 기타
H94: 45666 | I94: 🍪생필품 | J94: 소모품 | K94: =4890+4890 -> 9780 | L94: 🍪현대카드 | N94: 쿠팡 키친타올 2개 | AB94: =IFERROR(__xludf.DUMMYFUNCTION("FILTER('설정시트'!$D$7:$L$20,'설정시트'!$C$7:$C$20=I94)"),"주방/욕실") -> 주방/욕실 | AC94: =IFERROR(__xludf.DUMMYFUNCTION("""COMPUTED_VALUE"""),"소모품") -> 소모품 | AD94: =IFERROR(__xludf.DUMMYFUNCTION("""COMPUTED_VALUE"""),"기타") -> 기타
H95: 45666 | I95: 🍪고정비 | J95: 통신비 | K95: 54560 | L95: 🍪국민카드 | N95: 인터넷티비 요금 | AB95: =IFERROR(__xludf.DUMMYFUNCTION("FILTER('설정시트'!$D$7:$L$20,'설정시트'!$C$7:$C$20=I95)"),"관리비") -> 관리비 | AC95: =IFERROR(__xludf.DUMMYFUNCTION("""COMPUTED_VALUE"""),"월세") -> 월세 | AD95: =IFERROR(__xludf.DUMMYFUNCTION("""COMPUTED_VALUE"""),"대출이자") -> 대출이자 | AE95: =IFERROR(__xludf.DUMMYFUNCTION("""COMPUTED_VALUE"""),"통신비") -> 통신비 | AF95: =IFERROR(__xludf.DUMMYFUNCTION("""COMPUTED_VALUE"""),"보험료") -> 보험료 | AH95: =IFERROR(__xludf.DUMMYFUNCTION("""COMPUTED_VALUE"""),"곗돈") -> 곗돈
H96: 45666 | I96: 🐻고정비 | J96: 통신비 | K96: 40750 | L96: 🐻하나카드 | N96: 통신비 (할인, 25,000) | AB96: =IFERROR(__xludf.DUMMYFUNCTION("FILTER('설정시트'!$D$7:$L$20,'설정시트'!$C$7:$C$20=I96)"),"관리비") -> 관리비 | AC96: =IFERROR(__xludf.DUMMYFUNCTION("""COMPUTED_VALUE"""),"대출이자") -> 대출이자 | AD96: =IFERROR(__xludf.DUMMYFUNCTION("""COMPUTED_VALUE"""),"통신비") -> 통신비 | AE96: =IFERROR(__xludf.DUMMYFUNCTION("""COMPUTED_VALUE"""),"보험료") -> 보험료 | AF96: =IFERROR(__xludf.DUMMYFUNCTION("""COMPUTED_VALUE"""),"곗돈") -> 곗돈
H97: 45667 | I97: 🐻고정비 | J97: 곗돈 | K97: 50000 | L97: 🐻현금/이체 | N97: 여수 가족 곗돈 | AB97: =IFERROR(__xludf.DUMMYFUNCTION("FILTER('설정시트'!$D$7:$L$20,'설정시트'!$C$7:$C$20=I97)"),"관리비") -> 관리비 | AC97: =IFERROR(__xludf.DUMMYFUNCTION("""COMPUTED_VALUE"""),"대출이자") -> 대출이자 | AD97: =IFERROR(__xludf.DUMMYFUNCTION("""COMPUTED_VALUE"""),"통신비") -> 통신비 | AE97: =IFERROR(__xludf.DUMMYFUNCTION("""COMPUTED_VALUE"""),"보험료") -> 보험료 | AF97: =IFERROR(__xludf.DUMMYFUNCTION("""COMPUTED_VALUE"""),"곗돈") -> 곗돈
H98: 45667 | I98: 🍪고정비 | J98: 통신비 | K98: 65000 | L98: 🍪현대카드 | N98: 통신비 (할인예정) | R98: 다음달부터 약정할인 25%(1년) | AB98: =IFERROR(__xludf.DUMMYFUNCTION("FILTER('설정시트'!$D$7:$L$20,'설정시트'!$C$7:$C$20=I98)"),"관리비") -> 관리비 | AC98: =IFERROR(__xludf.DUMMYFUNCTION("""COMPUTED_VALUE"""),"월세") -> 월세 | AD98: =IFERROR(__xludf.DUMMYFUNCTION("""COMPUTED_VALUE"""),"대출이자") -> 대출이자 | AE98: =IFERROR(__xludf.DUMMYFUNCTION("""COMPUTED_VALUE"""),"통신비") -> 통신비 | AF98: =IFERROR(__xludf.DUMMYFUNCTION("""COMPUTED_VALUE"""),"보험료") -> 보험료 | AH98: =IFERROR(__xludf.DUMMYFUNCTION("""COMPUTED_VALUE"""),"곗돈") -> 곗돈
H99: 45667 | I99: 🍪식비 | J99: 외식/배달 | K99: 24300 | L99: 🍪현대카드 | N99: 파이브가이즈 | AB99: =IFERROR(__xludf.DUMMYFUNCTION("FILTER('설정시트'!$D$7:$L$20,'설정시트'!$C$7:$C$20=I99)"),"식재료비") -> 식재료비 | AC99: =IFERROR(__xludf.DUMMYFUNCTION("""COMPUTED_VALUE"""),"회사점심") -> 회사점심 | AD99: =IFERROR(__xludf.DUMMYFUNCTION("""COMPUTED_VALUE"""),"간식/카페") -> 간식/카페 | AE99: =IFERROR(__xludf.DUMMYFUNCTION("""COMPUTED_VALUE"""),"외식/배달") -> 외식/배달 | AF99: =IFERROR(__xludf.DUMMYFUNCTION("""COMPUTED_VALUE"""),"기타") -> 기타
H100: 45667 | I100: 수입 | J100: 🍪 부수입 | K100: 93000 | N100: 보라 파데 비용 | AB100: =IFERROR(__xludf.DUMMYFUNCTION("FILTER('설정시트'!$D$7:$L$20,'설정시트'!$C$7:$C$20=I100)"),"🍪 월급") -> 🍪 월급 | AC100: =IFERROR(__xludf.DUMMYFUNCTION("""COMPUTED_VALUE"""),"🍪 부수입") -> 🍪 부수입 | AD100: =IFERROR(__xludf.DUMMYFUNCTION("""COMPUTED_VALUE"""),"🐻 월급") -> 🐻 월급 | AE100: =IFERROR(__xludf.DUMMYFUNCTION("""COMPUTED_VALUE"""),"🐻 부수입") -> 🐻 부수입 | AF100: =IFERROR(__xludf.DUMMYFUNCTION("""COMPUTED_VALUE"""),"기타") -> 기타
H101: 45667 | I101: 🍪기타 | J101: 기타 | K101: 850000 | L101: 🍪현금/이체 | N101: 온누리상품권 100만원 | AB101: =IFERROR(__xludf.DUMMYFUNCTION("FILTER('설정시트'!$D$7:$L$20,'설정시트'!$C$7:$C$20=I101)"),"약국") -> 약국 | AC101: =IFERROR(__xludf.DUMMYFUNCTION("""COMPUTED_VALUE"""),"병원비") -> 병원비 | AD101: =IFERROR(__xludf.DUMMYFUNCTION("""COMPUTED_VALUE"""),"영양제") -> 영양제 | AE101: =IFERROR(__xludf.DUMMYFUNCTION("""COMPUTED_VALUE"""),"교통비") -> 교통비 | AF101: =IFERROR(__xludf.DUMMYFUNCTION("""COMPUTED_VALUE"""),"주유비") -> 주유비 | AH101: =IFERROR(__xludf.DUMMYFUNCTION("""COMPUTED_VALUE"""),"기타") -> 기타
H102: 45668 | I102: 🍪기타 | J102: 병원비 | K102: 15950 | L102: 🍪현대카드 | N102: 루나여성의원-배란초음파 | AB102: =IFERROR(__xludf.DUMMYFUNCTION("FILTER('설정시트'!$D$7:$L$20,'설정시트'!$C$7:$C$20=I102)"),"약국") -> 약국 | AC102: =IFERROR(__xludf.DUMMYFUNCTION("""COMPUTED_VALUE"""),"병원비") -> 병원비 | AD102: =IFERROR(__xludf.DUMMYFUNCTION("""COMPUTED_VALUE"""),"영양제") -> 영양제 | AE102: =IFERROR(__xludf.DUMMYFUNCTION("""COMPUTED_VALUE"""),"교통비") -> 교통비 | AF102: =IFERROR(__xludf.DUMMYFUNCTION("""COMPUTED_VALUE"""),"주유비") -> 주유비 | AH102: =IFERROR(__xludf.DUMMYFUNCTION("""COMPUTED_VALUE"""),"기타") -> 기타
H103: 45668 | I103: 🍪식비 | J103: 식재료비 | K103: 19330 | L103: 🍪현대카드 | N103: 쿠팡 - 사과, 알룰로스 | AB103: =IFERROR(__xludf.DUMMYFUNCTION("FILTER('설정시트'!$D$7:$L$20,'설정시트'!$C$7:$C$20=I103)"),"식재료비") -> 식재료비 | AC103: =IFERROR(__xludf.DUMMYFUNCTION("""COMPUTED_VALUE"""),"회사점심") -> 회사점심 | AD103: =IFERROR(__xludf.DUMMYFUNCTION("""COMPUTED_VALUE"""),"간식/카페") -> 간식/카페 | AE103: =IFERROR(__xludf.DUMMYFUNCTION("""COMPUTED_VALUE"""),"외식/배달") -> 외식/배달 | AF103: =IFERROR(__xludf.DUMMYFUNCTION("""COMPUTED_VALUE"""),"기타") -> 기타
H104: 45668 | I104: 🍪식비 | J104: 외식/배달 | K104: 47800 | L104: 🍪현대카드 | N104: 콘타이 | AB104: =IFERROR(__xludf.DUMMYFUNCTION("FILTER('설정시트'!$D$7:$L$20,'설정시트'!$C$7:$C$20=I104)"),"식재료비") -> 식재료비 | AC104: =IFERROR(__xludf.DUMMYFUNCTION("""COMPUTED_VALUE"""),"회사점심") -> 회사점심 | AD104: =IFERROR(__xludf.DUMMYFUNCTION("""COMPUTED_VALUE"""),"간식/카페") -> 간식/카페 | AE104: =IFERROR(__xludf.DUMMYFUNCTION("""COMPUTED_VALUE"""),"외식/배달") -> 외식/배달 | AF104: =IFERROR(__xludf.DUMMYFUNCTION("""COMPUTED_VALUE"""),"기타") -> 기타
H105: 45668 | I105: 🍪여가비 | J105: 의류/잡화 | K105: 54900 | L105: 🍪현대카드 | N105: 유니클로 내복 2개 | AB105: =IFERROR(__xludf.DUMMYFUNCTION("FILTER('설정시트'!$D$7:$L$20,'설정시트'!$C$7:$C$20=I105)"),"의류/잡화") -> 의류/잡화 | AC105: =IFERROR(__xludf.DUMMYFUNCTION("""COMPUTED_VALUE"""),"OTT") -> OTT | AD105: =IFERROR(__xludf.DUMMYFUNCTION("""COMPUTED_VALUE"""),"문화생활") -> 문화생활 | AE105: =IFERROR(__xludf.DUMMYFUNCTION("""COMPUTED_VALUE"""),"자기계발") -> 자기계발 | AF105: =IFERROR(__xludf.DUMMYFUNCTION("""COMPUTED_VALUE"""),"미용") -> 미용 | AH105: =IFERROR(__xludf.DUMMYFUNCTION("""COMPUTED_VALUE"""),"기타") -> 기타
H106: 45668 | I106: 🍪여가비 | J106: 미용 | K106: 29800 | L106: 🍪현대카드 | N106: 올리브영 퍼프 브러쉬 | AB106: =IFERROR(__xludf.DUMMYFUNCTION("FILTER('설정시트'!$D$7:$L$20,'설정시트'!$C$7:$C$20=I106)"),"의류/잡화") -> 의류/잡화 | AC106: =IFERROR(__xludf.DUMMYFUNCTION("""COMPUTED_VALUE"""),"OTT") -> OTT | AD106: =IFERROR(__xludf.DUMMYFUNCTION("""COMPUTED_VALUE"""),"문화생활") -> 문화생활 | AE106: =IFERROR(__xludf.DUMMYFUNCTION("""COMPUTED_VALUE"""),"자기계발") -> 자기계발 | AF106: =IFERROR(__xludf.DUMMYFUNCTION("""COMPUTED_VALUE"""),"미용") -> 미용 | AH106: =IFERROR(__xludf.DUMMYFUNCTION("""COMPUTED_VALUE"""),"기타") -> 기타
H107: 45669 | I107: 🍪식비 | J107: 외식/배달 | K107: 22000 | L107: 🍪현대카드 | N107: 페리카나 | AB107: =IFERROR(__xludf.DUMMYFUNCTION("FILTER('설정시트'!$D$7:$L$20,'설정시트'!$C$7:$C$20=I107)"),"식재료비") -> 식재료비 | AC107: =IFERROR(__xludf.DUMMYFUNCTION("""COMPUTED_VALUE"""),"회사점심") -> 회사점심 | AD107: =IFERROR(__xludf.DUMMYFUNCTION("""COMPUTED_VALUE"""),"간식/카페") -> 간식/카페 | AE107: =IFERROR(__xludf.DUMMYFUNCTION("""COMPUTED_VALUE"""),"외식/배달") -> 외식/배달 | AF107: =IFERROR(__xludf.DUMMYFUNCTION("""COMPUTED_VALUE"""),"기타") -> 기타
H108: 45669 | I108: 🍪식비 | J108: 외식/배달 | K108: 26000 | L108: 🍪현대카드 | N108: 부천 - 자담치킨 | AB108: =IFERROR(__xludf.DUMMYFUNCTION("FILTER('설정시트'!$D$7:$L$20,'설정시트'!$C$7:$C$20=I108)"),"식재료비") -> 식재료비 | AC108: =IFERROR(__xludf.DUMMYFUNCTION("""COMPUTED_VALUE"""),"회사점심") -> 회사점심 | AD108: =IFERROR(__xludf.DUMMYFUNCTION("""COMPUTED_VALUE"""),"간식/카페") -> 간식/카페 | AE108: =IFERROR(__xludf.DUMMYFUNCTION("""COMPUTED_VALUE"""),"외식/배달") -> 외식/배달 | AF108: =IFERROR(__xludf.DUMMYFUNCTION("""COMPUTED_VALUE"""),"기타") -> 기타
H109: 45669 | I109: 수입 | J109: 기타 | K109: 1000000 | N109: 엄마 이사 용돈 | AB109: =IFERROR(__xludf.DUMMYFUNCTION("FILTER('설정시트'!$D$7:$L$20,'설정시트'!$C$7:$C$20=I109)"),"🍪 월급") -> 🍪 월급 | AC109: =IFERROR(__xludf.DUMMYFUNCTION("""COMPUTED_VALUE"""),"🍪 부수입") -> 🍪 부수입 | AD109: =IFERROR(__xludf.DUMMYFUNCTION("""COMPUTED_VALUE"""),"🐻 월급") -> 🐻 월급 | AE109: =IFERROR(__xludf.DUMMYFUNCTION("""COMPUTED_VALUE"""),"🐻 부수입") -> 🐻 부수입 | AF109: =IFERROR(__xludf.DUMMYFUNCTION("""COMPUTED_VALUE"""),"기타") -> 기타
H110: 45669 | I110: 🐻 이벤트성 | J110: 축의/부의금 | K110: 300000 | L110: 🐻현금/이체 | N110: 병주 축의금 | AB110: =IFERROR(__xludf.DUMMYFUNCTION("FILTER('설정시트'!$D$7:$L$20,'설정시트'!$C$7:$C$20=I110)"),"축의/부의금") -> 축의/부의금 | AC110: =IFERROR(__xludf.DUMMYFUNCTION("""COMPUTED_VALUE"""),"생신/생일선물") -> 생신/생일선물 | AD110: =IFERROR(__xludf.DUMMYFUNCTION("""COMPUTED_VALUE"""),"명절/어버이날") -> 명절/어버이날 | AE110: =IFERROR(__xludf.DUMMYFUNCTION("""COMPUTED_VALUE"""),"여행") -> 여행 | AF110: =IFERROR(__xludf.DUMMYFUNCTION("""COMPUTED_VALUE"""),"기타") -> 기타 | AG110: =IFERROR(__xludf.DUMMYFUNCTION("""COMPUTED_VALUE"""),"출산") -> 출산
H111: 45669 | I111: 🐻식비 | J111: 간식/카페 | K111: =3800+4000 -> 7800 | L111: 🐻하나카드 | N111: 휴게소 - 찹쌀도너츠, 커피 | AB111: =IFERROR(__xludf.DUMMYFUNCTION("FILTER('설정시트'!$D$7:$L$20,'설정시트'!$C$7:$C$20=I111)"),"식재료비") -> 식재료비 | AC111: =IFERROR(__xludf.DUMMYFUNCTION("""COMPUTED_VALUE"""),"회사점심") -> 회사점심 | AD111: =IFERROR(__xludf.DUMMYFUNCTION("""COMPUTED_VALUE"""),"간식/카페") -> 간식/카페 | AE111: =IFERROR(__xludf.DUMMYFUNCTION("""COMPUTED_VALUE"""),"외식/배달") -> 외식/배달 | AF111: =IFERROR(__xludf.DUMMYFUNCTION("""COMPUTED_VALUE"""),"기타") -> 기타
...

Sheet 2월
C3: 2025 | D3: 2
E8: 결제수단 | F8: 금액 | R8: S | S8: M | T8: T | U8: W | V8: T | W8: F | X8: S | Y8: 누적 | AB8: 대분류 | AC8: 합계
E9: 🍪체크카드(현영) | F9: =SUMIFS($K$62:$K$500,$L$62:$L$500,E9,$I$62:$I$500,"<>수입",$I$62:$I$500,"<>저축") -> 0 | R9: =DATE($C$3,$D$3,1)-WEEKDAY(DATE($C$3,$D$3,1))+1 -> 45683 | S9: =R9 + 1 -> 45684 | T9: =S9 + 1 -> 45685 | U9: =T9 + 1 -> 45686 | V9: =U9 + 1 -> 45687 | W9: =V9 + 1 -> 45688 | X9: =W9 + 1 -> 45689 | AB9: =$H$25 -> 🍪고정비 | AC9: =$K$31 -> 2155212 | AD9: =_xlfn.RANK.EQ(AC9,$AB$9:$AC$20,0) + ROW(AB1)/10000 -> 2.0001 | AE9: =SMALL($AD$9:$AD$20, ROW(AB1)) -> 1.0011 | AF9: =INDEX($AB$9:$AB$20,MATCH(AE9,$AD$9:$AD$20,0)) -> 🍪이벤트성 | AG9: =INDEX($AC$9:$AC$20,MATCH(AE9,$AD$9:$AD$20,0)) -> 42387013
E10: 🍪현금/이체 | F10: =SUMIFS($K$62:$K$500,$L$62:$L$500,E10,$I$62:$I$500,"<>수입",$I$62:$I$500,"<>저축") -> 1129143 | R10: =SUMIFS($K$62:$K$500,$H$62:$H$500,R9,$I$62:$I$500,"<>수입",$I$62:$I$500,"<>저축") -> 0 | S10: =SUMIFS($K$62:$K$500,$H$62:$H$500,S9,$I$62:$I$500,"<>수입",$I$62:$I$500,"<>저축") -> 0 | T10: =SUMIFS($K$62:$K$500,$H$62:$H$500,T9,$I$62:$I$500,"<>수입",$I$62:$I$500,"<>저축") -> 0 | U10: =SUMIFS($K$62:$K$500,$H$62:$H$500,U9,$I$62:$I$500,"<>수입",$I$62:$I$500,"<>저축") -> 0 | V10: =SUMIFS($K$62:$K$500,$H$62:$H$500,V9,$I$62:$I$500,"<>수입",$I$62:$I$500,"<>저축") -> 0 | W10: =SUMIFS($K$62:$K$500,$H$62:$H$500,W9,$I$62:$I$500,"<>수입",$I$62:$I$500,"<>저축") -> 0 | X10: =SUMIFS($K$62:$K$500,$H$62:$H$500,X9,$I$62:$I$500,"<>수입",$I$62:$I$500,"<>저축") -> 213490 | Y10: =SUM(R10:X10) -> 213490 | AB10: =$H$33 -> 🐻고정비 | AC10: =$K$39 -> 694550 | AD10: =_xlfn.RANK.EQ(AC10,$AB$9:$AC$20,0) + ROW(AB2)/10000 -> 5.0002 | AE10: =SMALL($AD$9:$AD$20, ROW(AB2)) -> 2.0001 | AF10: =INDEX($AB$9:$AB$20,MATCH(AE10,$AD$9:$AD$20,0)) -> 🍪고정비 | AG10: =INDEX($AC$9:$AC$20,MATCH(AE10,$AD$9:$AD$20,0)) -> 2155212
C11: 항목 | D11: 금액 | E11: 🍪전통시장(제로페이) | F11: =SUMIFS($K$62:$K$500,$L$62:$L$500,E11,$I$62:$I$500,"<>수입",$I$62:$I$500,"<>저축") -> 0 | R11: =R9 + 7 -> 45690 | S11: =S9 + 7 -> 45691 | T11: =T9 + 7 -> 45692 | U11: =U9 + 7 -> 45693 | V11: =V9 + 7 -> 45694 | W11: =W9 + 7 -> 45695 | X11: =X9 + 7 -> 45696 | AB11: =$H$41 -> 🍪생필품 | AC11: =$K$47 -> 284480 | AD11: =_xlfn.RANK.EQ(AC11,$AB$9:$AC$20,0) + ROW(AB3)/10000 -> 8.0003 | AE11: =SMALL($AD$9:$AD$20, ROW(AB3)) -> 3.0008 | AF11: =INDEX($AB$9:$AB$20,MATCH(AE11,$AD$9:$AD$20,0)) -> 🐻여가비 | AG11: =INDEX($AC$9:$AC$20,MATCH(AE11,$AD$9:$AD$20,0)) -> 1364967
C12: 총수입 | D12: =F33 -> 5488395 | E12: 🍪현대카드 | F12: =SUMIFS($K$62:$K$500,$L$62:$L$500,E12,$I$62:$I$500,"<>수입",$I$62:$I$500,"<>저축") -> 1487200 | R12: =SUMIFS($K$62:$K$500,$H$62:$H$500,R11,$I$62:$I$500,"<>수입",$I$62:$I$500,"<>저축") -> 68920 | S12: =SUMIFS($K$62:$K$500,$H$62:$H$500,S11,$I$62:$I$500,"<>수입",$I$62:$I$500,"<>저축") -> 19200 | T12: =SUMIFS($K$62:$K$500,$H$62:$H$500,T11,$I$62:$I$500,"<>수입",$I$62:$I$500,"<>저축") -> 38575843 | U12: =SUMIFS($K$62:$K$500,$H$62:$H$500,U11,$I$62:$I$500,"<>수입",$I$62:$I$500,"<>저축") -> 1367170 | V12: =SUMIFS($K$62:$K$500,$H$62:$H$500,V11,$I$62:$I$500,"<>수입",$I$62:$I$500,"<>저축") -> 22400 | W12: =SUMIFS($K$62:$K$500,$H$62:$H$500,W11,$I$62:$I$500,"<>수입",$I$62:$I$500,"<>저축") -> 440400 | X12: =SUMIFS($K$62:$K$500,$H$62:$H$500,X11,$I$62:$I$500,"<>수입",$I$62:$I$500,"<>저축") -> 3692090 | Y12: =SUM(R12:X12) -> 44186023 | AB12: =$H$49 -> 🐻생필품 | AC12: =$K$55 -> 333748 | AD12: =_xlfn.RANK.EQ(AC12,$AB$9:$AC$20,0) + ROW(AB4)/10000 -> 7.0004 | AE12: =SMALL($AD$9:$AD$20, ROW(AB4)) -> 4.0005 | AF12: =INDEX($AB$9:$AB$20,MATCH(AE12,$AD$9:$AD$20,0)) -> 🍪식비 | AG12: =INDEX($AC$9:$AC$20,MATCH(AE12,$AD$9:$AD$20,0)) -> 984951
E13: 🍪국민카드 | F13: =SUMIFS($K$62:$K$500,$L$62:$L$500,E13,$I$62:$I$500,"<>수입",$I$62:$I$500,"<>저축") -> 839200 | R13: =R11+7 -> 45697 | S13: =S11+7 -> 45698 | T13: =T11+7 -> 45699 | U13: =U11+7 -> 45700 | V13: =V11+7 -> 45701 | W13: =W11+7 -> 45702 | X13: =X11+7 -> 45703 | AB13: =$M$25 -> 🍪식비 | AC13: =$P$31 -> 984951 | AD13: =_xlfn.RANK.EQ(AC13,$AB$9:$AC$20,0) + ROW(AB5)/10000 -> 4.0005 | AE13: =SMALL($AD$9:$AD$20, ROW(AB5)) -> 5.0002 | AF13: =INDEX($AB$9:$AB$20,MATCH(AE13,$AD$9:$AD$20,0)) -> 🐻고정비 | AG13: =INDEX($AC$9:$AC$20,MATCH(AE13,$AD$9:$AD$20,0)) -> 694550
C14: 총지출 | D14: =SUM($K$31+$K$39+$K$47+$K$55+$P$31+$P$39+$P$47+$P$55+X31+X39+X47+X55) -> 49045021 | E14: 🍪기업카드 | F14: =SUMIFS($K$62:$K$500,$L$62:$L$500,E14,$I$62:$I$500,"<>수입",$I$62:$I$500,"<>저축") -> 322280 | R14: =SUMIFS($K$62:$K$500,$H$62:$H$500,R13,$I$62:$I$500,"<>수입",$I$62:$I$500,"<>저축") -> 0 | S14: =SUMIFS($K$62:$K$500,$H$62:$H$500,S13,$I$62:$I$500,"<>수입",$I$62:$I$500,"<>저축") -> 244550 | T14: =SUMIFS($K$62:$K$500,$H$62:$H$500,T13,$I$62:$I$500,"<>수입",$I$62:$I$500,"<>저축") -> 0 | U14: =SUMIFS($K$62:$K$500,$H$62:$H$500,U13,$I$62:$I$500,"<>수입",$I$62:$I$500,"<>저축") -> 42600 | V14: =SUMIFS($K$62:$K$500,$H$62:$H$500,V13,$I$62:$I$500,"<>수입",$I$62:$I$500,"<>저축") -> 305380 | W14: =SUMIFS($K$62:$K$500,$H$62:$H$500,W13,$I$62:$I$500,"<>수입",$I$62:$I$500,"<>저축") -> 253200 | X14: =SUMIFS($K$62:$K$500,$H$62:$H$500,X13,$I$62:$I$500,"<>수입",$I$62:$I$500,"<>저축") -> 179200 | Y14: =SUM(R14:X14) -> 1024930 | AB14: =$M$33 -> 🐻식비 | AC14: =$P$39 -> 140200 | AD14: =_xlfn.RANK.EQ(AC14,$AB$9:$AC$20,0) + ROW(AB6)/10000 -> 10.0006 | AE14: =SMALL($AD$9:$AD$20, ROW(AB6)) -> 6.0012 | AF14: =INDEX($AB$9:$AB$20,MATCH(AE14,$AD$9:$AD$20,0)) -> 🐻 이벤트성 | AG14: =INDEX($AC$9:$AC$20,MATCH(AE14,$AD$9:$AD$20,0)) -> 409700
E15: 🍪하나카드 | F15: =SUMIFS($K$62:$K$500,$L$62:$L$500,E15,$I$62:$I$500,"<>수입",$I$62:$I$500,"<>저축") -> 0 | R15: =R13+7 -> 45704 | S15: =S13+7 -> 45705 | T15: =T13+7 -> 45706 | U15: =U13+7 -> 45707 | V15: =V13+7 -> 45708 | W15: =W13+7 -> 45709 | X15: =X13+7 -> 45710 | AB15: =$M$41 -> 🍪여가비 | AC15: =$P$47 -> 84920 | AD15: =_xlfn.RANK.EQ(AC15,$AB$9:$AC$20,0) + ROW(AB7)/10000 -> 11.0007 | AE15: =SMALL($AD$9:$AD$20, ROW(AB7)) -> 7.0004 | AF15: =INDEX($AB$9:$AB$20,MATCH(AE15,$AD$9:$AD$20,0)) -> 🐻생필품 | AG15: =INDEX($AC$9:$AC$20,MATCH(AE15,$AD$9:$AD$20,0)) -> 333748
C16: 총저축 | D16: =F43 -> 0 | E16: 🐻체크카드(현영) | F16: =SUMIFS($K$62:$K$500,$L$62:$L$500,E16,$I$62:$I$500,"<>수입",$I$62:$I$500,"<>저축") -> 1187680 | H16: 이벤트 | R16: =SUMIFS($K$62:$K$500,$H$62:$H$500,R15,$I$62:$I$500,"<>수입",$I$62:$I$500,"<>저축") -> 3000 | S16: =SUMIFS($K$62:$K$500,$H$62:$H$500,S15,$I$62:$I$500,"<>수입",$I$62:$I$500,"<>저축") -> 908050 | T16: =SUMIFS($K$62:$K$500,$H$62:$H$500,T15,$I$62:$I$500,"<>수입",$I$62:$I$500,"<>저축") -> 109781 | U16: =SUMIFS($K$62:$K$500,$H$62:$H$500,U15,$I$62:$I$500,"<>수입",$I$62:$I$500,"<>저축") -> 367808 | V16: =SUMIFS($K$62:$K$500,$H$62:$H$500,V15,$I$62:$I$500,"<>수입",$I$62:$I$500,"<>저축") -> 93600 | W16: =SUMIFS($K$62:$K$500,$H$62:$H$500,W15,$I$62:$I$500,"<>수입",$I$62:$I$500,"<>저축") -> 283760 | X16: =SUMIFS($K$62:$K$500,$H$62:$H$500,X15,$I$62:$I$500,"<>수입",$I$62:$I$500,"<>저축") -> 768930 | Y16: =SUM(R16:X16) -> 2534929 | AB16: =$M$49 -> 🐻여가비 | AC16: =$P$55 -> 1364967 | AD16: =_xlfn.RANK.EQ(AC16,$AB$9:$AC$20,0) + ROW(AB8)/10000 -> 3.0008 | AE16: =SMALL($AD$9:$AD$20, ROW(AB8)) -> 8.0003 | AF16: =INDEX($AB$9:$AB$20,MATCH(AE16,$AD$9:$AD$20,0)) -> 🍪생필품 | AG16: =INDEX($AC$9:$AC$20,MATCH(AE16,$AD$9:$AD$20,0)) -> 284480
E17: 🐻현금/이체 | F17: =SUMIFS($K$62:$K$500,$L$62:$L$500,E17,$I$62:$I$500,"<>수입",$I$62:$I$500,"<>저축") -> 627500 | H17: 차량구매 | R17: =R15+7 -> 45711 | S17: =S15+7 -> 45712 | T17: =T15+7 -> 45713 | U17: =U15+7 -> 45714 | V17: =V15+7 -> 45715 | W17: =W15+7 -> 45716 | X17: =X15+7 -> 45717 | AB17: =$R$25 -> 🍪기타 | AC17: =$X$31 -> 36080 | AD17: =_xlfn.RANK.EQ(AC17,$AB$9:$AC$20,0) + ROW(AB9)/10000 -> 12.0009 | AE17: =SMALL($AD$9:$AD$20, ROW(AB9)) -> 9.001 | AF17: =INDEX($AB$9:$AB$20,MATCH(AE17,$AD$9:$AD$20,0)) -> 🐻기타 | AG17: =INDEX($AC$9:$AC$20,MATCH(AE17,$AD$9:$AD$20,0)) -> 169200
C18: 잉여현금 | D18: =D12-D14-D16 -> -43556626 | E18: 🐻전통시장(제로페이) | F18: =SUMIFS($K$62:$K$500,$L$62:$L$500,E18,$I$62:$I$500,"<>수입",$I$62:$I$500,"<>저축") -> 342300 | H18: 강릉여행 | R18: =SUMIFS($K$62:$K$500,$H$62:$H$500,R17,$I$62:$I$500,"<>수입",$I$62:$I$500,"<>저축") -> 18000 | S18: =SUMIFS($K$62:$K$500,$H$62:$H$500,S17,$I$62:$I$500,"<>수입",$I$62:$I$500,"<>저축") -> 183312 | T18: =SUMIFS($K$62:$K$500,$H$62:$H$500,T17,$I$62:$I$500,"<>수입",$I$62:$I$500,"<>저축") -> 268480 | U18: =SUMIFS($K$62:$K$500,$H$62:$H$500,U17,$I$62:$I$500,"<>수입",$I$62:$I$500,"<>저축") -> 297880 | V18: =SUMIFS($K$62:$K$500,$H$62:$H$500,V17,$I$62:$I$500,"<>수입",$I$62:$I$500,"<>저축") -> 124287 | W18: =SUMIFS($K$62:$K$500,$H$62:$H$500,W17,$I$62:$I$500,"<>수입",$I$62:$I$500,"<>저축") -> 194890 | X18: =SUMIFS($K$62:$K$500,$H$62:$H$500,X17,$I$62:$I$500,"<>수입",$I$62:$I$500,"<>저축") -> 0 | Y18: =SUM(R18:X18) -> 1086849 | AB18: =$R$33 -> 🐻기타 | AC18: =$X$39 -> 169200 | AD18: =_xlfn.RANK.EQ(AC18,$AB$9:$AC$20,0) + ROW(AB10)/10000 -> 9.001 | AE18: =SMALL($AD$9:$AD$20, ROW(AB10)) -> 10.0006 | AF18: =INDEX($AB$9:$AB$20,MATCH(AE18,$AD$9:$AD$20,0)) -> 🐻식비 | AG18: =INDEX($AC$9:$AC$20,MATCH(AE18,$AD$9:$AD$20,0)) -> 140200
C19: 총저축률 | D19: =(D16+D18)/D12 -> -7.9361318 | E19: 🐻하나카드 | F19: =SUMIFS($K$62:$K$500,$L$62:$L$500,E19,$I$62:$I$500,"<>수입",$I$62:$I$500,"<>저축") -> 956085 | R19: =R17+7 -> 45718 | S19: =S17+7 -> 45719 | T19: =T17+7 -> 45720 | U19: =U17+7 -> 45721 | V19: =V17+7 -> 45722 | W19: =W17+7 -> 45723 | X19: =X17+7 -> 45724 | AB19: =$R$41 -> 🍪이벤트성 | AC19: =$X$47 -> 42387013 | AD19: =_xlfn.RANK.EQ(AC19,$AB$9:$AC$20,0) + ROW(AB11)/10000 -> 1.0011 | AE19: =SMALL($AD$9:$AD$20, ROW(AB11)) -> 11.0007 | AF19: =INDEX($AB$9:$AB$20,MATCH(AE19,$AD$9:$AD$20,0)) -> 🍪여가비 | AG19: =INDEX($AC$9:$AC$20,MATCH(AE19,$AD$9:$AD$20,0)) -> 84920
C20: 현금저축률 | D20: =D18/D12 -> -7.9361318 | E20: 🐻현백카드 | F20: =SUM($F$14:$F$19) -> 3435845 | R20: =SUMIFS($K$62:$K$500,$H$62:$H$500,R19,$I$62:$I$500,"<>수입",$I$62:$I$500,"<>저축") -> 0 | S20: =SUMIFS($K$62:$K$500,$H$62:$H$500,S19,$I$62:$I$500,"<>수입",$I$62:$I$500,"<>저축") -> 0 | T20: =SUMIFS($K$62:$K$500,$H$62:$H$500,T19,$I$62:$I$500,"<>수입",$I$62:$I$500,"<>저축") -> 0 | U20: =SUMIFS($K$62:$K$500,$H$62:$H$500,U19,$I$62:$I$500,"<>수입",$I$62:$I$500,"<>저축") -> 0 | V20: =SUMIFS($K$62:$K$500,$H$62:$H$500,V19,$I$62:$I$500,"<>수입",$I$62:$I$500,"<>저축") -> 0 | W20: =SUMIFS($K$62:$K$500,$H$62:$H$500,W19,$I$62:$I$500,"<>수입",$I$62:$I$500,"<>저축") -> 0 | X20: =SUMIFS($K$62:$K$500,$H$62:$H$500,X19,$I$62:$I$500,"<>수입",$I$62:$I$500,"<>저축") -> 0 | Y20: =SUM(R20:X20) -> 0 | AB20: =$R$49 -> 🐻 이벤트성 | AC20: =$X$55 -> 409700 | AD20: =_xlfn.RANK.EQ(AC20,$AB$9:$AC$20,0) + ROW(AB12)/10000 -> 6.0012 | AE20: =SMALL($AD$9:$AD$20, ROW(AB12)) -> 12.0009 | AF20: =INDEX($AB$9:$AB$20,MATCH(AE20,$AD$9:$AD$20,0)) -> 🍪기타 | AG20: =INDEX($AC$9:$AC$20,MATCH(AE20,$AD$9:$AD$20,0)) -> 36080
E21: 🐻국민카드
C24: 대분류 | D24: 소분류 | E24: 목표 | F24: 합계 | H24: 대분류 | I24: 소분류 | J24: 예산 | K24: 합계 | M24: 대분류 | N24: 소분류 | O24: 예산 | P24: 합계 | R24: 대분류 | T24: 소분류 | V24: 예산 | X24: 합계
C25: 수입 | D25: 🍪 월급 | F25: =SUMIFS($K$62:$K$500,$I$62:$I$500,$C$25,$J$62:$J$500,D25) -> 3257030 | H25: 🍪고정비 | I25: 관리비 | K25: =SUMIFS($K$62:$K$500,$I$62:$I$500,$H$25,$J$62:$J$500,I25) -> 0 | M25: 🍪식비 | N25: 식재료비 | P25: =SUMIFS($K$62:$K$500,$I$62:$I$500,$M$25,$J$62:$J$500,N25) -> 279251 | R25: 🍪기타 | T25: 약국 | X25: =SUMIFS($K$62:$K$500,$I$62:$I$500,$R$25,$J$62:$J$500,T25) -> 3500
D26: 🍪 부수입 | F26: =SUMIFS($K$62:$K$500,$I$62:$I$500,$C$25,$J$62:$J$500,D26) -> 872670 | I26: 월세 | K26: =SUMIFS($K$62:$K$500,$I$62:$I$500,$H$25,$J$62:$J$500,I26) -> 800000 | N26: 회사점심 | P26: =SUMIFS($K$62:$K$500,$I$62:$I$500,$M$25,$J$62:$J$500,N26) -> 248000 | T26: 병원비 | X26: =SUMIFS($K$62:$K$500,$I$62:$I$500,$R$25,$J$62:$J$500,T26) -> 9300
D27: 🐻 월급 | F27: =SUMIFS($K$62:$K$500,$I$62:$I$500,$C$25,$J$62:$J$500,D27) -> 0 | I27: 대출이자 | K27: =SUMIFS($K$62:$K$500,$I$62:$I$500,$H$25,$J$62:$J$500,I27) -> 192822 | N27: 간식/카페 | P27: =SUMIFS($K$62:$K$500,$I$62:$I$500,$M$25,$J$62:$J$500,N27) -> 46000 | T27: 영양제 | X27: =SUMIFS($K$62:$K$500,$I$62:$I$500,$R$25,$J$62:$J$500,T27) -> 15780
D28: 🐻 부수입 | F28: =SUMIFS($K$62:$K$500,$I$62:$I$500,$C$25,$J$62:$J$500,D28) -> 0 | I28: 통신비 | K28: =SUMIFS($K$62:$K$500,$I$62:$I$500,$H$25,$J$62:$J$500,I28) -> 111600 | N28: 외식/배달 | P28: =SUMIFS($K$62:$K$500,$I$62:$I$500,$M$25,$J$62:$J$500,N28) -> 411700 | T28: 교통비 | X28: =SUMIFS($K$62:$K$500,$I$62:$I$500,$R$25,$J$62:$J$500,T28) -> 7500
D29: 기타 | F29: =SUMIFS($K$62:$K$500,$I$62:$I$500,$C$25,$J$62:$J$500,D29) -> 1358695 | I29: 보험료 | K29: =SUMIFS($K$62:$K$500,$I$62:$I$500,$H$25,$J$62:$J$500,I29) -> 1050790 | N29: 기타 | P29: =SUMIFS($K$62:$K$500,$I$62:$I$500,$M$25,$J$62:$J$500,N29) -> 0 | T29: 주유비 | X29: =SUMIFS($K$62:$K$500,$I$62:$I$500,$R$25,$J$62:$J$500,T29) -> 0
F30: =SUMIFS($K$62:$K$500,$I$62:$I$500,$C$25,$J$62:$J$500,D30) -> 0 | K30: =SUMIFS($K$62:$K$500,$I$62:$I$500,$H$25,$J$62:$J$500,I30) -> 0 | P30: =SUMIFS($K$62:$K$500,$I$62:$I$500,$M$25,$J$62:$J$500,N30) -> 0 | X30: =SUMIFS($K$62:$K$500,$I$62:$I$500,$R$25,$J$62:$J$500,T30) -> 0
F31: =SUMIFS($K$62:$K$500,$I$62:$I$500,$C$25,$J$62:$J$500,D31) -> 0 | H31: =IF(H25=0,"","총"&H25) -> 총🍪고정비 | K31: =SUM(K25:K30) -> 2155212 | M31: =IF(M25=0,"","총"&M25) -> 총🍪식비 | P31: =SUM(P25:P30) -> 984951 | R31: =IF(R25=0,"","총"&R25) -> 총🍪기타 | X31: =SUM(X25:X30) -> 36080
F32: =SUMIFS($K$62:$K$500,$I$62:$I$500,$C$25,$J$62:$J$500,D32) -> 0 | K32: =K31-J25 -> 2155212 | P32: =P31-O25 -> 984951 | X32: =X31-V25 -> 36080
C33: =IF(C25=0,"","총"&C25) -> 총수입 | F33: =SUM(F25:F32) -> 5488395 | H33: 🐻고정비 | I33: 관리비 | K33: =SUMIFS($K$62:$K$500,$I$62:$I$500,$H$33,$J$62:$J$500,I33) -> 457490 | M33: 🐻식비 | N33: 식재료비 | P33: =SUMIFS($K$62:$K$500,$I$62:$I$500,$M$33,$J$62:$J$500,N33) -> 36500 | R33: 🐻기타 | T33: 약국 | X33: =SUMIFS($K$62:$K$500,$I$62:$I$500,$R$33,$J$62:$J$500,T33) -> 2700
F34: =F33-E25 -> 5488395 | I34: 대출이자 | K34: =SUMIFS($K$62:$K$500,$I$62:$I$500,$H$33,$J$62:$J$500,I34) -> 0 | N34: 회사점심 | P34: =SUMIFS($K$62:$K$500,$I$62:$I$500,$M$33,$J$62:$J$500,N34) -> 33500 | T34: 병원비 | X34: =SUMIFS($K$62:$K$500,$I$62:$I$500,$R$33,$J$62:$J$500,T34) -> 5500
C35: 저축 | D35: 주택청약 | F35: =SUMIFS($K$62:$K$500,$I$62:$I$500,$C$35,$J$62:$J$500,D35) -> 0 | I35: 통신비 | K35: =SUMIFS($K$62:$K$500,$I$62:$I$500,$H$33,$J$62:$J$500,I35) -> 69050 | N35: 간식/카페 | P35: =SUMIFS($K$62:$K$500,$I$62:$I$500,$M$33,$J$62:$J$500,N35) -> 37400 | T35: 영양제 | X35: =SUMIFS($K$62:$K$500,$I$62:$I$500,$R$33,$J$62:$J$500,T35) -> 0
D36: 우리은행 | F36: =SUMIFS($K$62:$K$500,$I$62:$I$500,$C$35,$J$62:$J$500,D36) -> 0 | I36: 보험료 | K36: =SUMIFS($K$62:$K$500,$I$62:$I$500,$H$33,$J$62:$J$500,I36) -> 88010 | N36: 외식/배달 | P36: =SUMIFS($K$62:$K$500,$I$62:$I$500,$M$33,$J$62:$J$500,N36) -> 28900 | T36: 교통비 | X36: =SUMIFS($K$62:$K$500,$I$62:$I$500,$R$33,$J$62:$J$500,T36) -> 3000
D37: 케이뱅크 | F37: =SUMIFS($K$62:$K$500,$I$62:$I$500,$C$35,$J$62:$J$500,D37) -> 0 | I37: 곗돈 | K37: =SUMIFS($K$62:$K$500,$I$62:$I$500,$H$33,$J$62:$J$500,I37) -> 80000 | N37: 기타 | P37: =SUMIFS($K$62:$K$500,$I$62:$I$500,$M$33,$J$62:$J$500,N37) -> 3900 | T37: 주유비 | X37: =SUMIFS($K$62:$K$500,$I$62:$I$500,$R$33,$J$62:$J$500,T37) -> 158000
D38: 연금저축 | F38: =SUMIFS($K$62:$K$500,$I$62:$I$500,$C$35,$J$62:$J$500,D38) -> 0 | K38: =SUMIFS($K$62:$K$500,$I$62:$I$500,$H$33,$J$62:$J$500,I38) -> 0 | P38: =SUMIFS($K$62:$K$500,$I$62:$I$500,$M$33,$J$62:$J$500,N38) -> 0 | X38: =SUMIFS($K$62:$K$500,$I$62:$I$500,$R$33,$J$62:$J$500,T38) -> 0
F39: =SUMIFS($K$62:$K$500,$I$62:$I$500,$C$35,$J$62:$J$500,D39) -> 0 | H39: =IF(H33=0,"","총"&H33) -> 총🐻고정비 | K39: =SUM(K33:K38) -> 694550 | M39: =IF(M33=0,"","총"&M33) -> 총🐻식비 | P39: =SUM(P33:P38) -> 140200 | R39: =IF(R33=0,"","총"&R33) -> 총🐻기타 | X39: =SUM(X33:X38) -> 169200
F40: =SUMIFS($K$62:$K$500,$I$62:$I$500,$C$35,$J$62:$J$500,D40) -> 0 | K40: =K39-J33 -> 694550 | P40: =P39-O33 -> 140200 | X40: =X39-V33 -> 169200
F41: =SUMIFS($K$62:$K$500,$I$62:$I$500,$C$35,$J$62:$J$500,D41) -> 0 | H41: 🍪생필품 | I41: 주방/욕실 | K41: =SUMIFS($K$62:$K$500,$I$62:$I$500,$H$41,$J$62:$J$500,I41) -> 251480 | M41: 🍪여가비 | N41: 의류/잡화 | P41: =SUMIFS($K$62:$K$500,$I$62:$I$500,$M$41,$J$62:$J$500,N41) -> 44030 | R41: 🍪이벤트성 | T41: 축의/부의금 | X41: =SUMIFS($K$62:$K$500,$I$62:$I$500,$R$41,$J$62:$J$500,T41) -> 0
F42: =SUMIFS($K$62:$K$500,$I$62:$I$500,$C$35,$J$62:$J$500,D42) -> 0 | I42: 소모품 | K42: =SUMIFS($K$62:$K$500,$I$62:$I$500,$H$41,$J$62:$J$500,I42) -> 0 | N42: OTT | P42: =SUMIFS($K$62:$K$500,$I$62:$I$500,$M$41,$J$62:$J$500,N42) -> 7890 | T42: 생신/생일선물 | X42: =SUMIFS($K$62:$K$500,$I$62:$I$500,$R$41,$J$62:$J$500,T42) -> 0
C43: =IF(C35=0,"","총"&C25) -> 총수입 | F43: =SUM(F35:F42) -> 0 | I43: 기타 | K43: =SUMIFS($K$62:$K$500,$I$62:$I$500,$H$41,$J$62:$J$500,I43) -> 33000 | N43: 문화생활 | P43: =SUMIFS($K$62:$K$500,$I$62:$I$500,$M$41,$J$62:$J$500,N43) -> 23000 | T43: 명절/어버이날 | X43: =SUMIFS($K$62:$K$500,$I$62:$I$500,$R$41,$J$62:$J$500,T43) -> 0
F44: =F43-E35 -> 0 | K44: =SUMIFS($K$62:$K$500,$I$62:$I$500,$H$41,$J$62:$J$500,I44) -> 0 | N44: 자기계발 | P44: =SUMIFS($K$62:$K$500,$I$62:$I$500,$M$41,$J$62:$J$500,N44) -> 0 | T44: 여행 | X44: =SUMIFS($K$62:$K$500,$I$62:$I$500,$R$41,$J$62:$J$500,T44) -> 213480
K45: =SUMIFS($K$62:$K$500,$I$62:$I$500,$H$41,$J$62:$J$500,I45) -> 0 | N45: 미용 | P45: =SUMIFS($K$62:$K$500,$I$62:$I$500,$M$41,$J$62:$J$500,N45) -> 10000 | T45: 기타 | X45: =SUMIFS($K$62:$K$500,$I$62:$I$500,$R$41,$J$62:$J$500,T45) -> 42173533
K46: =SUMIFS($K$62:$K$500,$I$62:$I$500,$H$41,$J$62:$J$500,I46) -> 0 | P46: =SUMIFS($K$62:$K$500,$I$62:$I$500,$M$41,$J$62:$J$500,N46) -> 0 | T46: 출산 | X46: =SUMIFS($K$62:$K$500,$I$62:$I$500,$R$41,$J$62:$J$500,T46) -> 0
H47: =IF(H41=0,"","총"&H41) -> 총🍪생필품 | K47: =SUM(K41:K46) -> 284480 | M47: =IF(M41=0,"","총"&M41) -> 총🍪여가비 | P47: =SUM(P41:P46) -> 84920 | R47: =IF(R41=0,"","총"&R41) -> 총🍪이벤트성 | X47: =SUM(X41:X46) -> 42387013
K48: =K47-J41 -> 284480 | P48: =P47-O41 -> 84920 | X48: =X47-V41 -> 42387013
H49: 🐻생필품 | I49: 주방/욕실 | K49: =SUMIFS($K$62:$K$500,$I$62:$I$500,$H$49,$J$62:$J$500,I49) -> 74178 | M49: 🐻여가비 | N49: 의류/잡화 | P49: =SUMIFS($K$62:$K$500,$I$62:$I$500,$M$49,$J$62:$J$500,N49) -> 1159780 | R49: 🐻 이벤트성 | T49: 축의/부의금 | X49: =SUMIFS($K$62:$K$500,$I$62:$I$500,$R$49,$J$62:$J$500,T49) -> 0
I50: 소모품 | K50: =SUMIFS($K$62:$K$500,$I$62:$I$500,$H$49,$J$62:$J$500,I50) -> 247570 | N50: OTT | P50: =SUMIFS($K$62:$K$500,$I$62:$I$500,$M$49,$J$62:$J$500,N50) -> 5187 | T50: 생신/생일선물 | X50: =SUMIFS($K$62:$K$500,$I$62:$I$500,$R$49,$J$62:$J$500,T50) -> 188800
I51: 기타 | K51: =SUMIFS($K$62:$K$500,$I$62:$I$500,$H$49,$J$62:$J$500,I51) -> 12000 | N51: 문화생활 | P51: =SUMIFS($K$62:$K$500,$I$62:$I$500,$M$49,$J$62:$J$500,N51) -> 200000 | T51: 명절/어버이날 | X51: =SUMIFS($K$62:$K$500,$I$62:$I$500,$R$49,$J$62:$J$500,T51) -> 0
K52: =SUMIFS($K$62:$K$500,$I$62:$I$500,$H$49,$J$62:$J$500,I52) -> 0 | N52: 자기계발 | P52: =SUMIFS($K$62:$K$500,$I$62:$I$500,$M$49,$J$62:$J$500,N52) -> 0 | T52: 여행 | X52: =SUMIFS($K$62:$K$500,$I$62:$I$500,$R$49,$J$62:$J$500,T52) -> 220900
K53: =SUMIFS($K$62:$K$500,$I$62:$I$500,$H$49,$J$62:$J$500,I53) -> 0 | N53: 미용 | P53: =SUMIFS($K$62:$K$500,$I$62:$I$500,$M$49,$J$62:$J$500,N53) -> 0 | T53: 기타 | X53: =SUMIFS($K$62:$K$500,$I$62:$I$500,$R$49,$J$62:$J$500,T53) -> 0
K54: =SUMIFS($K$62:$K$500,$I$62:$I$500,$H$49,$J$62:$J$500,I54) -> 0 | P54: =SUMIFS($K$62:$K$500,$I$62:$I$500,$M$49,$J$62:$J$500,N54) -> 0 | T54: 출산 | X54: =SUMIFS($K$62:$K$500,$I$62:$I$500,$R$49,$J$62:$J$500,T54) -> 0
H55: =IF(H49=0,"","총"&H49) -> 총🐻생필품 | K55: =SUM(K49:K54) -> 333748 | M55: =IF(M49=0,"","총"&M49) -> 총🐻여가비 | P55: =SUM(P49:P54) -> 1364967 | R55: =IF(R49=0,"","총"&R49) -> 총🐻 이벤트성 | X55: =SUM(X49:X54) -> 409700
K56: =K55-J49 -> 333748 | P56: =P55-O49 -> 1364967 | X56: =X55-V49 -> 409700
V60: 지출예산 | X60: =SUM(J49,J41,J33,J25,O25,O33,O41,O49,V49,V41,V33,V25) -> 0
H61: 날짜 | I61: 대분류 | J61: 소분류 | K61: 금액 | L61: 결제수단 | N61: 세부사항 | R61: 비고 | V61: 잔여예산 | X61: =X60-SUM($K$31+$K$39+$K$47+$K$55+$P$31+$P$39+$P$47+$P$55+$X$31+$X$39+$X$47+$X$55) -> -49045021
H62: 45689 | I62: 🍪생필품 | J62: 주방/욕실 | K62: 86360 | L62: 🍪현대카드 | N62: 쿠팡-스리라차, 오일병, 양념통, 계란트레이, 립밤*4 | R62: 53220 환불예정 | AB62: =IFERROR(__xludf.DUMMYFUNCTION("FILTER('설정시트'!$D$7:$K$20,'설정시트'!$C$7:$C$20=I62)"),"주방/욕실") -> 주방/욕실 | AC62: =IFERROR(__xludf.DUMMYFUNCTION("""COMPUTED_VALUE"""),"소모품") -> 소모품 | AD62: =IFERROR(__xludf.DUMMYFUNCTION("""COMPUTED_VALUE"""),"기타") -> 기타
H63: 45689 | I63: 🍪여가비 | J63: 의류/잡화 | K63: 44030 | L63: 🍪현대카드 | N63: 무지티 6장 | AB63: =IFERROR(__xludf.DUMMYFUNCTION("FILTER('설정시트'!$D$7:$K$20,'설정시트'!$C$7:$C$20=I63)"),"의류/잡화") -> 의류/잡화 | AC63: =IFERROR(__xludf.DUMMYFUNCTION("""COMPUTED_VALUE"""),"OTT") -> OTT | AD63: =IFERROR(__xludf.DUMMYFUNCTION("""COMPUTED_VALUE"""),"문화생활") -> 문화생활 | AE63: =IFERROR(__xludf.DUMMYFUNCTION("""COMPUTED_VALUE"""),"자기계발") -> 자기계발 | AF63: =IFERROR(__xludf.DUMMYFUNCTION("""COMPUTED_VALUE"""),"미용") -> 미용 | AH63: =IFERROR(__xludf.DUMMYFUNCTION("""COMPUTED_VALUE"""),"기타") -> 기타
H64: 45689 | I64: 🍪기타 | J64: 병원비 | K64: 9300 | L64: 🍪현대카드 | N64: 인정병원 초음파 | AB64: =IFERROR(__xludf.DUMMYFUNCTION("FILTER('설정시트'!$D$7:$K$20,'설정시트'!$C$7:$C$20=I64)"),"약국") -> 약국 | AC64: =IFERROR(__xludf.DUMMYFUNCTION("""COMPUTED_VALUE"""),"병원비") -> 병원비 | AD64: =IFERROR(__xludf.DUMMYFUNCTION("""COMPUTED_VALUE"""),"영양제") -> 영양제 | AE64: =IFERROR(__xludf.DUMMYFUNCTION("""COMPUTED_VALUE"""),"교통비") -> 교통비 | AF64: =IFERROR(__xludf.DUMMYFUNCTION("""COMPUTED_VALUE"""),"주유비") -> 주유비 | AH64: =IFERROR(__xludf.DUMMYFUNCTION("""COMPUTED_VALUE"""),"기타") -> 기타
H65: 45689 | I65: 🍪기타 | J65: 약국 | K65: 3500 | L65: 🍪현대카드 | N65: 약국 | AB65: =IFERROR(__xludf.DUMMYFUNCTION("FILTER('설정시트'!$D$7:$K$20,'설정시트'!$C$7:$C$20=I65)"),"약국") -> 약국 | AC65: =IFERROR(__xludf.DUMMYFUNCTION("""COMPUTED_VALUE"""),"병원비") -> 병원비 | AD65: =IFERROR(__xludf.DUMMYFUNCTION("""COMPUTED_VALUE"""),"영양제") -> 영양제 | AE65: =IFERROR(__xludf.DUMMYFUNCTION("""COMPUTED_VALUE"""),"교통비") -> 교통비 | AF65: =IFERROR(__xludf.DUMMYFUNCTION("""COMPUTED_VALUE"""),"주유비") -> 주유비 | AH65: =IFERROR(__xludf.DUMMYFUNCTION("""COMPUTED_VALUE"""),"기타") -> 기타
H66: 45689 | I66: 🍪생필품 | J66: 주방/욕실 | K66: 57300 | L66: 🍪현대카드 | N66: 브라운 체온계 | AB66: =IFERROR(__xludf.DUMMYFUNCTION("FILTER('설정시트'!$D$7:$K$20,'설정시트'!$C$7:$C$20=I66)"),"주방/욕실") -> 주방/욕실 | AC66: =IFERROR(__xludf.DUMMYFUNCTION("""COMPUTED_VALUE"""),"소모품") -> 소모품 | AD66: =IFERROR(__xludf.DUMMYFUNCTION("""COMPUTED_VALUE"""),"기타") -> 기타
H67: 45689 | I67: 🍪여가비 | J67: 미용 | K67: 10000 | L67: 🍪현대카드 | N67: 미용실 예약비용 | AB67: =IFERROR(__xludf.DUMMYFUNCTION("FILTER('설정시트'!$D$7:$K$20,'설정시트'!$C$7:$C$20=I67)"),"의류/잡화") -> 의류/잡화 | AC67: =IFERROR(__xludf.DUMMYFUNCTION("""COMPUTED_VALUE"""),"OTT") -> OTT | AD67: =IFERROR(__xludf.DUMMYFUNCTION("""COMPUTED_VALUE"""),"문화생활") -> 문화생활 | AE67: =IFERROR(__xludf.DUMMYFUNCTION("""COMPUTED_VALUE"""),"자기계발") -> 자기계발 | AF67: =IFERROR(__xludf.DUMMYFUNCTION("""COMPUTED_VALUE"""),"미용") -> 미용 | AH67: =IFERROR(__xludf.DUMMYFUNCTION("""COMPUTED_VALUE"""),"기타") -> 기타
H68: 45689 | I68: 🍪생필품 | J68: 기타 | K68: 3000 | L68: 🍪현대카드 | N68: 지마켓 - 시계 배송비 | R68: 환불예정 | AB68: =IFERROR(__xludf.DUMMYFUNCTION("FILTER('설정시트'!$D$7:$K$20,'설정시트'!$C$7:$C$20=I68)"),"주방/욕실") -> 주방/욕실 | AC68: =IFERROR(__xludf.DUMMYFUNCTION("""COMPUTED_VALUE"""),"소모품") -> 소모품 | AD68: =IFERROR(__xludf.DUMMYFUNCTION("""COMPUTED_VALUE"""),"기타") -> 기타
H69: 45690 | I69: 🍪식비 | J69: 외식/배달 | K69: 24000 | L69: 🍪국민카드 | N69: 교촌치킨 | AB69: =IFERROR(__xludf.DUMMYFUNCTION("FILTER('설정시트'!$D$7:$K$20,'설정시트'!$C$7:$C$20=I69)"),"식재료비") -> 식재료비 | AC69: =IFERROR(__xludf.DUMMYFUNCTION("""COMPUTED_VALUE"""),"회사점심") -> 회사점심 | AD69: =IFERROR(__xludf.DUMMYFUNCTION("""COMPUTED_VALUE"""),"간식/카페") -> 간식/카페 | AE69: =IFERROR(__xludf.DUMMYFUNCTION("""COMPUTED_VALUE"""),"외식/배달") -> 외식/배달 | AF69: =IFERROR(__xludf.DUMMYFUNCTION("""COMPUTED_VALUE"""),"기타") -> 기타
H70: 45690 | I70: 🍪생필품 | J70: 주방/욕실 | K70: 22040 | L70: 🍪현대카드 | N70: 쿠팡-오일병 재주문 | AB70: =IFERROR(__xludf.DUMMYFUNCTION("FILTER('설정시트'!$D$7:$K$20,'설정시트'!$C$7:$C$20=I70)"),"주방/욕실") -> 주방/욕실 | AC70: =IFERROR(__xludf.DUMMYFUNCTION("""COMPUTED_VALUE"""),"소모품") -> 소모품 | AD70: =IFERROR(__xludf.DUMMYFUNCTION("""COMPUTED_VALUE"""),"기타") -> 기타
H71: 45690 | I71: 🍪생필품 | J71: 주방/욕실 | K71: 22880 | L71: 🍪현대카드 | N71: 쿠팡-오일병 재주문 | AB71: =IFERROR(__xludf.DUMMYFUNCTION("FILTER('설정시트'!$D$7:$K$20,'설정시트'!$C$7:$C$20=I71)"),"주방/욕실") -> 주방/욕실 | AC71: =IFERROR(__xludf.DUMMYFUNCTION("""COMPUTED_VALUE"""),"소모품") -> 소모품 | AD71: =IFERROR(__xludf.DUMMYFUNCTION("""COMPUTED_VALUE"""),"기타") -> 기타
H72: 45691 | I72: 수입 | J72: 기타 | K72: 84520 | N72: 한화손해보험 | AB72: =IFERROR(__xludf.DUMMYFUNCTION("FILTER('설정시트'!$D$7:$K$20,'설정시트'!$C$7:$C$20=I72)"),"🍪 월급") -> 🍪 월급 | AC72: =IFERROR(__xludf.DUMMYFUNCTION("""COMPUTED_VALUE"""),"🍪 부수입") -> 🍪 부수입 | AD72: =IFERROR(__xludf.DUMMYFUNCTION("""COMPUTED_VALUE"""),"🐻 월급") -> 🐻 월급 | AE72: =IFERROR(__xludf.DUMMYFUNCTION("""COMPUTED_VALUE"""),"🐻 부수입") -> 🐻 부수입 | AF72: =IFERROR(__xludf.DUMMYFUNCTION("""COMPUTED_VALUE"""),"기타") -> 기타
H73: 45691 | I73: 🐻식비 | J73: 간식/카페 | K73: 9200 | L73: 🐻하나카드 | N73: 바나프레소 - 커피 | AB73: =IFERROR(__xludf.DUMMYFUNCTION("FILTER('설정시트'!$D$7:$K$20,'설정시트'!$C$7:$C$20=I73)"),"식재료비") -> 식재료비 | AC73: =IFERROR(__xludf.DUMMYFUNCTION("""COMPUTED_VALUE"""),"회사점심") -> 회사점심 | AD73: =IFERROR(__xludf.DUMMYFUNCTION("""COMPUTED_VALUE"""),"간식/카페") -> 간식/카페 | AE73: =IFERROR(__xludf.DUMMYFUNCTION("""COMPUTED_VALUE"""),"외식/배달") -> 외식/배달 | AF73: =IFERROR(__xludf.DUMMYFUNCTION("""COMPUTED_VALUE"""),"기타") -> 기타
H74: 45691 | I74: 🐻고정비 | J74: 곗돈 | K74: 10000 | L74: 🐻현금/이체 | N74: 방송국 동기 | AB74: =IFERROR(__xludf.DUMMYFUNCTION("FILTER('설정시트'!$D$7:$K$20,'설정시트'!$C$7:$C$20=I74)"),"관리비") -> 관리비 | AC74: =IFERROR(__xludf.DUMMYFUNCTION("""COMPUTED_VALUE"""),"대출이자") -> 대출이자 | AD74: =IFERROR(__xludf.DUMMYFUNCTION("""COMPUTED_VALUE"""),"통신비") -> 통신비 | AE74: =IFERROR(__xludf.DUMMYFUNCTION("""COMPUTED_VALUE"""),"보험료") -> 보험료 | AF74: =IFERROR(__xludf.DUMMYFUNCTION("""COMPUTED_VALUE"""),"곗돈") -> 곗돈
H75: 45692 | I75: 🍪이벤트성 | J75: 기타 | K75: =38557285+18558 -> 38575843 | N75: GV70 차량구입비 (18,558 이자) | R75: 연말정산 가능? | AB75: =IFERROR(__xludf.DUMMYFUNCTION("FILTER('설정시트'!$D$7:$K$20,'설정시트'!$C$7:$C$20=I75)"),"축의/부의금") -> 축의/부의금 | AC75: =IFERROR(__xludf.DUMMYFUNCTION("""COMPUTED_VALUE"""),"생신/생일선물") -> 생신/생일선물 | AD75: =IFERROR(__xludf.DUMMYFUNCTION("""COMPUTED_VALUE"""),"명절/어버이날") -> 명절/어버이날 | AE75: =IFERROR(__xludf.DUMMYFUNCTION("""COMPUTED_VALUE"""),"여행") -> 여행 | AF75: =IFERROR(__xludf.DUMMYFUNCTION("""COMPUTED_VALUE"""),"기타") -> 기타 | AG75: =IFERROR(__xludf.DUMMYFUNCTION("""COMPUTED_VALUE"""),"출산") -> 출산
H76: 45693 | I76: 🐻식비 | J76: 회사점심 | K76: 11000 | L76: 🐻하나카드 | N76: 돈코츠 라멘 | AB76: =IFERROR(__xludf.DUMMYFUNCTION("FILTER('설정시트'!$D$7:$K$20,'설정시트'!$C$7:$C$20=I76)"),"식재료비") -> 식재료비 | AC76: =IFERROR(__xludf.DUMMYFUNCTION("""COMPUTED_VALUE"""),"회사점심") -> 회사점심 | AD76: =IFERROR(__xludf.DUMMYFUNCTION("""COMPUTED_VALUE"""),"간식/카페") -> 간식/카페 | AE76: =IFERROR(__xludf.DUMMYFUNCTION("""COMPUTED_VALUE"""),"외식/배달") -> 외식/배달 | AF76: =IFERROR(__xludf.DUMMYFUNCTION("""COMPUTED_VALUE"""),"기타") -> 기타
H77: 45693 | I77: 🐻생필품 | J77: 소모품 | K77: 6400 | L77: 🐻하나카드 | N77: 칫솔, 치약 | AB77: =IFERROR(__xludf.DUMMYFUNCTION("FILTER('설정시트'!$D$7:$K$20,'설정시트'!$C$7:$C$20=I77)"),"주방/욕실") -> 주방/욕실 | AC77: =IFERROR(__xludf.DUMMYFUNCTION("""COMPUTED_VALUE"""),"소모품") -> 소모품 | AD77: =IFERROR(__xludf.DUMMYFUNCTION("""COMPUTED_VALUE"""),"기타") -> 기타
H78: 45693 | I78: 🍪고정비 | J78: 보험료 | K78: 1050790 | L78: 🍪현대카드 | N78: DB 손해보험 | R78: 60230원 반환 | AB78: =IFERROR(__xludf.DUMMYFUNCTION("FILTER('설정시트'!$D$7:$K$20,'설정시트'!$C$7:$C$20=I78)"),"관리비") -> 관리비 | AC78: =IFERROR(__xludf.DUMMYFUNCTION("""COMPUTED_VALUE"""),"월세") -> 월세 | AD78: =IFERROR(__xludf.DUMMYFUNCTION("""COMPUTED_VALUE"""),"대출이자") -> 대출이자 | AE78: =IFERROR(__xludf.DUMMYFUNCTION("""COMPUTED_VALUE"""),"통신비") -> 통신비 | AF78: =IFERROR(__xludf.DUMMYFUNCTION("""COMPUTED_VALUE"""),"보험료") -> 보험료 | AH78: =IFERROR(__xludf.DUMMYFUNCTION("""COMPUTED_VALUE"""),"곗돈") -> 곗돈
H79: 45693 | I79: 🍪식비 | J79: 외식/배달 | K79: 18400 | L79: 🍪국민카드 | N79: 쿠팡이츠 - 마녀김밥 | AB79: =IFERROR(__xludf.DUMMYFUNCTION("FILTER('설정시트'!$D$7:$K$20,'설정시트'!$C$7:$C$20=I79)"),"식재료비") -> 식재료비 | AC79: =IFERROR(__xludf.DUMMYFUNCTION("""COMPUTED_VALUE"""),"회사점심") -> 회사점심 | AD79: =IFERROR(__xludf.DUMMYFUNCTION("""COMPUTED_VALUE"""),"간식/카페") -> 간식/카페 | AE79: =IFERROR(__xludf.DUMMYFUNCTION("""COMPUTED_VALUE"""),"외식/배달") -> 외식/배달 | AF79: =IFERROR(__xludf.DUMMYFUNCTION("""COMPUTED_VALUE"""),"기타") -> 기타
H80: 45693 | I80: 🍪식비 | J80: 식재료비 | K80: 35810 | L80: 🍪국민카드 | N80: 쿠팡 - 땅콩버터, 양파, 마늘, 당근, 맛소금 | AB80: =IFERROR(__xludf.DUMMYFUNCTION("FILTER('설정시트'!$D$7:$K$20,'설정시트'!$C$7:$C$20=I80)"),"식재료비") -> 식재료비 | AC80: =IFERROR(__xludf.DUMMYFUNCTION("""COMPUTED_VALUE"""),"회사점심") -> 회사점심 | AD80: =IFERROR(__xludf.DUMMYFUNCTION("""COMPUTED_VALUE"""),"간식/카페") -> 간식/카페 | AE80: =IFERROR(__xludf.DUMMYFUNCTION("""COMPUTED_VALUE"""),"외식/배달") -> 외식/배달 | AF80: =IFERROR(__xludf.DUMMYFUNCTION("""COMPUTED_VALUE"""),"기타") -> 기타
H81: 45693 | I81: 🐻 이벤트성 | J81: 생신/생일선물 | K81: 94400 | L81: 🐻하나카드 | N81: KTX 용산/여수 | AB81: =IFERROR(__xludf.DUMMYFUNCTION("FILTER('설정시트'!$D$7:$K$20,'설정시트'!$C$7:$C$20=I81)"),"축의/부의금") -> 축의/부의금 | AC81: =IFERROR(__xludf.DUMMYFUNCTION("""COMPUTED_VALUE"""),"생신/생일선물") -> 생신/생일선물 | AD81: =IFERROR(__xludf.DUMMYFUNCTION("""COMPUTED_VALUE"""),"명절/어버이날") -> 명절/어버이날 | AE81: =IFERROR(__xludf.DUMMYFUNCTION("""COMPUTED_VALUE"""),"여행") -> 여행 | AF81: =IFERROR(__xludf.DUMMYFUNCTION("""COMPUTED_VALUE"""),"기타") -> 기타 | AG81: =IFERROR(__xludf.DUMMYFUNCTION("""COMPUTED_VALUE"""),"출산") -> 출산
H82: 45693 | I82: 🐻고정비 | J82: 관리비 | K82: 150370 | L82: 🐻현금/이체 | N82: 24년 12월 관리비 | AB82: =IFERROR(__xludf.DUMMYFUNCTION("FILTER('설정시트'!$D$7:$K$20,'설정시트'!$C$7:$C$20=I82)"),"관리비") -> 관리비 | AC82: =IFERROR(__xludf.DUMMYFUNCTION("""COMPUTED_VALUE"""),"대출이자") -> 대출이자 | AD82: =IFERROR(__xludf.DUMMYFUNCTION("""COMPUTED_VALUE"""),"통신비") -> 통신비 | AE82: =IFERROR(__xludf.DUMMYFUNCTION("""COMPUTED_VALUE"""),"보험료") -> 보험료 | AF82: =IFERROR(__xludf.DUMMYFUNCTION("""COMPUTED_VALUE"""),"곗돈") -> 곗돈
H83: 45693 | I83: 수입 | J83: 기타 | K83: 22120 | N83: DB 손보 반환 (블랙박스,어라운드 특약) | AB83: =IFERROR(__xludf.DUMMYFUNCTION("FILTER('설정시트'!$D$7:$K$20,'설정시트'!$C$7:$C$20=I83)"),"🍪 월급") -> 🍪 월급 | AC83: =IFERROR(__xludf.DUMMYFUNCTION("""COMPUTED_VALUE"""),"🍪 부수입") -> 🍪 부수입 | AD83: =IFERROR(__xludf.DUMMYFUNCTION("""COMPUTED_VALUE"""),"🐻 월급") -> 🐻 월급 | AE83: =IFERROR(__xludf.DUMMYFUNCTION("""COMPUTED_VALUE"""),"🐻 부수입") -> 🐻 부수입 | AF83: =IFERROR(__xludf.DUMMYFUNCTION("""COMPUTED_VALUE"""),"기타") -> 기타
H84: 45694 | I84: 🐻식비 | J84: 회사점심 | K84: 14500 | L84: 🐻하나카드 | N84: 백소정 - 메밀소바 + 돈까스 | AB84: =IFERROR(__xludf.DUMMYFUNCTION("FILTER('설정시트'!$D$7:$K$20,'설정시트'!$C$7:$C$20=I84)"),"식재료비") -> 식재료비 | AC84: =IFERROR(__xludf.DUMMYFUNCTION("""COMPUTED_VALUE"""),"회사점심") -> 회사점심 | AD84: =IFERROR(__xludf.DUMMYFUNCTION("""COMPUTED_VALUE"""),"간식/카페") -> 간식/카페 | AE84: =IFERROR(__xludf.DUMMYFUNCTION("""COMPUTED_VALUE"""),"외식/배달") -> 외식/배달 | AF84: =IFERROR(__xludf.DUMMYFUNCTION("""COMPUTED_VALUE"""),"기타") -> 기타
H85: 45694 | I85: 🐻식비 | J85: 기타 | K85: 3900 | L85: 🐻하나카드 | N85: ? | AB85: =IFERROR(__xludf.DUMMYFUNCTION("FILTER('설정시트'!$D$7:$K$20,'설정시트'!$C$7:$C$20=I85)"),"식재료비") -> 식재료비 | AC85: =IFERROR(__xludf.DUMMYFUNCTION("""COMPUTED_VALUE"""),"회사점심") -> 회사점심 | AD85: =IFERROR(__xludf.DUMMYFUNCTION("""COMPUTED_VALUE"""),"간식/카페") -> 간식/카페 | AE85: =IFERROR(__xludf.DUMMYFUNCTION("""COMPUTED_VALUE"""),"외식/배달") -> 외식/배달 | AF85: =IFERROR(__xludf.DUMMYFUNCTION("""COMPUTED_VALUE"""),"기타") -> 기타
H86: 45694 | I86: 🍪생필품 | J86: 주방/욕실 | K86: 4000 | L86: 🍪현대카드 | N86: 다이소 | AB86: =IFERROR(__xludf.DUMMYFUNCTION("FILTER('설정시트'!$D$7:$K$20,'설정시트'!$C$7:$C$20=I86)"),"주방/욕실") -> 주방/욕실 | AC86: =IFERROR(__xludf.DUMMYFUNCTION("""COMPUTED_VALUE"""),"소모품") -> 소모품 | AD86: =IFERROR(__xludf.DUMMYFUNCTION("""COMPUTED_VALUE"""),"기타") -> 기타
H87: 45695 | I87: 🐻고정비 | J87: 통신비 | K87: 3300 | L87: 🐻체크카드(현영) | N87: 애플 클라우드 | AB87: =IFERROR(__xludf.DUMMYFUNCTION("FILTER('설정시트'!$D$7:$K$20,'설정시트'!$C$7:$C$20=I87)"),"관리비") -> 관리비 | AC87: =IFERROR(__xludf.DUMMYFUNCTION("""COMPUTED_VALUE"""),"대출이자") -> 대출이자 | AD87: =IFERROR(__xludf.DUMMYFUNCTION("""COMPUTED_VALUE"""),"통신비") -> 통신비 | AE87: =IFERROR(__xludf.DUMMYFUNCTION("""COMPUTED_VALUE"""),"보험료") -> 보험료 | AF87: =IFERROR(__xludf.DUMMYFUNCTION("""COMPUTED_VALUE"""),"곗돈") -> 곗돈
H88: 45695 | I88: 🍪식비 | J88: 외식/배달 | K88: 28100 | L88: 🍪국민카드 | N88: 쿠팡이츠 샹궈 | AB88: =IFERROR(__xludf.DUMMYFUNCTION("FILTER('설정시트'!$D$7:$K$20,'설정시트'!$C$7:$C$20=I88)"),"식재료비") -> 식재료비 | AC88: =IFERROR(__xludf.DUMMYFUNCTION("""COMPUTED_VALUE"""),"회사점심") -> 회사점심 | AD88: =IFERROR(__xludf.DUMMYFUNCTION("""COMPUTED_VALUE"""),"간식/카페") -> 간식/카페 | AE88: =IFERROR(__xludf.DUMMYFUNCTION("""COMPUTED_VALUE"""),"외식/배달") -> 외식/배달 | AF88: =IFERROR(__xludf.DUMMYFUNCTION("""COMPUTED_VALUE"""),"기타") -> 기타
H89: 45695 | I89: 🍪생필품 | J89: 주방/욕실 | K89: 9000 | L89: 🍪현금/이체 | N89: 당근-재활용비닐 | AB89: =IFERROR(__xludf.DUMMYFUNCTION("FILTER('설정시트'!$D$7:$K$20,'설정시트'!$C$7:$C$20=I89)"),"주방/욕실") -> 주방/욕실 | AC89: =IFERROR(__xludf.DUMMYFUNCTION("""COMPUTED_VALUE"""),"소모품") -> 소모품 | AD89: =IFERROR(__xludf.DUMMYFUNCTION("""COMPUTED_VALUE"""),"기타") -> 기타
H90: 45695 | I90: 수입 | J90: 기타 | K90: 60230 | N90: DB 손보 반환 (경력인정) | AB90: =IFERROR(__xludf.DUMMYFUNCTION("FILTER('설정시트'!$D$7:$K$20,'설정시트'!$C$7:$C$20=I90)"),"🍪 월급") -> 🍪 월급 | AC90: =IFERROR(__xludf.DUMMYFUNCTION("""COMPUTED_VALUE"""),"🍪 부수입") -> 🍪 부수입 | AD90: =IFERROR(__xludf.DUMMYFUNCTION("""COMPUTED_VALUE"""),"🐻 월급") -> 🐻 월급 | AE90: =IFERROR(__xludf.DUMMYFUNCTION("""COMPUTED_VALUE"""),"🐻 부수입") -> 🐻 부수입 | AF90: =IFERROR(__xludf.DUMMYFUNCTION("""COMPUTED_VALUE"""),"기타") -> 기타
H91: 45695 | I91: 🍪고정비 | J91: 월세 | K91: 400000 | L91: 🍪현금/이체 | N91: 1월 월세 | AB91: =IFERROR(__xludf.DUMMYFUNCTION("FILTER('설정시트'!$D$7:$K$20,'설정시트'!$C$7:$C$20=I91)"),"관리비") -> 관리비 | AC91: =IFERROR(__xludf.DUMMYFUNCTION("""COMPUTED_VALUE"""),"월세") -> 월세 | AD91: =IFERROR(__xludf.DUMMYFUNCTION("""COMPUTED_VALUE"""),"대출이자") -> 대출이자 | AE91: =IFERROR(__xludf.DUMMYFUNCTION("""COMPUTED_VALUE"""),"통신비") -> 통신비 | AF91: =IFERROR(__xludf.DUMMYFUNCTION("""COMPUTED_VALUE"""),"보험료") -> 보험료 | AH91: =IFERROR(__xludf.DUMMYFUNCTION("""COMPUTED_VALUE"""),"곗돈") -> 곗돈
H92: 45696 | I92: 🐻 이벤트성 | J92: 생신/생일선물 | K92: 94400 | L92: 🐻하나카드 | N92: KTX 여수/용산 | AB92: =IFERROR(__xludf.DUMMYFUNCTION("FILTER('설정시트'!$D$7:$K$20,'설정시트'!$C$7:$C$20=I92)"),"축의/부의금") -> 축의/부의금 | AC92: =IFERROR(__xludf.DUMMYFUNCTION("""COMPUTED_VALUE"""),"생신/생일선물") -> 생신/생일선물 | AD92: =IFERROR(__xludf.DUMMYFUNCTION("""COMPUTED_VALUE"""),"명절/어버이날") -> 명절/어버이날 | AE92: =IFERROR(__xludf.DUMMYFUNCTION("""COMPUTED_VALUE"""),"여행") -> 여행 | AF92: =IFERROR(__xludf.DUMMYFUNCTION("""COMPUTED_VALUE"""),"기타") -> 기타 | AG92: =IFERROR(__xludf.DUMMYFUNCTION("""COMPUTED_VALUE"""),"출산") -> 출산
H93: 45696 | I93: 🍪이벤트성 | J93: 기타 | K93: 18700 | L93: 🍪국민카드 | N93: 용산역 빵 선물 | AB93: =IFERROR(__xludf.DUMMYFUNCTION("FILTER('설정시트'!$D$7:$K$20,'설정시트'!$C$7:$C$20=I93)"),"축의/부의금") -> 축의/부의금 | AC93: =IFERROR(__xludf.DUMMYFUNCTION("""COMPUTED_VALUE"""),"생신/생일선물") -> 생신/생일선물 | AD93: =IFERROR(__xludf.DUMMYFUNCTION("""COMPUTED_VALUE"""),"명절/어버이날") -> 명절/어버이날 | AE93: =IFERROR(__xludf.DUMMYFUNCTION("""COMPUTED_VALUE"""),"여행") -> 여행 | AF93: =IFERROR(__xludf.DUMMYFUNCTION("""COMPUTED_VALUE"""),"기타") -> 기타 | AG93: =IFERROR(__xludf.DUMMYFUNCTION("""COMPUTED_VALUE"""),"출산") -> 출산
H94: 45696 | I94: 🍪이벤트성 | J94: 기타 | K94: 3578990 | N94: 오토클릭 서비스 (대행) | R94: 취등록세, 공채(매도), 등록면허세, 중지대, 인지세 | AB94: =IFERROR(__xludf.DUMMYFUNCTION("FILTER('설정시트'!$D$7:$K$20,'설정시트'!$C$7:$C$20=I94)"),"축의/부의금") -> 축의/부의금 | AC94: =IFERROR(__xludf.DUMMYFUNCTION("""COMPUTED_VALUE"""),"생신/생일선물") -> 생신/생일선물 | AD94: =IFERROR(__xludf.DUMMYFUNCTION("""COMPUTED_VALUE"""),"명절/어버이날") -> 명절/어버이날 | AE94: =IFERROR(__xludf.DUMMYFUNCTION("""COMPUTED_VALUE"""),"여행") -> 여행 | AF94: =IFERROR(__xludf.DUMMYFUNCTION("""COMPUTED_VALUE"""),"기타") -> 기타 | AG94: =IFERROR(__xludf.DUMMYFUNCTION("""COMPUTED_VALUE"""),"출산") -> 출산
H95: 45698 | I95: 🐻고정비 | J95: 통신비 | K95: 65750 | L95: 🐻하나카드 | N95: 핸드폰 요금(할인 예정) | AB95: =IFERROR(__xludf.DUMMYFUNCTION("FILTER('설정시트'!$D$7:$K$20,'설정시트'!$C$7:$C$20=I95)"),"관리비") -> 관리비 | AC95: =IFERROR(__xludf.DUMMYFUNCTION("""COMPUTED_VALUE"""),"대출이자") -> 대출이자 | AD95: =IFERROR(__xludf.DUMMYFUNCTION("""COMPUTED_VALUE"""),"통신비") -> 통신비 | AE95: =IFERROR(__xludf.DUMMYFUNCTION("""COMPUTED_VALUE"""),"보험료") -> 보험료 | AF95: =IFERROR(__xludf.DUMMYFUNCTION("""COMPUTED_VALUE"""),"곗돈") -> 곗돈
H96: 45698 | I96: 🐻식비 | J96: 간식/카페 | K96: 2000 | L96: 🐻하나카드 | N96: 메가커피 | AB96: =IFERROR(__xludf.DUMMYFUNCTION("FILTER('설정시트'!$D$7:$K$20,'설정시트'!$C$7:$C$20=I96)"),"식재료비") -> 식재료비 | AC96: =IFERROR(__xludf.DUMMYFUNCTION("""COMPUTED_VALUE"""),"회사점심") -> 회사점심 | AD96: =IFERROR(__xludf.DUMMYFUNCTION("""COMPUTED_VALUE"""),"간식/카페") -> 간식/카페 | AE96: =IFERROR(__xludf.DUMMYFUNCTION("""COMPUTED_VALUE"""),"외식/배달") -> 외식/배달 | AF96: =IFERROR(__xludf.DUMMYFUNCTION("""COMPUTED_VALUE"""),"기타") -> 기타
H97: 45698 | I97: 🐻기타 | J97: 기타 | K97: 1200 | L97: 🐻하나카드 | N97: 인감증명서 2통 | AB97: =IFERROR(__xludf.DUMMYFUNCTION("FILTER('설정시트'!$D$7:$K$20,'설정시트'!$C$7:$C$20=I97)"),"약국") -> 약국 | AC97: =IFERROR(__xludf.DUMMYFUNCTION("""COMPUTED_VALUE"""),"병원비") -> 병원비 | AD97: =IFERROR(__xludf.DUMMYFUNCTION("""COMPUTED_VALUE"""),"영양제") -> 영양제 | AE97: =IFERROR(__xludf.DUMMYFUNCTION("""COMPUTED_VALUE"""),"교통비") -> 교통비 | AF97: =IFERROR(__xludf.DUMMYFUNCTION("""COMPUTED_VALUE"""),"주유비") -> 주유비 | AH97: =IFERROR(__xludf.DUMMYFUNCTION("""COMPUTED_VALUE"""),"기타") -> 기타
H98: 45698 | I98: 🐻고정비 | J98: 곗돈 | K98: 50000 | L98: 🐻현금/이체 | N98: 여수 곗돈 | AB98: =IFERROR(__xludf.DUMMYFUNCTION("FILTER('설정시트'!$D$7:$K$20,'설정시트'!$C$7:$C$20=I98)"),"관리비") -> 관리비 | AC98: =IFERROR(__xludf.DUMMYFUNCTION("""COMPUTED_VALUE"""),"대출이자") -> 대출이자 | AD98: =IFERROR(__xludf.DUMMYFUNCTION("""COMPUTED_VALUE"""),"통신비") -> 통신비 | AE98: =IFERROR(__xludf.DUMMYFUNCTION("""COMPUTED_VALUE"""),"보험료") -> 보험료 | AF98: =IFERROR(__xludf.DUMMYFUNCTION("""COMPUTED_VALUE"""),"곗돈") -> 곗돈
H99: 45698 | I99: 🍪고정비 | J99: 통신비 | K99: 18540 | L99: 🍪현대카드 | N99: 핸드폰 요금 (회사 할인예정) | AB99: =IFERROR(__xludf.DUMMYFUNCTION("FILTER('설정시트'!$D$7:$K$20,'설정시트'!$C$7:$C$20=I99)"),"관리비") -> 관리비 | AC99: =IFERROR(__xludf.DUMMYFUNCTION("""COMPUTED_VALUE"""),"월세") -> 월세 | AD99: =IFERROR(__xludf.DUMMYFUNCTION("""COMPUTED_VALUE"""),"대출이자") -> 대출이자 | AE99: =IFERROR(__xludf.DUMMYFUNCTION("""COMPUTED_VALUE"""),"통신비") -> 통신비 | AF99: =IFERROR(__xludf.DUMMYFUNCTION("""COMPUTED_VALUE"""),"보험료") -> 보험료 | AH99: =IFERROR(__xludf.DUMMYFUNCTION("""COMPUTED_VALUE"""),"곗돈") -> 곗돈
H100: 45698 | I100: 🍪고정비 | J100: 통신비 | K100: 93060 | L100: 🍪국민카드 | N100: 엘지유플-인터넷요금 + 이전설치비 | AB100: =IFERROR(__xludf.DUMMYFUNCTION("FILTER('설정시트'!$D$7:$K$20,'설정시트'!$C$7:$C$20=I100)"),"관리비") -> 관리비 | AC100: =IFERROR(__xludf.DUMMYFUNCTION("""COMPUTED_VALUE"""),"월세") -> 월세 | AD100: =IFERROR(__xludf.DUMMYFUNCTION("""COMPUTED_VALUE"""),"대출이자") -> 대출이자 | AE100: =IFERROR(__xludf.DUMMYFUNCTION("""COMPUTED_VALUE"""),"통신비") -> 통신비 | AF100: =IFERROR(__xludf.DUMMYFUNCTION("""COMPUTED_VALUE"""),"보험료") -> 보험료 | AH100: =IFERROR(__xludf.DUMMYFUNCTION("""COMPUTED_VALUE"""),"곗돈") -> 곗돈
H101: 45698 | I101: 🍪생필품 | J101: 주방/욕실 | K101: 14000 | L101: 🍪현금/이체 | N101: 당근-라벨지 | AB101: =IFERROR(__xludf.DUMMYFUNCTION("FILTER('설정시트'!$D$7:$K$20,'설정시트'!$C$7:$C$20=I101)"),"주방/욕실") -> 주방/욕실 | AC101: =IFERROR(__xludf.DUMMYFUNCTION("""COMPUTED_VALUE"""),"소모품") -> 소모품 | AD101: =IFERROR(__xludf.DUMMYFUNCTION("""COMPUTED_VALUE"""),"기타") -> 기타
H102: 45700 | I102: 🍪식비 | J102: 회사점심 | K102: 42600 | L102: 🍪기업카드 | N102: 쿠팡이츠 샐러드 | R102: 30000원 받음 | AB102: =IFERROR(__xludf.DUMMYFUNCTION("FILTER('설정시트'!$D$7:$K$20,'설정시트'!$C$7:$C$20=I102)"),"식재료비") -> 식재료비 | AC102: =IFERROR(__xludf.DUMMYFUNCTION("""COMPUTED_VALUE"""),"회사점심") -> 회사점심 | AD102: =IFERROR(__xludf.DUMMYFUNCTION("""COMPUTED_VALUE"""),"간식/카페") -> 간식/카페 | AE102: =IFERROR(__xludf.DUMMYFUNCTION("""COMPUTED_VALUE"""),"외식/배달") -> 외식/배달 | AF102: =IFERROR(__xludf.DUMMYFUNCTION("""COMPUTED_VALUE"""),"기타") -> 기타
H103: 45700 | I103: 수입 | J103: 기타 | K103: 21600 | N103: 수산대전 환불 | AB103: =IFERROR(__xludf.DUMMYFUNCTION("FILTER('설정시트'!$D$7:$K$20,'설정시트'!$C$7:$C$20=I103)"),"🍪 월급") -> 🍪 월급 | AC103: =IFERROR(__xludf.DUMMYFUNCTION("""COMPUTED_VALUE"""),"🍪 부수입") -> 🍪 부수입 | AD103: =IFERROR(__xludf.DUMMYFUNCTION("""COMPUTED_VALUE"""),"🐻 월급") -> 🐻 월급 | AE103: =IFERROR(__xludf.DUMMYFUNCTION("""COMPUTED_VALUE"""),"🐻 부수입") -> 🐻 부수입 | AF103: =IFERROR(__xludf.DUMMYFUNCTION("""COMPUTED_VALUE"""),"기타") -> 기타
H104: 45700 | I104: 수입 | J104: 기타 | K104: 642225 | N104: 오토클릭서비스 대행 반환 | AB104: =IFERROR(__xludf.DUMMYFUNCTION("FILTER('설정시트'!$D$7:$K$20,'설정시트'!$C$7:$C$20=I104)"),"🍪 월급") -> 🍪 월급 | AC104: =IFERROR(__xludf.DUMMYFUNCTION("""COMPUTED_VALUE"""),"🍪 부수입") -> 🍪 부수입 | AD104: =IFERROR(__xludf.DUMMYFUNCTION("""COMPUTED_VALUE"""),"🐻 월급") -> 🐻 월급 | AE104: =IFERROR(__xludf.DUMMYFUNCTION("""COMPUTED_VALUE"""),"🐻 부수입") -> 🐻 부수입 | AF104: =IFERROR(__xludf.DUMMYFUNCTION("""COMPUTED_VALUE"""),"기타") -> 기타
H105: 45701 | I105: 🐻기타 | J105: 주유비 | K105: 50000 | L105: 🐻하나카드 | AB105: =IFERROR(__xludf.DUMMYFUNCTION("FILTER('설정시트'!$D$7:$K$20,'설정시트'!$C$7:$C$20=I105)"),"약국") -> 약국 | AC105: =IFERROR(__xludf.DUMMYFUNCTION("""COMPUTED_VALUE"""),"병원비") -> 병원비 | AD105: =IFERROR(__xludf.DUMMYFUNCTION("""COMPUTED_VALUE"""),"영양제") -> 영양제 | AE105: =IFERROR(__xludf.DUMMYFUNCTION("""COMPUTED_VALUE"""),"교통비") -> 교통비 | AF105: =IFERROR(__xludf.DUMMYFUNCTION("""COMPUTED_VALUE"""),"주유비") -> 주유비 | AH105: =IFERROR(__xludf.DUMMYFUNCTION("""COMPUTED_VALUE"""),"기타") -> 기타
H106: 45701 | I106: 🐻식비 | J106: 간식/카페 | K106: 1000 | L106: 🐻현금/이체 | N106: 붕어빵 | AB106: =IFERROR(__xludf.DUMMYFUNCTION("FILTER('설정시트'!$D$7:$K$20,'설정시트'!$C$7:$C$20=I106)"),"식재료비") -> 식재료비 | AC106: =IFERROR(__xludf.DUMMYFUNCTION("""COMPUTED_VALUE"""),"회사점심") -> 회사점심 | AD106: =IFERROR(__xludf.DUMMYFUNCTION("""COMPUTED_VALUE"""),"간식/카페") -> 간식/카페 | AE106: =IFERROR(__xludf.DUMMYFUNCTION("""COMPUTED_VALUE"""),"외식/배달") -> 외식/배달 | AF106: =IFERROR(__xludf.DUMMYFUNCTION("""COMPUTED_VALUE"""),"기타") -> 기타
H107: 45701 | I107: 🐻여가비 | J107: 문화생활 | K107: 200000 | L107: 🐻전통시장(제로페이) | N107: 서울사랑상품권 20만원, 두루미 마사지 | AB107: =IFERROR(__xludf.DUMMYFUNCTION("FILTER('설정시트'!$D$7:$K$20,'설정시트'!$C$7:$C$20=I107)"),"의류/잡화") -> 의류/잡화 | AC107: =IFERROR(__xludf.DUMMYFUNCTION("""COMPUTED_VALUE"""),"OTT") -> OTT | AD107: =IFERROR(__xludf.DUMMYFUNCTION("""COMPUTED_VALUE"""),"문화생활") -> 문화생활 | AE107: =IFERROR(__xludf.DUMMYFUNCTION("""COMPUTED_VALUE"""),"자기계발") -> 자기계발 | AF107: =IFERROR(__xludf.DUMMYFUNCTION("""COMPUTED_VALUE"""),"미용") -> 미용 | AH107: =IFERROR(__xludf.DUMMYFUNCTION("""COMPUTED_VALUE"""),"기타") -> 기타
H108: 45701 | I108: 🍪식비 | J108: 회사점심 | K108: 13000 | L108: 🍪기업카드 | N108: 옥토끼 | AB108: =IFERROR(__xludf.DUMMYFUNCTION("FILTER('설정시트'!$D$7:$K$20,'설정시트'!$C$7:$C$20=I108)"),"식재료비") -> 식재료비 | AC108: =IFERROR(__xludf.DUMMYFUNCTION("""COMPUTED_VALUE"""),"회사점심") -> 회사점심 | AD108: =IFERROR(__xludf.DUMMYFUNCTION("""COMPUTED_VALUE"""),"간식/카페") -> 간식/카페 | AE108: =IFERROR(__xludf.DUMMYFUNCTION("""COMPUTED_VALUE"""),"외식/배달") -> 외식/배달 | AF108: =IFERROR(__xludf.DUMMYFUNCTION("""COMPUTED_VALUE"""),"기타") -> 기타
H109: 45701 | I109: 🍪식비 | J109: 외식/배달 | K109: 25600 | L109: 🍪기업카드 | N109: 타코 | AB109: =IFERROR(__xludf.DUMMYFUNCTION("FILTER('설정시트'!$D$7:$K$20,'설정시트'!$C$7:$C$20=I109)"),"식재료비") -> 식재료비 | AC109: =IFERROR(__xludf.DUMMYFUNCTION("""COMPUTED_VALUE"""),"회사점심") -> 회사점심 | AD109: =IFERROR(__xludf.DUMMYFUNCTION("""COMPUTED_VALUE"""),"간식/카페") -> 간식/카페 | AE109: =IFERROR(__xludf.DUMMYFUNCTION("""COMPUTED_VALUE"""),"외식/배달") -> 외식/배달 | AF109: =IFERROR(__xludf.DUMMYFUNCTION("""COMPUTED_VALUE"""),"기타") -> 기타
H110: 45701 | I110: 🍪기타 | J110: 영양제 | K110: 15780 | L110: 🍪기업카드 | N110: 쿠팡 엽산 | AB110: =IFERROR(__xludf.DUMMYFUNCTION("FILTER('설정시트'!$D$7:$K$20,'설정시트'!$C$7:$C$20=I110)"),"약국") -> 약국 | AC110: =IFERROR(__xludf.DUMMYFUNCTION("""COMPUTED_VALUE"""),"병원비") -> 병원비 | AD110: =IFERROR(__xludf.DUMMYFUNCTION("""COMPUTED_VALUE"""),"영양제") -> 영양제 | AE110: =IFERROR(__xludf.DUMMYFUNCTION("""COMPUTED_VALUE"""),"교통비") -> 교통비 | AF110: =IFERROR(__xludf.DUMMYFUNCTION("""COMPUTED_VALUE"""),"주유비") -> 주유비 | AH110: =IFERROR(__xludf.DUMMYFUNCTION("""COMPUTED_VALUE"""),"기타") -> 기타
H111: 45702 | I111: 🐻기타 | J111: 병원비 | K111: 5500 | L111: 🐻하나카드 | N111: 이비인후과 | AB111: =IFERROR(__xludf.DUMMYFUNCTION("FILTER('설정시트'!$D$7:$K$20,'설정시트'!$C$7:$C$20=I111)"),"약국") -> 약국 | AC111: =IFERROR(__xludf.DUMMYFUNCTION("""COMPUTED_VALUE"""),"병원비") -> 병원비 | AD111: =IFERROR(__xludf.DUMMYFUNCTION("""COMPUTED_VALUE"""),"영양제") -> 영양제 | AE111: =IFERROR(__xludf.DUMMYFUNCTION("""COMPUTED_VALUE"""),"교통비") -> 교통비 | AF111: =IFERROR(__xludf.DUMMYFUNCTION("""COMPUTED_VALUE"""),"주유비") -> 주유비 | AH111: =IFERROR(__xludf.DUMMYFUNCTION("""COMPUTED_VALUE"""),"기타") -> 기타
...

Sheet 3월
C3: 2025 | D3: 3
E8: 결제수단 | F8: 금액 | R8: S | S8: M | T8: T | U8: W | V8: T | W8: F | X8: S | Y8: 누적 | AB8: 대분류 | AC8: 합계
E9: 🍪체크카드(현영) | F9: =SUMIFS($K$62:$K$500,$L$62:$L$500,E9,$I$62:$I$500,"<>수입",$I$62:$I$500,"<>저축") -> 0 | R9: =DATE($C$3,$D$3,1)-WEEKDAY(DATE($C$3,$D$3,1))+1 -> 45711 | S9: =R9 + 1 -> 45712 | T9: =S9 + 1 -> 45713 | U9: =T9 + 1 -> 45714 | V9: =U9 + 1 -> 45715 | W9: =V9 + 1 -> 45716 | X9: =W9 + 1 -> 45717 | AB9: =$H$25 -> 🍪고정비 | AC9: =$K$31 -> 606561 | AD9: =_xlfn.RANK.EQ(AC9,$AB$9:$AC$20,0) + ROW(AB1)/10000 -> 4.0001 | AE9: =SMALL($AD$9:$AD$20, ROW(AB1)) -> 1.0005 | AF9: =INDEX($AB$9:$AB$20,MATCH(AE9,$AD$9:$AD$20,0)) -> 🍪식비 | AG9: =INDEX($AC$9:$AC$20,MATCH(AE9,$AD$9:$AD$20,0)) -> 1159150
E10: 🍪현금/이체 | F10: =SUMIFS($K$62:$K$500,$L$62:$L$500,E10,$I$62:$I$500,"<>수입",$I$62:$I$500,"<>저축") -> 344011 | R10: =SUMIFS($K$62:$K$500,$H$62:$H$500,R9,$I$62:$I$500,"<>수입",$I$62:$I$500,"<>저축") -> 0 | S10: =SUMIFS($K$62:$K$500,$H$62:$H$500,S9,$I$62:$I$500,"<>수입",$I$62:$I$500,"<>저축") -> 0 | T10: =SUMIFS($K$62:$K$500,$H$62:$H$500,T9,$I$62:$I$500,"<>수입",$I$62:$I$500,"<>저축") -> 0 | U10: =SUMIFS($K$62:$K$500,$H$62:$H$500,U9,$I$62:$I$500,"<>수입",$I$62:$I$500,"<>저축") -> 0 | V10: =SUMIFS($K$62:$K$500,$H$62:$H$500,V9,$I$62:$I$500,"<>수입",$I$62:$I$500,"<>저축") -> 0 | W10: =SUMIFS($K$62:$K$500,$H$62:$H$500,W9,$I$62:$I$500,"<>수입",$I$62:$I$500,"<>저축") -> 0 | X10: =SUMIFS($K$62:$K$500,$H$62:$H$500,X9,$I$62:$I$500,"<>수입",$I$62:$I$500,"<>저축") -> 294450 | Y10: =SUM(R10:X10) -> 294450 | AB10: =$H$33 -> 🐻고정비 | AC10: =$K$39 -> 641030 | AD10: =_xlfn.RANK.EQ(AC10,$AB$9:$AC$20,0) + ROW(AB2)/10000 -> 3.0002 | AE10: =SMALL($AD$9:$AD$20, ROW(AB2)) -> 2.0003 | AF10: =INDEX($AB$9:$AB$20,MATCH(AE10,$AD$9:$AD$20,0)) -> 🍪생필품 | AG10: =INDEX($AC$9:$AC$20,MATCH(AE10,$AD$9:$AD$20,0)) -> 691611
C11: 항목 | D11: 금액 | E11: 🍪전통시장(제로페이) | F11: =SUMIFS($K$62:$K$500,$L$62:$L$500,E11,$I$62:$I$500,"<>수입",$I$62:$I$500,"<>저축") -> 0 | R11: =R9 + 7 -> 45718 | S11: =S9 + 7 -> 45719 | T11: =T9 + 7 -> 45720 | U11: =U9 + 7 -> 45721 | V11: =V9 + 7 -> 45722 | W11: =W9 + 7 -> 45723 | X11: =X9 + 7 -> 45724 | AB11: =$H$41 -> 🍪생필품 | AC11: =$K$47 -> 691611 | AD11: =_xlfn.RANK.EQ(AC11,$AB$9:$AC$20,0) + ROW(AB3)/10000 -> 2.0003 | AE11: =SMALL($AD$9:$AD$20, ROW(AB3)) -> 3.0002 | AF11: =INDEX($AB$9:$AB$20,MATCH(AE11,$AD$9:$AD$20,0)) -> 🐻고정비 | AG11: =INDEX($AC$9:$AC$20,MATCH(AE11,$AD$9:$AD$20,0)) -> 641030
C12: 총수입 | D12: =F33 -> 14040178 | E12: 🍪현대카드 | F12: =SUMIFS($K$62:$K$500,$L$62:$L$500,E12,$I$62:$I$500,"<>수입",$I$62:$I$500,"<>저축") -> 1404975 | R12: =SUMIFS($K$62:$K$500,$H$62:$H$500,R11,$I$62:$I$500,"<>수입",$I$62:$I$500,"<>저축") -> 124900 | S12: =SUMIFS($K$62:$K$500,$H$62:$H$500,S11,$I$62:$I$500,"<>수입",$I$62:$I$500,"<>저축") -> 26500 | T12: =SUMIFS($K$62:$K$500,$H$62:$H$500,T11,$I$62:$I$500,"<>수입",$I$62:$I$500,"<>저축") -> 39483 | U12: =SUMIFS($K$62:$K$500,$H$62:$H$500,U11,$I$62:$I$500,"<>수입",$I$62:$I$500,"<>저축") -> 135300 | V12: =SUMIFS($K$62:$K$500,$H$62:$H$500,V11,$I$62:$I$500,"<>수입",$I$62:$I$500,"<>저축") -> 61240 | W12: =SUMIFS($K$62:$K$500,$H$62:$H$500,W11,$I$62:$I$500,"<>수입",$I$62:$I$500,"<>저축") -> 91900 | X12: =SUMIFS($K$62:$K$500,$H$62:$H$500,X11,$I$62:$I$500,"<>수입",$I$62:$I$500,"<>저축") -> 85242 | Y12: =SUM(R12:X12) -> 564565 | AB12: =$H$49 -> 🐻생필품 | AC12: =$K$55 -> 41400 | AD12: =_xlfn.RANK.EQ(AC12,$AB$9:$AC$20,0) + ROW(AB4)/10000 -> 12.0004 | AE12: =SMALL($AD$9:$AD$20, ROW(AB4)) -> 4.0001 | AF12: =INDEX($AB$9:$AB$20,MATCH(AE12,$AD$9:$AD$20,0)) -> 🍪고정비 | AG12: =INDEX($AC$9:$AC$20,MATCH(AE12,$AD$9:$AD$20,0)) -> 606561
E13: 🍪국민카드 | F13: =SUMIFS($K$62:$K$500,$L$62:$L$500,E13,$I$62:$I$500,"<>수입",$I$62:$I$500,"<>저축") -> 1573528 | R13: =R11+7 -> 45725 | S13: =S11+7 -> 45726 | T13: =T11+7 -> 45727 | U13: =U11+7 -> 45728 | V13: =V11+7 -> 45729 | W13: =W11+7 -> 45730 | X13: =X11+7 -> 45731 | AB13: =$M$25 -> 🍪식비 | AC13: =$P$31 -> 1159150 | AD13: =_xlfn.RANK.EQ(AC13,$AB$9:$AC$20,0) + ROW(AB5)/10000 -> 1.0005 | AE13: =SMALL($AD$9:$AD$20, ROW(AB5)) -> 5.0007 | AF13: =INDEX($AB$9:$AB$20,MATCH(AE13,$AD$9:$AD$20,0)) -> 🍪여가비 | AG13: =INDEX($AC$9:$AC$20,MATCH(AE13,$AD$9:$AD$20,0)) -> 541092
C14: 총지출 | D14: =SUM($K$31+$K$39+$K$47+$K$55+$P$31+$P$39+$P$47+$P$55+X31+X39+X47+X55) -> 4871796 | E14: 🍪기업카드 | F14: =SUMIFS($K$62:$K$500,$L$62:$L$500,E14,$I$62:$I$500,"<>수입",$I$62:$I$500,"<>저축") -> 0 | R14: =SUMIFS($K$62:$K$500,$H$62:$H$500,R13,$I$62:$I$500,"<>수입",$I$62:$I$500,"<>저축") -> 0 | S14: =SUMIFS($K$62:$K$500,$H$62:$H$500,S13,$I$62:$I$500,"<>수입",$I$62:$I$500,"<>저축") -> 383050 | T14: =SUMIFS($K$62:$K$500,$H$62:$H$500,T13,$I$62:$I$500,"<>수입",$I$62:$I$500,"<>저축") -> 431650 | U14: =SUMIFS($K$62:$K$500,$H$62:$H$500,U13,$I$62:$I$500,"<>수입",$I$62:$I$500,"<>저축") -> 7330 | V14: =SUMIFS($K$62:$K$500,$H$62:$H$500,V13,$I$62:$I$500,"<>수입",$I$62:$I$500,"<>저축") -> 99400 | W14: =SUMIFS($K$62:$K$500,$H$62:$H$500,W13,$I$62:$I$500,"<>수입",$I$62:$I$500,"<>저축") -> 26700 | X14: =SUMIFS($K$62:$K$500,$H$62:$H$500,X13,$I$62:$I$500,"<>수입",$I$62:$I$500,"<>저축") -> 213550 | Y14: =SUM(R14:X14) -> 1161680 | AB14: =$M$33 -> 🐻식비 | AC14: =$P$39 -> 353752 | AD14: =_xlfn.RANK.EQ(AC14,$AB$9:$AC$20,0) + ROW(AB6)/10000 -> 7.0006 | AE14: =SMALL($AD$9:$AD$20, ROW(AB6)) -> 6.0008 | AF14: =INDEX($AB$9:$AB$20,MATCH(AE14,$AD$9:$AD$20,0)) -> 🐻여가비 | AG14: =INDEX($AC$9:$AC$20,MATCH(AE14,$AD$9:$AD$20,0)) -> 420100
E15: 🍪하나카드 | F15: =SUMIFS($K$62:$K$500,$L$62:$L$500,E15,$I$62:$I$500,"<>수입",$I$62:$I$500,"<>저축") -> 210000 | R15: =R13+7 -> 45732 | S15: =S13+7 -> 45733 | T15: =T13+7 -> 45734 | U15: =U13+7 -> 45735 | V15: =V13+7 -> 45736 | W15: =W13+7 -> 45737 | X15: =X13+7 -> 45738 | AB15: =$M$41 -> 🍪여가비 | AC15: =$P$47 -> 541092 | AD15: =_xlfn.RANK.EQ(AC15,$AB$9:$AC$20,0) + ROW(AB7)/10000 -> 5.0007 | AE15: =SMALL($AD$9:$AD$20, ROW(AB7)) -> 7.0006 | AF15: =INDEX($AB$9:$AB$20,MATCH(AE15,$AD$9:$AD$20,0)) -> 🐻식비 | AG15: =INDEX($AC$9:$AC$20,MATCH(AE15,$AD$9:$AD$20,0)) -> 353752
C16: 총저축 | D16: =F43 -> 0 | E16: 🐻체크카드(현영) | F16: =SUMIFS($K$62:$K$500,$L$62:$L$500,E16,$I$62:$I$500,"<>수입",$I$62:$I$500,"<>저축") -> 47560 | H16: 이벤트 | R16: =SUMIFS($K$62:$K$500,$H$62:$H$500,R15,$I$62:$I$500,"<>수입",$I$62:$I$500,"<>저축") -> 52630 | S16: =SUMIFS($K$62:$K$500,$H$62:$H$500,S15,$I$62:$I$500,"<>수입",$I$62:$I$500,"<>저축") -> 565518 | T16: =SUMIFS($K$62:$K$500,$H$62:$H$500,T15,$I$62:$I$500,"<>수입",$I$62:$I$500,"<>저축") -> 283810 | U16: =SUMIFS($K$62:$K$500,$H$62:$H$500,U15,$I$62:$I$500,"<>수입",$I$62:$I$500,"<>저축") -> 2800 | V16: =SUMIFS($K$62:$K$500,$H$62:$H$500,V15,$I$62:$I$500,"<>수입",$I$62:$I$500,"<>저축") -> 206512 | W16: =SUMIFS($K$62:$K$500,$H$62:$H$500,W15,$I$62:$I$500,"<>수입",$I$62:$I$500,"<>저축") -> 304290 | X16: =SUMIFS($K$62:$K$500,$H$62:$H$500,X15,$I$62:$I$500,"<>수입",$I$62:$I$500,"<>저축") -> 459320 | Y16: =SUM(R16:X16) -> 1874880 | AB16: =$M$49 -> 🐻여가비 | AC16: =$P$55 -> 420100 | AD16: =_xlfn.RANK.EQ(AC16,$AB$9:$AC$20,0) + ROW(AB8)/10000 -> 6.0008 | AE16: =SMALL($AD$9:$AD$20, ROW(AB8)) -> 8.0009 | AF16: =INDEX($AB$9:$AB$20,MATCH(AE16,$AD$9:$AD$20,0)) -> 🍪기타 | AG16: =INDEX($AC$9:$AC$20,MATCH(AE16,$AD$9:$AD$20,0)) -> 204300
E17: 🐻현금/이체 | F17: =SUMIFS($K$62:$K$500,$L$62:$L$500,E17,$I$62:$I$500,"<>수입",$I$62:$I$500,"<>저축") -> 302680 | R17: =R15+7 -> 45739 | S17: =S15+7 -> 45740 | T17: =T15+7 -> 45741 | U17: =U15+7 -> 45742 | V17: =V15+7 -> 45743 | W17: =W15+7 -> 45744 | X17: =X15+7 -> 45745 | AB17: =$R$25 -> 🍪기타 | AC17: =$X$31 -> 204300 | AD17: =_xlfn.RANK.EQ(AC17,$AB$9:$AC$20,0) + ROW(AB9)/10000 -> 8.0009 | AE17: =SMALL($AD$9:$AD$20, ROW(AB9)) -> 9.0011 | AF17: =INDEX($AB$9:$AB$20,MATCH(AE17,$AD$9:$AD$20,0)) -> 🍪이벤트성 | AG17: =INDEX($AC$9:$AC$20,MATCH(AE17,$AD$9:$AD$20,0)) -> 105800
C18: 잉여현금 | D18: =D12-D14-D16 -> 9168382 | E18: 🐻전통시장(제로페이) | F18: =SUMIFS($K$62:$K$500,$L$62:$L$500,E18,$I$62:$I$500,"<>수입",$I$62:$I$500,"<>저축") -> 0 | R18: =SUMIFS($K$62:$K$500,$H$62:$H$500,R17,$I$62:$I$500,"<>수입",$I$62:$I$500,"<>저축") -> 73400 | S18: =SUMIFS($K$62:$K$500,$H$62:$H$500,S17,$I$62:$I$500,"<>수입",$I$62:$I$500,"<>저축") -> 277611 | T18: =SUMIFS($K$62:$K$500,$H$62:$H$500,T17,$I$62:$I$500,"<>수입",$I$62:$I$500,"<>저축") -> 557010 | U18: =SUMIFS($K$62:$K$500,$H$62:$H$500,U17,$I$62:$I$500,"<>수입",$I$62:$I$500,"<>저축") -> 19800 | V18: =SUMIFS($K$62:$K$500,$H$62:$H$500,V17,$I$62:$I$500,"<>수입",$I$62:$I$500,"<>저축") -> 12500 | W18: =SUMIFS($K$62:$K$500,$H$62:$H$500,W17,$I$62:$I$500,"<>수입",$I$62:$I$500,"<>저축") -> 162010 | X18: =SUMIFS($K$62:$K$500,$H$62:$H$500,X17,$I$62:$I$500,"<>수입",$I$62:$I$500,"<>저축") -> 13500 | Y18: =SUM(R18:X18) -> 1115831 | AB18: =$R$33 -> 🐻기타 | AC18: =$X$39 -> 51500 | AD18: =_xlfn.RANK.EQ(AC18,$AB$9:$AC$20,0) + ROW(AB10)/10000 -> 11.001 | AE18: =SMALL($AD$9:$AD$20, ROW(AB10)) -> 10.0012 | AF18: =INDEX($AB$9:$AB$20,MATCH(AE18,$AD$9:$AD$20,0)) -> 🐻 이벤트성 | AG18: =INDEX($AC$9:$AC$20,MATCH(AE18,$AD$9:$AD$20,0)) -> 55500
C19: 총저축률 | D19: =(D16+D18)/D12 -> 0.65301038 | E19: 🐻하나카드 | F19: =SUMIFS($K$62:$K$500,$L$62:$L$500,E19,$I$62:$I$500,"<>수입",$I$62:$I$500,"<>저축") -> 1213042 | R19: =R17+7 -> 45746 | S19: =S17+7 -> 45747 | T19: =T17+7 -> 45748 | U19: =U17+7 -> 45749 | V19: =V17+7 -> 45750 | W19: =W17+7 -> 45751 | X19: =X17+7 -> 45752 | AB19: =$R$41 -> 🍪이벤트성 | AC19: =$X$47 -> 105800 | AD19: =_xlfn.RANK.EQ(AC19,$AB$9:$AC$20,0) + ROW(AB11)/10000 -> 9.0011 | AE19: =SMALL($AD$9:$AD$20, ROW(AB11)) -> 11.001 | AF19: =INDEX($AB$9:$AB$20,MATCH(AE19,$AD$9:$AD$20,0)) -> 🐻기타 | AG19: =INDEX($AC$9:$AC$20,MATCH(AE19,$AD$9:$AD$20,0)) -> 51500
C20: 현금저축률 | D20: =D18/D12 -> 0.65301038 | E20: 🐻현백카드 | F20: =SUM($F$9:$F$19) -> 5095796 | R20: =SUMIFS($K$62:$K$500,$H$62:$H$500,R19,$I$62:$I$500,"<>수입",$I$62:$I$500,"<>저축") -> 0 | S20: =SUMIFS($K$62:$K$500,$H$62:$H$500,S19,$I$62:$I$500,"<>수입",$I$62:$I$500,"<>저축") -> 84390 | T20: =SUMIFS($K$62:$K$500,$H$62:$H$500,T19,$I$62:$I$500,"<>수입",$I$62:$I$500,"<>저축") -> 0 | U20: =SUMIFS($K$62:$K$500,$H$62:$H$500,U19,$I$62:$I$500,"<>수입",$I$62:$I$500,"<>저축") -> 0 | V20: =SUMIFS($K$62:$K$500,$H$62:$H$500,V19,$I$62:$I$500,"<>수입",$I$62:$I$500,"<>저축") -> 0 | W20: =SUMIFS($K$62:$K$500,$H$62:$H$500,W19,$I$62:$I$500,"<>수입",$I$62:$I$500,"<>저축") -> 0 | X20: =SUMIFS($K$62:$K$500,$H$62:$H$500,X19,$I$62:$I$500,"<>수입",$I$62:$I$500,"<>저축") -> 0 | Y20: =SUM(R20:X20) -> 84390 | AB20: =$R$49 -> 🐻 이벤트성 | AC20: =$X$55 -> 55500 | AD20: =_xlfn.RANK.EQ(AC20,$AB$9:$AC$20,0) + ROW(AB12)/10000 -> 10.0012 | AE20: =SMALL($AD$9:$AD$20, ROW(AB12)) -> 12.0004 | AF20: =INDEX($AB$9:$AB$20,MATCH(AE20,$AD$9:$AD$20,0)) -> 🐻생필품 | AG20: =INDEX($AC$9:$AC$20,MATCH(AE20,$AD$9:$AD$20,0)) -> 41400
E21: 🐻국민카드
C24: 대분류 | D24: 소분류 | E24: 목표 | F24: 합계 | H24: 대분류 | I24: 소분류 | J24: 예산 | K24: 합계 | M24: 대분류 | N24: 소분류 | O24: 예산 | P24: 합계 | R24: 대분류 | T24: 소분류 | V24: 예산 | X24: 합계
C25: 수입 | D25: 🍪 월급 | F25: =SUMIFS($K$62:$K$500,$I$62:$I$500,$C$25,$J$62:$J$500,D25) -> 3297040 | H25: 🍪고정비 | I25: 관리비 | K25: =SUMIFS($K$62:$K$500,$I$62:$I$500,$H$25,$J$62:$J$500,I25) -> 0 | M25: 🍪식비 | N25: 식재료비 | P25: =SUMIFS($K$62:$K$500,$I$62:$I$500,$M$25,$J$62:$J$500,N25) -> 568550 | R25: 🍪기타 | T25: 약국 | X25: =SUMIFS($K$62:$K$500,$I$62:$I$500,$R$25,$J$62:$J$500,T25) -> 20200
D26: 🍪 부수입 | F26: =SUMIFS($K$62:$K$500,$I$62:$I$500,$C$25,$J$62:$J$500,D26) -> 0 | I26: 월세 | K26: =SUMIFS($K$62:$K$500,$I$62:$I$500,$H$25,$J$62:$J$500,I26) -> 400000 | N26: 회사점심 | P26: =SUMIFS($K$62:$K$500,$I$62:$I$500,$M$25,$J$62:$J$500,N26) -> 120100 | T26: 병원비 | X26: =SUMIFS($K$62:$K$500,$I$62:$I$500,$R$25,$J$62:$J$500,T26) -> 152000
D27: 🐻 월급 | F27: =SUMIFS($K$62:$K$500,$I$62:$I$500,$C$25,$J$62:$J$500,D27) -> 0 | I27: 대출이자 | K27: =SUMIFS($K$62:$K$500,$I$62:$I$500,$H$25,$J$62:$J$500,I27) -> 145511 | N27: 간식/카페 | P27: =SUMIFS($K$62:$K$500,$I$62:$I$500,$M$25,$J$62:$J$500,N27) -> 33200 | T27: 영양제 | X27: =SUMIFS($K$62:$K$500,$I$62:$I$500,$R$25,$J$62:$J$500,T27) -> 27600
D28: 🐻 부수입 | F28: =SUMIFS($K$62:$K$500,$I$62:$I$500,$C$25,$J$62:$J$500,D28) -> 0 | I28: 통신비 | K28: =SUMIFS($K$62:$K$500,$I$62:$I$500,$H$25,$J$62:$J$500,I28) -> 61050 | N28: 외식/배달 | P28: =SUMIFS($K$62:$K$500,$I$62:$I$500,$M$25,$J$62:$J$500,N28) -> 437300 | T28: 교통비 | X28: =SUMIFS($K$62:$K$500,$I$62:$I$500,$R$25,$J$62:$J$500,T28) -> 4500
D29: 기타 | F29: =SUMIFS($K$62:$K$500,$I$62:$I$500,$C$25,$J$62:$J$500,D29) -> 10743138 | I29: 보험료 | K29: =SUMIFS($K$62:$K$500,$I$62:$I$500,$H$25,$J$62:$J$500,I29) -> 0 | N29: 기타 | P29: =SUMIFS($K$62:$K$500,$I$62:$I$500,$M$25,$J$62:$J$500,N29) -> 0 | T29: 주유비 | X29: =SUMIFS($K$62:$K$500,$I$62:$I$500,$R$25,$J$62:$J$500,T29) -> 0
F30: =SUMIFS($K$62:$K$500,$I$62:$I$500,$C$25,$J$62:$J$500,D30) -> 0 | K30: =SUMIFS($K$62:$K$500,$I$62:$I$500,$H$25,$J$62:$J$500,I30) -> 0 | P30: =SUMIFS($K$62:$K$500,$I$62:$I$500,$M$25,$J$62:$J$500,N30) -> 0 | X30: =SUMIFS($K$62:$K$500,$I$62:$I$500,$R$25,$J$62:$J$500,T30) -> 0
F31: =SUMIFS($K$62:$K$500,$I$62:$I$500,$C$25,$J$62:$J$500,D31) -> 0 | H31: =IF(H25=0,"","총"&H25) -> 총🍪고정비 | K31: =SUM(K25:K30) -> 606561 | M31: =IF(M25=0,"","총"&M25) -> 총🍪식비 | P31: =SUM(P25:P30) -> 1159150 | R31: =IF(R25=0,"","총"&R25) -> 총🍪기타 | X31: =SUM(X25:X30) -> 204300
F32: =SUMIFS($K$62:$K$500,$I$62:$I$500,$C$25,$J$62:$J$500,D32) -> 0 | K32: =K31-J25 -> 606561 | P32: =P31-O25 -> 1159150 | X32: =X31-V25 -> 204300
C33: =IF(C25=0,"","총"&C25) -> 총수입 | F33: =SUM(F25:F32) -> 14040178 | H33: 🐻고정비 | I33: 관리비 | K33: =SUMIFS($K$62:$K$500,$I$62:$I$500,$H$33,$J$62:$J$500,I33) -> 319300 | M33: 🐻식비 | N33: 식재료비 | P33: =SUMIFS($K$62:$K$500,$I$62:$I$500,$M$33,$J$62:$J$500,N33) -> 178452 | R33: 🐻기타 | T33: 약국 | X33: =SUMIFS($K$62:$K$500,$I$62:$I$500,$R$33,$J$62:$J$500,T33) -> 0
F34: =F33-E25 -> 14040178 | I34: 대출이자 | K34: =SUMIFS($K$62:$K$500,$I$62:$I$500,$H$33,$J$62:$J$500,I34) -> 0 | N34: 회사점심 | P34: =SUMIFS($K$62:$K$500,$I$62:$I$500,$M$33,$J$62:$J$500,N34) -> 0 | T34: 병원비 | X34: =SUMIFS($K$62:$K$500,$I$62:$I$500,$R$33,$J$62:$J$500,T34) -> 0
C35: 저축 | D35: 주택청약 | F35: =SUMIFS($K$62:$K$500,$I$62:$I$500,$C$35,$J$62:$J$500,D35) -> 0 | I35: 통신비 | K35: =SUMIFS($K$62:$K$500,$I$62:$I$500,$H$33,$J$62:$J$500,I35) -> 69050 | N35: 간식/카페 | P35: =SUMIFS($K$62:$K$500,$I$62:$I$500,$M$33,$J$62:$J$500,N35) -> 45600 | T35: 영양제 | X35: =SUMIFS($K$62:$K$500,$I$62:$I$500,$R$33,$J$62:$J$500,T35) -> 0
D36: 우리은행 | F36: =SUMIFS($K$62:$K$500,$I$62:$I$500,$C$35,$J$62:$J$500,D36) -> 0 | I36: 보험료 | K36: =SUMIFS($K$62:$K$500,$I$62:$I$500,$H$33,$J$62:$J$500,I36) -> 172680 | N36: 외식/배달 | P36: =SUMIFS($K$62:$K$500,$I$62:$I$500,$M$33,$J$62:$J$500,N36) -> 129700 | T36: 교통비 | X36: =SUMIFS($K$62:$K$500,$I$62:$I$500,$R$33,$J$62:$J$500,T36) -> 1500
D37: 케이뱅크 | F37: =SUMIFS($K$62:$K$500,$I$62:$I$500,$C$35,$J$62:$J$500,D37) -> 0 | I37: 곗돈 | K37: =SUMIFS($K$62:$K$500,$I$62:$I$500,$H$33,$J$62:$J$500,I37) -> 80000 | N37: 기타 | P37: =SUMIFS($K$62:$K$500,$I$62:$I$500,$M$33,$J$62:$J$500,N37) -> 0 | T37: 주유비 | X37: =SUMIFS($K$62:$K$500,$I$62:$I$500,$R$33,$J$62:$J$500,T37) -> 50000
D38: 연금저축 | F38: =SUMIFS($K$62:$K$500,$I$62:$I$500,$C$35,$J$62:$J$500,D38) -> 0 | K38: =SUMIFS($K$62:$K$500,$I$62:$I$500,$H$33,$J$62:$J$500,I38) -> 0 | P38: =SUMIFS($K$62:$K$500,$I$62:$I$500,$M$33,$J$62:$J$500,N38) -> 0 | X38: =SUMIFS($K$62:$K$500,$I$62:$I$500,$R$33,$J$62:$J$500,T38) -> 0
F39: =SUMIFS($K$62:$K$500,$I$62:$I$500,$C$35,$J$62:$J$500,D39) -> 0 | H39: =IF(H33=0,"","총"&H33) -> 총🐻고정비 | K39: =SUM(K33:K38) -> 641030 | M39: =IF(M33=0,"","총"&M33) -> 총🐻식비 | P39: =SUM(P33:P38) -> 353752 | R39: =IF(R33=0,"","총"&R33) -> 총🐻기타 | X39: =SUM(X33:X38) -> 51500
F40: =SUMIFS($K$62:$K$500,$I$62:$I$500,$C$35,$J$62:$J$500,D40) -> 0 | K40: =K39-J33 -> 641030 | P40: =P39-O33 -> 353752 | X40: =X39-V33 -> 51500
F41: =SUMIFS($K$62:$K$500,$I$62:$I$500,$C$35,$J$62:$J$500,D41) -> 0 | H41: 🍪생필품 | I41: 주방/욕실 | K41: =SUMIFS($K$62:$K$500,$I$62:$I$500,$H$41,$J$62:$J$500,I41) -> 526633 | M41: 🍪여가비 | N41: 의류/잡화 | P41: =SUMIFS($K$62:$K$500,$I$62:$I$500,$M$41,$J$62:$J$500,N41) -> 260000 | R41: 🍪이벤트성 | T41: 축의/부의금 | X41: =SUMIFS($K$62:$K$500,$I$62:$I$500,$R$41,$J$62:$J$500,T41) -> 50000
F42: =SUMIFS($K$62:$K$500,$I$62:$I$500,$C$35,$J$62:$J$500,D42) -> 0 | I42: 소모품 | K42: =SUMIFS($K$62:$K$500,$I$62:$I$500,$H$41,$J$62:$J$500,I42) -> 140708 | N42: OTT | P42: =SUMIFS($K$62:$K$500,$I$62:$I$500,$M$41,$J$62:$J$500,N42) -> 7890 | T42: 생신/생일선물 | X42: =SUMIFS($K$62:$K$500,$I$62:$I$500,$R$41,$J$62:$J$500,T42) -> 0
C43: =IF(C35=0,"","총"&C35) -> 총저축 | F43: =SUM(F35:F42) -> 0 | I43: 기타 | K43: =SUMIFS($K$62:$K$500,$I$62:$I$500,$H$41,$J$62:$J$500,I43) -> 24270 | N43: 문화생활 | P43: =SUMIFS($K$62:$K$500,$I$62:$I$500,$M$41,$J$62:$J$500,N43) -> 0 | T43: 명절/어버이날 | X43: =SUMIFS($K$62:$K$500,$I$62:$I$500,$R$41,$J$62:$J$500,T43) -> 0
F44: =F43-E35 -> 0 | K44: =SUMIFS($K$62:$K$500,$I$62:$I$500,$H$41,$J$62:$J$500,I44) -> 0 | N44: 자기계발 | P44: =SUMIFS($K$62:$K$500,$I$62:$I$500,$M$41,$J$62:$J$500,N44) -> 0 | T44: 여행 | X44: =SUMIFS($K$62:$K$500,$I$62:$I$500,$R$41,$J$62:$J$500,T44) -> 0
K45: =SUMIFS($K$62:$K$500,$I$62:$I$500,$H$41,$J$62:$J$500,I45) -> 0 | N45: 미용 | P45: =SUMIFS($K$62:$K$500,$I$62:$I$500,$M$41,$J$62:$J$500,N45) -> 273202 | T45: 기타 | X45: =SUMIFS($K$62:$K$500,$I$62:$I$500,$R$41,$J$62:$J$500,T45) -> 55800
K46: =SUMIFS($K$62:$K$500,$I$62:$I$500,$H$41,$J$62:$J$500,I46) -> 0 | P46: =SUMIFS($K$62:$K$500,$I$62:$I$500,$M$41,$J$62:$J$500,N46) -> 0 | T46: 출산 | X46: =SUMIFS($K$62:$K$500,$I$62:$I$500,$R$41,$J$62:$J$500,T46) -> 0
H47: =IF(H41=0,"","총"&H41) -> 총🍪생필품 | K47: =SUM(K41:K46) -> 691611 | M47: =IF(M41=0,"","총"&M41) -> 총🍪여가비 | P47: =SUM(P41:P46) -> 541092 | R47: =IF(R41=0,"","총"&R41) -> 총🍪이벤트성 | X47: =SUM(X41:X46) -> 105800
K48: =K47-J41 -> 691611 | P48: =P47-O41 -> 541092 | X48: =X47-V41 -> 105800
H49: 🐻생필품 | I49: 주방/욕실 | K49: =SUMIFS($K$62:$K$500,$I$62:$I$500,$H$49,$J$62:$J$500,I49) -> 0 | M49: 🐻여가비 | N49: 의류/잡화 | P49: =SUMIFS($K$62:$K$500,$I$62:$I$500,$M$49,$J$62:$J$500,N49) -> 400000 | R49: 🐻 이벤트성 | T49: 축의/부의금 | X49: =SUMIFS($K$62:$K$500,$I$62:$I$500,$R$49,$J$62:$J$500,T49) -> 50000
I50: 소모품 | K50: =SUMIFS($K$62:$K$500,$I$62:$I$500,$H$49,$J$62:$J$500,I50) -> 41400 | N50: OTT | P50: =SUMIFS($K$62:$K$500,$I$62:$I$500,$M$49,$J$62:$J$500,N50) -> 0 | T50: 생신/생일선물 | X50: =SUMIFS($K$62:$K$500,$I$62:$I$500,$R$49,$J$62:$J$500,T50) -> 0
I51: 기타 | K51: =SUMIFS($K$62:$K$500,$I$62:$I$500,$H$49,$J$62:$J$500,I51) -> 0 | N51: 문화생활 | P51: =SUMIFS($K$62:$K$500,$I$62:$I$500,$M$49,$J$62:$J$500,N51) -> 0 | T51: 명절/어버이날 | X51: =SUMIFS($K$62:$K$500,$I$62:$I$500,$R$49,$J$62:$J$500,T51) -> 0
K52: =SUMIFS($K$62:$K$500,$I$62:$I$500,$H$49,$J$62:$J$500,I52) -> 0 | N52: 자기계발 | P52: =SUMIFS($K$62:$K$500,$I$62:$I$500,$M$49,$J$62:$J$500,N52) -> 0 | T52: 여행 | X52: =SUMIFS($K$62:$K$500,$I$62:$I$500,$R$49,$J$62:$J$500,T52) -> 5500
K53: =SUMIFS($K$62:$K$500,$I$62:$I$500,$H$49,$J$62:$J$500,I53) -> 0 | N53: 미용 | P53: =SUMIFS($K$62:$K$500,$I$62:$I$500,$M$49,$J$62:$J$500,N53) -> 20100 | T53: 기타 | X53: =SUMIFS($K$62:$K$500,$I$62:$I$500,$R$49,$J$62:$J$500,T53) -> 0
K54: =SUMIFS($K$62:$K$500,$I$62:$I$500,$H$49,$J$62:$J$500,I54) -> 0 | P54: =SUMIFS($K$62:$K$500,$I$62:$I$500,$M$49,$J$62:$J$500,N54) -> 0 | T54: 출산 | X54: =SUMIFS($K$62:$K$500,$I$62:$I$500,$R$49,$J$62:$J$500,T54) -> 0
H55: =IF(H49=0,"","총"&H49) -> 총🐻생필품 | K55: =SUM(K49:K54) -> 41400 | M55: =IF(M49=0,"","총"&M49) -> 총🐻여가비 | P55: =SUM(P49:P54) -> 420100 | R55: =IF(R49=0,"","총"&R49) -> 총🐻 이벤트성 | X55: =SUM(X49:X54) -> 55500
K56: =K55-J49 -> 41400 | P56: =P55-O49 -> 420100 | X56: =X55-V49 -> 55500
V60: 지출예산 | X60: =SUM(J49,J41,J33,J25,O25,O33,O41,O49,V49,V41,V33,V25) -> 0
H61: 날짜 | I61: 대분류 | J61: 소분류 | K61: 금액 | L61: 결제수단 | N61: 세부사항 | R61: 비고 | V61: 잔여예산 | X61: =X60-SUM($K$31+$K$39+$K$47+$K$55+$P$31+$P$39+$P$47+$P$55+$X$31+$X$39+$X$47+$X$55) -> -4871796
H62: 45717 | I62: 🐻고정비 | J62: 보험료 | K62: 84670 | L62: 🐻현금/이체 | N62: 건강보험료(지역가입자, 2월) | AB62: =IFERROR(__xludf.DUMMYFUNCTION("FILTER('설정시트'!$D$7:$L$20,'설정시트'!$C$7:$C$20=I62)"),"관리비") -> 관리비 | AC62: =IFERROR(__xludf.DUMMYFUNCTION("""COMPUTED_VALUE"""),"대출이자") -> 대출이자 | AD62: =IFERROR(__xludf.DUMMYFUNCTION("""COMPUTED_VALUE"""),"통신비") -> 통신비 | AE62: =IFERROR(__xludf.DUMMYFUNCTION("""COMPUTED_VALUE"""),"보험료") -> 보험료 | AF62: =IFERROR(__xludf.DUMMYFUNCTION("""COMPUTED_VALUE"""),"곗돈") -> 곗돈
H63: 45717 | I63: 🐻식비 | J63: 식재료비 | K63: 29400 | L63: 🐻하나카드 | N63: 형부떡볶이 | AB63: =IFERROR(__xludf.DUMMYFUNCTION("FILTER('설정시트'!$D$7:$L$20,'설정시트'!$C$7:$C$20=I63)"),"식재료비") -> 식재료비 | AC63: =IFERROR(__xludf.DUMMYFUNCTION("""COMPUTED_VALUE"""),"회사점심") -> 회사점심 | AD63: =IFERROR(__xludf.DUMMYFUNCTION("""COMPUTED_VALUE"""),"간식/카페") -> 간식/카페 | AE63: =IFERROR(__xludf.DUMMYFUNCTION("""COMPUTED_VALUE"""),"외식/배달") -> 외식/배달 | AF63: =IFERROR(__xludf.DUMMYFUNCTION("""COMPUTED_VALUE"""),"기타") -> 기타
H64: 45717 | I64: 🐻생필품 | J64: 소모품 | K64: 7000 | L64: 🐻하나카드 | N64: 다이소 | AB64: =IFERROR(__xludf.DUMMYFUNCTION("FILTER('설정시트'!$D$7:$L$20,'설정시트'!$C$7:$C$20=I64)"),"주방/욕실") -> 주방/욕실 | AC64: =IFERROR(__xludf.DUMMYFUNCTION("""COMPUTED_VALUE"""),"소모품") -> 소모품 | AD64: =IFERROR(__xludf.DUMMYFUNCTION("""COMPUTED_VALUE"""),"기타") -> 기타
H65: 45717 | I65: 🐻생필품 | J65: 소모품 | K65: 400 | L65: 🐻하나카드 | N65: 다이소 - 봉투 | AB65: =IFERROR(__xludf.DUMMYFUNCTION("FILTER('설정시트'!$D$7:$L$20,'설정시트'!$C$7:$C$20=I65)"),"주방/욕실") -> 주방/욕실 | AC65: =IFERROR(__xludf.DUMMYFUNCTION("""COMPUTED_VALUE"""),"소모품") -> 소모품 | AD65: =IFERROR(__xludf.DUMMYFUNCTION("""COMPUTED_VALUE"""),"기타") -> 기타
H66: 45717 | I66: 🍪식비 | J66: 식재료비 | K66: =115910 -> 115910 | L66: 🍪현대카드 | N66: 코스트코 | AB66: =IFERROR(__xludf.DUMMYFUNCTION("FILTER('설정시트'!$D$7:$L$20,'설정시트'!$C$7:$C$20=I66)"),"식재료비") -> 식재료비 | AC66: =IFERROR(__xludf.DUMMYFUNCTION("""COMPUTED_VALUE"""),"회사점심") -> 회사점심 | AD66: =IFERROR(__xludf.DUMMYFUNCTION("""COMPUTED_VALUE"""),"간식/카페") -> 간식/카페 | AE66: =IFERROR(__xludf.DUMMYFUNCTION("""COMPUTED_VALUE"""),"외식/배달") -> 외식/배달 | AF66: =IFERROR(__xludf.DUMMYFUNCTION("""COMPUTED_VALUE"""),"기타") -> 기타
H67: 45717 | I67: 🍪식비 | J67: 외식/배달 | K67: 12700 | L67: 🍪현대카드 | N67: 코스트코 - 베이글, 떡볶이 | AB67: =IFERROR(__xludf.DUMMYFUNCTION("FILTER('설정시트'!$D$7:$L$20,'설정시트'!$C$7:$C$20=I67)"),"식재료비") -> 식재료비 | AC67: =IFERROR(__xludf.DUMMYFUNCTION("""COMPUTED_VALUE"""),"회사점심") -> 회사점심 | AD67: =IFERROR(__xludf.DUMMYFUNCTION("""COMPUTED_VALUE"""),"간식/카페") -> 간식/카페 | AE67: =IFERROR(__xludf.DUMMYFUNCTION("""COMPUTED_VALUE"""),"외식/배달") -> 외식/배달 | AF67: =IFERROR(__xludf.DUMMYFUNCTION("""COMPUTED_VALUE"""),"기타") -> 기타
H68: 45717 | I68: 🍪기타 | J68: 교통비 | K68: =1500+3000 -> 4500 | L68: 🍪현대카드 | N68: 지하철 버스 | AB68: =IFERROR(__xludf.DUMMYFUNCTION("FILTER('설정시트'!$D$7:$L$20,'설정시트'!$C$7:$C$20=I68)"),"약국") -> 약국 | AC68: =IFERROR(__xludf.DUMMYFUNCTION("""COMPUTED_VALUE"""),"병원비") -> 병원비 | AD68: =IFERROR(__xludf.DUMMYFUNCTION("""COMPUTED_VALUE"""),"영양제") -> 영양제 | AE68: =IFERROR(__xludf.DUMMYFUNCTION("""COMPUTED_VALUE"""),"교통비") -> 교통비 | AF68: =IFERROR(__xludf.DUMMYFUNCTION("""COMPUTED_VALUE"""),"주유비") -> 주유비 | AH68: =IFERROR(__xludf.DUMMYFUNCTION("""COMPUTED_VALUE"""),"기타") -> 기타
H69: 45717 | I69: 🍪식비 | J69: 외식/배달 | K69: 31000 | L69: 🍪국민카드 | N69: 쿠팡이츠 - 닭도리탕 | AB69: =IFERROR(__xludf.DUMMYFUNCTION("FILTER('설정시트'!$D$7:$L$20,'설정시트'!$C$7:$C$20=I69)"),"식재료비") -> 식재료비 | AC69: =IFERROR(__xludf.DUMMYFUNCTION("""COMPUTED_VALUE"""),"회사점심") -> 회사점심 | AD69: =IFERROR(__xludf.DUMMYFUNCTION("""COMPUTED_VALUE"""),"간식/카페") -> 간식/카페 | AE69: =IFERROR(__xludf.DUMMYFUNCTION("""COMPUTED_VALUE"""),"외식/배달") -> 외식/배달 | AF69: =IFERROR(__xludf.DUMMYFUNCTION("""COMPUTED_VALUE"""),"기타") -> 기타
H70: 45717 | I70: 🍪생필품 | J70: 소모품 | K70: 8870 | L70: 🍪국민카드 | N70: 쿠팡 - 섬유유연제 | AB70: =IFERROR(__xludf.DUMMYFUNCTION("FILTER('설정시트'!$D$7:$L$20,'설정시트'!$C$7:$C$20=I70)"),"주방/욕실") -> 주방/욕실 | AC70: =IFERROR(__xludf.DUMMYFUNCTION("""COMPUTED_VALUE"""),"소모품") -> 소모품 | AD70: =IFERROR(__xludf.DUMMYFUNCTION("""COMPUTED_VALUE"""),"기타") -> 기타
H71: 45717 | I71: 수입 | J71: 기타 | K71: 31000 | N71: 곗돈에서 받음 | AB71: =IFERROR(__xludf.DUMMYFUNCTION("FILTER('설정시트'!$D$7:$L$20,'설정시트'!$C$7:$C$20=I71)"),"🍪 월급") -> 🍪 월급 | AC71: =IFERROR(__xludf.DUMMYFUNCTION("""COMPUTED_VALUE"""),"🍪 부수입") -> 🍪 부수입 | AD71: =IFERROR(__xludf.DUMMYFUNCTION("""COMPUTED_VALUE"""),"🐻 월급") -> 🐻 월급 | AE71: =IFERROR(__xludf.DUMMYFUNCTION("""COMPUTED_VALUE"""),"🐻 부수입") -> 🐻 부수입 | AF71: =IFERROR(__xludf.DUMMYFUNCTION("""COMPUTED_VALUE"""),"기타") -> 기타
H72: 45718 | I72: 수입 | J72: 기타 | K72: 70000 | N72: 실내자전거 | AB72: =IFERROR(__xludf.DUMMYFUNCTION("FILTER('설정시트'!$D$7:$L$20,'설정시트'!$C$7:$C$20=I72)"),"🍪 월급") -> 🍪 월급 | AC72: =IFERROR(__xludf.DUMMYFUNCTION("""COMPUTED_VALUE"""),"🍪 부수입") -> 🍪 부수입 | AD72: =IFERROR(__xludf.DUMMYFUNCTION("""COMPUTED_VALUE"""),"🐻 월급") -> 🐻 월급 | AE72: =IFERROR(__xludf.DUMMYFUNCTION("""COMPUTED_VALUE"""),"🐻 부수입") -> 🐻 부수입 | AF72: =IFERROR(__xludf.DUMMYFUNCTION("""COMPUTED_VALUE"""),"기타") -> 기타
H73: 45718 | I73: 수입 | J73: 기타 | K73: 60000 | N73: 족발(보선), 피자(여수) 음식값 | AB73: =IFERROR(__xludf.DUMMYFUNCTION("FILTER('설정시트'!$D$7:$L$20,'설정시트'!$C$7:$C$20=I73)"),"🍪 월급") -> 🍪 월급 | AC73: =IFERROR(__xludf.DUMMYFUNCTION("""COMPUTED_VALUE"""),"🍪 부수입") -> 🍪 부수입 | AD73: =IFERROR(__xludf.DUMMYFUNCTION("""COMPUTED_VALUE"""),"🐻 월급") -> 🐻 월급 | AE73: =IFERROR(__xludf.DUMMYFUNCTION("""COMPUTED_VALUE"""),"🐻 부수입") -> 🐻 부수입 | AF73: =IFERROR(__xludf.DUMMYFUNCTION("""COMPUTED_VALUE"""),"기타") -> 기타
H74: 45718 | I74: 🐻식비 | J74: 외식/배달 | K74: 21900 | L74: 🐻하나카드 | N74: 여수 - 피자 | AB74: =IFERROR(__xludf.DUMMYFUNCTION("FILTER('설정시트'!$D$7:$L$20,'설정시트'!$C$7:$C$20=I74)"),"식재료비") -> 식재료비 | AC74: =IFERROR(__xludf.DUMMYFUNCTION("""COMPUTED_VALUE"""),"회사점심") -> 회사점심 | AD74: =IFERROR(__xludf.DUMMYFUNCTION("""COMPUTED_VALUE"""),"간식/카페") -> 간식/카페 | AE74: =IFERROR(__xludf.DUMMYFUNCTION("""COMPUTED_VALUE"""),"외식/배달") -> 외식/배달 | AF74: =IFERROR(__xludf.DUMMYFUNCTION("""COMPUTED_VALUE"""),"기타") -> 기타
H75: 45718 | I75: 🐻기타 | J75: 주유비 | K75: 50000 | L75: 🐻하나카드 | N75: 주유비 | AB75: =IFERROR(__xludf.DUMMYFUNCTION("FILTER('설정시트'!$D$7:$L$20,'설정시트'!$C$7:$C$20=I75)"),"약국") -> 약국 | AC75: =IFERROR(__xludf.DUMMYFUNCTION("""COMPUTED_VALUE"""),"병원비") -> 병원비 | AD75: =IFERROR(__xludf.DUMMYFUNCTION("""COMPUTED_VALUE"""),"영양제") -> 영양제 | AE75: =IFERROR(__xludf.DUMMYFUNCTION("""COMPUTED_VALUE"""),"교통비") -> 교통비 | AF75: =IFERROR(__xludf.DUMMYFUNCTION("""COMPUTED_VALUE"""),"주유비") -> 주유비 | AH75: =IFERROR(__xludf.DUMMYFUNCTION("""COMPUTED_VALUE"""),"기타") -> 기타
H76: 45718 | I76: 🍪식비 | J76: 외식/배달 | K76: 38000 | L76: 🍪현대카드 | N76: 쿠팡이츠 - 족발(보선보민) | AB76: =IFERROR(__xludf.DUMMYFUNCTION("FILTER('설정시트'!$D$7:$L$20,'설정시트'!$C$7:$C$20=I76)"),"식재료비") -> 식재료비 | AC76: =IFERROR(__xludf.DUMMYFUNCTION("""COMPUTED_VALUE"""),"회사점심") -> 회사점심 | AD76: =IFERROR(__xludf.DUMMYFUNCTION("""COMPUTED_VALUE"""),"간식/카페") -> 간식/카페 | AE76: =IFERROR(__xludf.DUMMYFUNCTION("""COMPUTED_VALUE"""),"외식/배달") -> 외식/배달 | AF76: =IFERROR(__xludf.DUMMYFUNCTION("""COMPUTED_VALUE"""),"기타") -> 기타
H77: 45718 | K77: 15000 | L77: 🍪현금/이체 | N77: 카카오페이 ??? | AB77: =IFERROR(__xludf.DUMMYFUNCTION("FILTER('설정시트'!$D$7:$L$20,'설정시트'!$C$7:$C$20=I77)"),"#N/A") -> #N/A
H78: 45719 | I78: 🐻기타 | J78: 교통비 | K78: 1500 | L78: 🐻하나카드 | N78: 당근 무료나눔 주차비 | AB78: =IFERROR(__xludf.DUMMYFUNCTION("FILTER('설정시트'!$D$7:$L$20,'설정시트'!$C$7:$C$20=I78)"),"약국") -> 약국 | AC78: =IFERROR(__xludf.DUMMYFUNCTION("""COMPUTED_VALUE"""),"병원비") -> 병원비 | AD78: =IFERROR(__xludf.DUMMYFUNCTION("""COMPUTED_VALUE"""),"영양제") -> 영양제 | AE78: =IFERROR(__xludf.DUMMYFUNCTION("""COMPUTED_VALUE"""),"교통비") -> 교통비 | AF78: =IFERROR(__xludf.DUMMYFUNCTION("""COMPUTED_VALUE"""),"주유비") -> 주유비 | AH78: =IFERROR(__xludf.DUMMYFUNCTION("""COMPUTED_VALUE"""),"기타") -> 기타
H79: 45719 | I79: 🍪식비 | J79: 외식/배달 | K79: 25000 | L79: 🍪현대카드 | N79: 쿠팡이츠 - 교촌 허니콤보 | AB79: =IFERROR(__xludf.DUMMYFUNCTION("FILTER('설정시트'!$D$7:$L$20,'설정시트'!$C$7:$C$20=I79)"),"식재료비") -> 식재료비 | AC79: =IFERROR(__xludf.DUMMYFUNCTION("""COMPUTED_VALUE"""),"회사점심") -> 회사점심 | AD79: =IFERROR(__xludf.DUMMYFUNCTION("""COMPUTED_VALUE"""),"간식/카페") -> 간식/카페 | AE79: =IFERROR(__xludf.DUMMYFUNCTION("""COMPUTED_VALUE"""),"외식/배달") -> 외식/배달 | AF79: =IFERROR(__xludf.DUMMYFUNCTION("""COMPUTED_VALUE"""),"기타") -> 기타
H80: 45720 | I80: 🐻고정비 | J80: 곗돈 | K80: 10000 | L80: 🐻현금/이체 | N80: 방송국 동기 곗돈 | AB80: =IFERROR(__xludf.DUMMYFUNCTION("FILTER('설정시트'!$D$7:$L$20,'설정시트'!$C$7:$C$20=I80)"),"관리비") -> 관리비 | AC80: =IFERROR(__xludf.DUMMYFUNCTION("""COMPUTED_VALUE"""),"대출이자") -> 대출이자 | AD80: =IFERROR(__xludf.DUMMYFUNCTION("""COMPUTED_VALUE"""),"통신비") -> 통신비 | AE80: =IFERROR(__xludf.DUMMYFUNCTION("""COMPUTED_VALUE"""),"보험료") -> 보험료 | AF80: =IFERROR(__xludf.DUMMYFUNCTION("""COMPUTED_VALUE"""),"곗돈") -> 곗돈
H81: 45720 | I81: 🍪생필품 | J81: 주방/욕실 | K81: 21733 | L81: 🍪현대카드 | N81: 밀대2, 면도기거치대, 세제용기 | AB81: =IFERROR(__xludf.DUMMYFUNCTION("FILTER('설정시트'!$D$7:$L$20,'설정시트'!$C$7:$C$20=I81)"),"주방/욕실") -> 주방/욕실 | AC81: =IFERROR(__xludf.DUMMYFUNCTION("""COMPUTED_VALUE"""),"소모품") -> 소모품 | AD81: =IFERROR(__xludf.DUMMYFUNCTION("""COMPUTED_VALUE"""),"기타") -> 기타
H82: 45720 | I82: 🍪생필품 | J82: 소모품 | K82: 3350 | L82: 🍪국민카드 | N82: 아트월고정핀 | AB82: =IFERROR(__xludf.DUMMYFUNCTION("FILTER('설정시트'!$D$7:$L$20,'설정시트'!$C$7:$C$20=I82)"),"주방/욕실") -> 주방/욕실 | AC82: =IFERROR(__xludf.DUMMYFUNCTION("""COMPUTED_VALUE"""),"소모품") -> 소모품 | AD82: =IFERROR(__xludf.DUMMYFUNCTION("""COMPUTED_VALUE"""),"기타") -> 기타
H83: 45720 | I83: 🍪생필품 | J83: 소모품 | K83: 4400 | L83: 🍪국민카드 | N83: 쿠팡 - 스텐 접착식 고리 | AB83: =IFERROR(__xludf.DUMMYFUNCTION("FILTER('설정시트'!$D$7:$L$20,'설정시트'!$C$7:$C$20=I83)"),"주방/욕실") -> 주방/욕실 | AC83: =IFERROR(__xludf.DUMMYFUNCTION("""COMPUTED_VALUE"""),"소모품") -> 소모품 | AD83: =IFERROR(__xludf.DUMMYFUNCTION("""COMPUTED_VALUE"""),"기타") -> 기타
H84: 45721 | I84: 🐻식비 | J84: 간식/카페 | K84: 3800 | L84: 🐻하나카드 | N84: 커피 | AB84: =IFERROR(__xludf.DUMMYFUNCTION("FILTER('설정시트'!$D$7:$L$20,'설정시트'!$C$7:$C$20=I84)"),"식재료비") -> 식재료비 | AC84: =IFERROR(__xludf.DUMMYFUNCTION("""COMPUTED_VALUE"""),"회사점심") -> 회사점심 | AD84: =IFERROR(__xludf.DUMMYFUNCTION("""COMPUTED_VALUE"""),"간식/카페") -> 간식/카페 | AE84: =IFERROR(__xludf.DUMMYFUNCTION("""COMPUTED_VALUE"""),"외식/배달") -> 외식/배달 | AF84: =IFERROR(__xludf.DUMMYFUNCTION("""COMPUTED_VALUE"""),"기타") -> 기타
H85: 45721 | I85: 🐻 이벤트성 | J85: 여행 | K85: =4100+1400 -> 5500 | L85: 🐻하나카드 | N85: 강릉(2월) - 하이패스 | AB85: =IFERROR(__xludf.DUMMYFUNCTION("FILTER('설정시트'!$D$7:$L$20,'설정시트'!$C$7:$C$20=I85)"),"축의/부의금") -> 축의/부의금 | AC85: =IFERROR(__xludf.DUMMYFUNCTION("""COMPUTED_VALUE"""),"생신/생일선물") -> 생신/생일선물 | AD85: =IFERROR(__xludf.DUMMYFUNCTION("""COMPUTED_VALUE"""),"명절/어버이날") -> 명절/어버이날 | AE85: =IFERROR(__xludf.DUMMYFUNCTION("""COMPUTED_VALUE"""),"여행") -> 여행 | AF85: =IFERROR(__xludf.DUMMYFUNCTION("""COMPUTED_VALUE"""),"기타") -> 기타 | AG85: =IFERROR(__xludf.DUMMYFUNCTION("""COMPUTED_VALUE"""),"출산") -> 출산
H86: 45721 | I86: 🍪여가비 | J86: 미용 | K86: 84500 | L86: 🍪현대카드 | N86: _x0008_전동거품기2(혜지생일선물), 피지제거기 | AB86: =IFERROR(__xludf.DUMMYFUNCTION("FILTER('설정시트'!$D$7:$L$20,'설정시트'!$C$7:$C$20=I86)"),"의류/잡화") -> 의류/잡화 | AC86: =IFERROR(__xludf.DUMMYFUNCTION("""COMPUTED_VALUE"""),"OTT") -> OTT | AD86: =IFERROR(__xludf.DUMMYFUNCTION("""COMPUTED_VALUE"""),"문화생활") -> 문화생활 | AE86: =IFERROR(__xludf.DUMMYFUNCTION("""COMPUTED_VALUE"""),"자기계발") -> 자기계발 | AF86: =IFERROR(__xludf.DUMMYFUNCTION("""COMPUTED_VALUE"""),"미용") -> 미용 | AH86: =IFERROR(__xludf.DUMMYFUNCTION("""COMPUTED_VALUE"""),"기타") -> 기타
H87: 45721 | I87: 🍪여가비 | J87: 미용 | K87: 41500 | L87: 🍪현대카드 | N87: 큐어코드 수분크림2개 | AB87: =IFERROR(__xludf.DUMMYFUNCTION("FILTER('설정시트'!$D$7:$L$20,'설정시트'!$C$7:$C$20=I87)"),"의류/잡화") -> 의류/잡화 | AC87: =IFERROR(__xludf.DUMMYFUNCTION("""COMPUTED_VALUE"""),"OTT") -> OTT | AD87: =IFERROR(__xludf.DUMMYFUNCTION("""COMPUTED_VALUE"""),"문화생활") -> 문화생활 | AE87: =IFERROR(__xludf.DUMMYFUNCTION("""COMPUTED_VALUE"""),"자기계발") -> 자기계발 | AF87: =IFERROR(__xludf.DUMMYFUNCTION("""COMPUTED_VALUE"""),"미용") -> 미용 | AH87: =IFERROR(__xludf.DUMMYFUNCTION("""COMPUTED_VALUE"""),"기타") -> 기타
H88: 45721 | I88: 수입 | J88: 기타 | K88: 29938 | L88: 🍪현금/이체 | N88: 농할상품권 환불 | AB88: =IFERROR(__xludf.DUMMYFUNCTION("FILTER('설정시트'!$D$7:$L$20,'설정시트'!$C$7:$C$20=I88)"),"🍪 월급") -> 🍪 월급 | AC88: =IFERROR(__xludf.DUMMYFUNCTION("""COMPUTED_VALUE"""),"🍪 부수입") -> 🍪 부수입 | AD88: =IFERROR(__xludf.DUMMYFUNCTION("""COMPUTED_VALUE"""),"🐻 월급") -> 🐻 월급 | AE88: =IFERROR(__xludf.DUMMYFUNCTION("""COMPUTED_VALUE"""),"🐻 부수입") -> 🐻 부수입 | AF88: =IFERROR(__xludf.DUMMYFUNCTION("""COMPUTED_VALUE"""),"기타") -> 기타
H89: 45722 | I89: 🍪식비 | J89: 식재료비 | K89: 61240 | L89: 🍪국민카드 | N89: _x0008_쿠팡 - 스낵면, 감자, 양배추, 깻잎, 파, 다담, 사과, 당근, 비트 | AB89: =IFERROR(__xludf.DUMMYFUNCTION("FILTER('설정시트'!$D$7:$L$20,'설정시트'!$C$7:$C$20=I89)"),"식재료비") -> 식재료비 | AC89: =IFERROR(__xludf.DUMMYFUNCTION("""COMPUTED_VALUE"""),"회사점심") -> 회사점심 | AD89: =IFERROR(__xludf.DUMMYFUNCTION("""COMPUTED_VALUE"""),"간식/카페") -> 간식/카페 | AE89: =IFERROR(__xludf.DUMMYFUNCTION("""COMPUTED_VALUE"""),"외식/배달") -> 외식/배달 | AF89: =IFERROR(__xludf.DUMMYFUNCTION("""COMPUTED_VALUE"""),"기타") -> 기타
H90: 45723 | I90: 🍪생필품 | J90: 주방/욕실 | K90: 37000 | L90: 🍪현금/이체 | N90: 당근 - 앞치마 | AB90: =IFERROR(__xludf.DUMMYFUNCTION("FILTER('설정시트'!$D$7:$L$20,'설정시트'!$C$7:$C$20=I90)"),"주방/욕실") -> 주방/욕실 | AC90: =IFERROR(__xludf.DUMMYFUNCTION("""COMPUTED_VALUE"""),"소모품") -> 소모품 | AD90: =IFERROR(__xludf.DUMMYFUNCTION("""COMPUTED_VALUE"""),"기타") -> 기타
H91: 45723 | I91: 수입 | J91: 기타 | K91: 330000 | N91: 실업급여 | AB91: =IFERROR(__xludf.DUMMYFUNCTION("FILTER('설정시트'!$D$7:$L$20,'설정시트'!$C$7:$C$20=I91)"),"🍪 월급") -> 🍪 월급 | AC91: =IFERROR(__xludf.DUMMYFUNCTION("""COMPUTED_VALUE"""),"🍪 부수입") -> 🍪 부수입 | AD91: =IFERROR(__xludf.DUMMYFUNCTION("""COMPUTED_VALUE"""),"🐻 월급") -> 🐻 월급 | AE91: =IFERROR(__xludf.DUMMYFUNCTION("""COMPUTED_VALUE"""),"🐻 부수입") -> 🐻 부수입 | AF91: =IFERROR(__xludf.DUMMYFUNCTION("""COMPUTED_VALUE"""),"기타") -> 기타
H92: 45723 | I92: 🐻고정비 | J92: 통신비 | K92: 3300 | L92: 🐻체크카드(현영) | N92: 애플클라우드 | AB92: =IFERROR(__xludf.DUMMYFUNCTION("FILTER('설정시트'!$D$7:$L$20,'설정시트'!$C$7:$C$20=I92)"),"관리비") -> 관리비 | AC92: =IFERROR(__xludf.DUMMYFUNCTION("""COMPUTED_VALUE"""),"대출이자") -> 대출이자 | AD92: =IFERROR(__xludf.DUMMYFUNCTION("""COMPUTED_VALUE"""),"통신비") -> 통신비 | AE92: =IFERROR(__xludf.DUMMYFUNCTION("""COMPUTED_VALUE"""),"보험료") -> 보험료 | AF92: =IFERROR(__xludf.DUMMYFUNCTION("""COMPUTED_VALUE"""),"곗돈") -> 곗돈
H93: 45723 | I93: 🐻식비 | J93: 외식/배달 | K93: 34000 | L93: 🐻하나카드 | N93: 연남동 - 가람돈까스 | AB93: =IFERROR(__xludf.DUMMYFUNCTION("FILTER('설정시트'!$D$7:$L$20,'설정시트'!$C$7:$C$20=I93)"),"식재료비") -> 식재료비 | AC93: =IFERROR(__xludf.DUMMYFUNCTION("""COMPUTED_VALUE"""),"회사점심") -> 회사점심 | AD93: =IFERROR(__xludf.DUMMYFUNCTION("""COMPUTED_VALUE"""),"간식/카페") -> 간식/카페 | AE93: =IFERROR(__xludf.DUMMYFUNCTION("""COMPUTED_VALUE"""),"외식/배달") -> 외식/배달 | AF93: =IFERROR(__xludf.DUMMYFUNCTION("""COMPUTED_VALUE"""),"기타") -> 기타
H94: 45723 | I94: 🐻식비 | J94: 간식/카페 | K94: 4000 | L94: 🐻하나카드 | N94: 편의점 - 하리보 2+2 | AB94: =IFERROR(__xludf.DUMMYFUNCTION("FILTER('설정시트'!$D$7:$L$20,'설정시트'!$C$7:$C$20=I94)"),"식재료비") -> 식재료비 | AC94: =IFERROR(__xludf.DUMMYFUNCTION("""COMPUTED_VALUE"""),"회사점심") -> 회사점심 | AD94: =IFERROR(__xludf.DUMMYFUNCTION("""COMPUTED_VALUE"""),"간식/카페") -> 간식/카페 | AE94: =IFERROR(__xludf.DUMMYFUNCTION("""COMPUTED_VALUE"""),"외식/배달") -> 외식/배달 | AF94: =IFERROR(__xludf.DUMMYFUNCTION("""COMPUTED_VALUE"""),"기타") -> 기타
H95: 45723 | I95: 🐻식비 | J95: 간식/카페 | K95: 6800 | L95: 🐻하나카드 | N95: 랜디스 도넛 | AB95: =IFERROR(__xludf.DUMMYFUNCTION("FILTER('설정시트'!$D$7:$L$20,'설정시트'!$C$7:$C$20=I95)"),"식재료비") -> 식재료비 | AC95: =IFERROR(__xludf.DUMMYFUNCTION("""COMPUTED_VALUE"""),"회사점심") -> 회사점심 | AD95: =IFERROR(__xludf.DUMMYFUNCTION("""COMPUTED_VALUE"""),"간식/카페") -> 간식/카페 | AE95: =IFERROR(__xludf.DUMMYFUNCTION("""COMPUTED_VALUE"""),"외식/배달") -> 외식/배달 | AF95: =IFERROR(__xludf.DUMMYFUNCTION("""COMPUTED_VALUE"""),"기타") -> 기타
H96: 45723 | I96: 🐻식비 | J96: 간식/카페 | K96: 6800 | L96: 🐻하나카드 | N96: 마늘빵 | AB96: =IFERROR(__xludf.DUMMYFUNCTION("FILTER('설정시트'!$D$7:$L$20,'설정시트'!$C$7:$C$20=I96)"),"식재료비") -> 식재료비 | AC96: =IFERROR(__xludf.DUMMYFUNCTION("""COMPUTED_VALUE"""),"회사점심") -> 회사점심 | AD96: =IFERROR(__xludf.DUMMYFUNCTION("""COMPUTED_VALUE"""),"간식/카페") -> 간식/카페 | AE96: =IFERROR(__xludf.DUMMYFUNCTION("""COMPUTED_VALUE"""),"외식/배달") -> 외식/배달 | AF96: =IFERROR(__xludf.DUMMYFUNCTION("""COMPUTED_VALUE"""),"기타") -> 기타
H97: 45724 | I97: 🍪식비 | J97: 외식/배달 | K97: 29800 | L97: 🍪현대카드 | N97: 쿠팡이츠 -샹궈 | AB97: =IFERROR(__xludf.DUMMYFUNCTION("FILTER('설정시트'!$D$7:$L$20,'설정시트'!$C$7:$C$20=I97)"),"식재료비") -> 식재료비 | AC97: =IFERROR(__xludf.DUMMYFUNCTION("""COMPUTED_VALUE"""),"회사점심") -> 회사점심 | AD97: =IFERROR(__xludf.DUMMYFUNCTION("""COMPUTED_VALUE"""),"간식/카페") -> 간식/카페 | AE97: =IFERROR(__xludf.DUMMYFUNCTION("""COMPUTED_VALUE"""),"외식/배달") -> 외식/배달 | AF97: =IFERROR(__xludf.DUMMYFUNCTION("""COMPUTED_VALUE"""),"기타") -> 기타
H98: 45724 | I98: 🍪생필품 | J98: 소모품 | K98: 12350 | L98: 🍪국민카드 | N98: 변기세정제 리필 | AB98: =IFERROR(__xludf.DUMMYFUNCTION("FILTER('설정시트'!$D$7:$L$20,'설정시트'!$C$7:$C$20=I98)"),"주방/욕실") -> 주방/욕실 | AC98: =IFERROR(__xludf.DUMMYFUNCTION("""COMPUTED_VALUE"""),"소모품") -> 소모품 | AD98: =IFERROR(__xludf.DUMMYFUNCTION("""COMPUTED_VALUE"""),"기타") -> 기타
H99: 45724 | I99: 수입 | J99: 기타 | K99: 50000 | L99: 🍪현금/이체 | N99: 엄마 고기주문 용돈 | AB99: =IFERROR(__xludf.DUMMYFUNCTION("FILTER('설정시트'!$D$7:$L$20,'설정시트'!$C$7:$C$20=I99)"),"🍪 월급") -> 🍪 월급 | AC99: =IFERROR(__xludf.DUMMYFUNCTION("""COMPUTED_VALUE"""),"🍪 부수입") -> 🍪 부수입 | AD99: =IFERROR(__xludf.DUMMYFUNCTION("""COMPUTED_VALUE"""),"🐻 월급") -> 🐻 월급 | AE99: =IFERROR(__xludf.DUMMYFUNCTION("""COMPUTED_VALUE"""),"🐻 부수입") -> 🐻 부수입 | AF99: =IFERROR(__xludf.DUMMYFUNCTION("""COMPUTED_VALUE"""),"기타") -> 기타
H100: 45724 | I100: 🐻식비 | J100: 식재료비 | K100: 43092 | L100: 🐻하나카드 | N100: 오늘의정육점 - 소고기 | AB100: =IFERROR(__xludf.DUMMYFUNCTION("FILTER('설정시트'!$D$7:$L$20,'설정시트'!$C$7:$C$20=I100)"),"식재료비") -> 식재료비 | AC100: =IFERROR(__xludf.DUMMYFUNCTION("""COMPUTED_VALUE"""),"회사점심") -> 회사점심 | AD100: =IFERROR(__xludf.DUMMYFUNCTION("""COMPUTED_VALUE"""),"간식/카페") -> 간식/카페 | AE100: =IFERROR(__xludf.DUMMYFUNCTION("""COMPUTED_VALUE"""),"외식/배달") -> 외식/배달 | AF100: =IFERROR(__xludf.DUMMYFUNCTION("""COMPUTED_VALUE"""),"기타") -> 기타
H101: 45726 | I101: 🍪고정비 | J101: 통신비 | K101: 47300 | L101: 🍪국민카드 | N101: 인터넷티비요금 | AB101: =IFERROR(__xludf.DUMMYFUNCTION("FILTER('설정시트'!$D$7:$L$20,'설정시트'!$C$7:$C$20=I101)"),"관리비") -> 관리비 | AC101: =IFERROR(__xludf.DUMMYFUNCTION("""COMPUTED_VALUE"""),"월세") -> 월세 | AD101: =IFERROR(__xludf.DUMMYFUNCTION("""COMPUTED_VALUE"""),"대출이자") -> 대출이자 | AE101: =IFERROR(__xludf.DUMMYFUNCTION("""COMPUTED_VALUE"""),"통신비") -> 통신비 | AF101: =IFERROR(__xludf.DUMMYFUNCTION("""COMPUTED_VALUE"""),"보험료") -> 보험료 | AH101: =IFERROR(__xludf.DUMMYFUNCTION("""COMPUTED_VALUE"""),"곗돈") -> 곗돈
H102: 45726 | I102: 🍪여가비 | J102: 기타 | K102: 209000 | L102: 🍪현대카드 | N102: 쿠팡 - 소파테이블 | AB102: =IFERROR(__xludf.DUMMYFUNCTION("FILTER('설정시트'!$D$7:$L$20,'설정시트'!$C$7:$C$20=I102)"),"의류/잡화") -> 의류/잡화 | AC102: =IFERROR(__xludf.DUMMYFUNCTION("""COMPUTED_VALUE"""),"OTT") -> OTT | AD102: =IFERROR(__xludf.DUMMYFUNCTION("""COMPUTED_VALUE"""),"문화생활") -> 문화생활 | AE102: =IFERROR(__xludf.DUMMYFUNCTION("""COMPUTED_VALUE"""),"자기계발") -> 자기계발 | AF102: =IFERROR(__xludf.DUMMYFUNCTION("""COMPUTED_VALUE"""),"미용") -> 미용 | AH102: =IFERROR(__xludf.DUMMYFUNCTION("""COMPUTED_VALUE"""),"기타") -> 기타
H103: 45726 | I103: 🍪식비 | J103: 회사점심 | K103: 11000 | L103: 🍪현대카드 | N103: 점심-육개장칼국수 | AB103: =IFERROR(__xludf.DUMMYFUNCTION("FILTER('설정시트'!$D$7:$L$20,'설정시트'!$C$7:$C$20=I103)"),"식재료비") -> 식재료비 | AC103: =IFERROR(__xludf.DUMMYFUNCTION("""COMPUTED_VALUE"""),"회사점심") -> 회사점심 | AD103: =IFERROR(__xludf.DUMMYFUNCTION("""COMPUTED_VALUE"""),"간식/카페") -> 간식/카페 | AE103: =IFERROR(__xludf.DUMMYFUNCTION("""COMPUTED_VALUE"""),"외식/배달") -> 외식/배달 | AF103: =IFERROR(__xludf.DUMMYFUNCTION("""COMPUTED_VALUE"""),"기타") -> 기타
H104: 45726 | I104: 🐻고정비 | J104: 곗돈 | K104: 50000 | L104: 🐻현금/이체 | N104: 여수 곗돈 | AB104: =IFERROR(__xludf.DUMMYFUNCTION("FILTER('설정시트'!$D$7:$L$20,'설정시트'!$C$7:$C$20=I104)"),"관리비") -> 관리비 | AC104: =IFERROR(__xludf.DUMMYFUNCTION("""COMPUTED_VALUE"""),"대출이자") -> 대출이자 | AD104: =IFERROR(__xludf.DUMMYFUNCTION("""COMPUTED_VALUE"""),"통신비") -> 통신비 | AE104: =IFERROR(__xludf.DUMMYFUNCTION("""COMPUTED_VALUE"""),"보험료") -> 보험료 | AF104: =IFERROR(__xludf.DUMMYFUNCTION("""COMPUTED_VALUE"""),"곗돈") -> 곗돈
H105: 45726 | I105: 🐻고정비 | J105: 통신비 | K105: 65750 | L105: 🐻하나카드 | N105: 실적에 따른 환불예정 | AB105: =IFERROR(__xludf.DUMMYFUNCTION("FILTER('설정시트'!$D$7:$L$20,'설정시트'!$C$7:$C$20=I105)"),"관리비") -> 관리비 | AC105: =IFERROR(__xludf.DUMMYFUNCTION("""COMPUTED_VALUE"""),"대출이자") -> 대출이자 | AD105: =IFERROR(__xludf.DUMMYFUNCTION("""COMPUTED_VALUE"""),"통신비") -> 통신비 | AE105: =IFERROR(__xludf.DUMMYFUNCTION("""COMPUTED_VALUE"""),"보험료") -> 보험료 | AF105: =IFERROR(__xludf.DUMMYFUNCTION("""COMPUTED_VALUE"""),"곗돈") -> 곗돈
H106: 45727 | I106: 🍪고정비 | J106: 통신비 | K106: 13750 | L106: 🍪현대카드 | N106: 회사 지원금 받으면 0 | AB106: =IFERROR(__xludf.DUMMYFUNCTION("FILTER('설정시트'!$D$7:$L$20,'설정시트'!$C$7:$C$20=I106)"),"관리비") -> 관리비 | AC106: =IFERROR(__xludf.DUMMYFUNCTION("""COMPUTED_VALUE"""),"월세") -> 월세 | AD106: =IFERROR(__xludf.DUMMYFUNCTION("""COMPUTED_VALUE"""),"대출이자") -> 대출이자 | AE106: =IFERROR(__xludf.DUMMYFUNCTION("""COMPUTED_VALUE"""),"통신비") -> 통신비 | AF106: =IFERROR(__xludf.DUMMYFUNCTION("""COMPUTED_VALUE"""),"보험료") -> 보험료 | AH106: =IFERROR(__xludf.DUMMYFUNCTION("""COMPUTED_VALUE"""),"곗돈") -> 곗돈
H107: 45727 | I107: 🐻여가비 | J107: 의류/잡화 | K107: 400000 | L107: 🐻하나카드 | N107: 딜라잇 - 준지셔츠, 시스템반팔티 | AB107: =IFERROR(__xludf.DUMMYFUNCTION("FILTER('설정시트'!$D$7:$L$20,'설정시트'!$C$7:$C$20=I107)"),"의류/잡화") -> 의류/잡화 | AC107: =IFERROR(__xludf.DUMMYFUNCTION("""COMPUTED_VALUE"""),"OTT") -> OTT | AD107: =IFERROR(__xludf.DUMMYFUNCTION("""COMPUTED_VALUE"""),"문화생활") -> 문화생활 | AE107: =IFERROR(__xludf.DUMMYFUNCTION("""COMPUTED_VALUE"""),"자기계발") -> 자기계발 | AF107: =IFERROR(__xludf.DUMMYFUNCTION("""COMPUTED_VALUE"""),"미용") -> 미용 | AH107: =IFERROR(__xludf.DUMMYFUNCTION("""COMPUTED_VALUE"""),"기타") -> 기타
H108: 45727 | I108: 🍪식비 | J108: 외식/배달 | K108: 17900 | L108: 🍪현대카드 | N108: 쿠팡이츠-배달삼겹살 실패대실패 | AB108: =IFERROR(__xludf.DUMMYFUNCTION("FILTER('설정시트'!$D$7:$L$20,'설정시트'!$C$7:$C$20=I108)"),"식재료비") -> 식재료비 | AC108: =IFERROR(__xludf.DUMMYFUNCTION("""COMPUTED_VALUE"""),"회사점심") -> 회사점심 | AD108: =IFERROR(__xludf.DUMMYFUNCTION("""COMPUTED_VALUE"""),"간식/카페") -> 간식/카페 | AE108: =IFERROR(__xludf.DUMMYFUNCTION("""COMPUTED_VALUE"""),"외식/배달") -> 외식/배달 | AF108: =IFERROR(__xludf.DUMMYFUNCTION("""COMPUTED_VALUE"""),"기타") -> 기타
H109: 45728 | I109: 🍪식비 | J109: 식재료비 | K109: 7330 | L109: 🍪현대카드 | N109: 쿠팡 - 딸기쨈 | AB109: =IFERROR(__xludf.DUMMYFUNCTION("FILTER('설정시트'!$D$7:$L$20,'설정시트'!$C$7:$C$20=I109)"),"식재료비") -> 식재료비 | AC109: =IFERROR(__xludf.DUMMYFUNCTION("""COMPUTED_VALUE"""),"회사점심") -> 회사점심 | AD109: =IFERROR(__xludf.DUMMYFUNCTION("""COMPUTED_VALUE"""),"간식/카페") -> 간식/카페 | AE109: =IFERROR(__xludf.DUMMYFUNCTION("""COMPUTED_VALUE"""),"외식/배달") -> 외식/배달 | AF109: =IFERROR(__xludf.DUMMYFUNCTION("""COMPUTED_VALUE"""),"기타") -> 기타
H110: 45729 | I110: 🐻식비 | J110: 식재료비 | K110: 99400 | L110: 🐻하나카드 | N110: 갈빗살, 업진살, 등심, 오겹살 | AB110: =IFERROR(__xludf.DUMMYFUNCTION("FILTER('설정시트'!$D$7:$L$20,'설정시트'!$C$7:$C$20=I110)"),"식재료비") -> 식재료비 | AC110: =IFERROR(__xludf.DUMMYFUNCTION("""COMPUTED_VALUE"""),"회사점심") -> 회사점심 | AD110: =IFERROR(__xludf.DUMMYFUNCTION("""COMPUTED_VALUE"""),"간식/카페") -> 간식/카페 | AE110: =IFERROR(__xludf.DUMMYFUNCTION("""COMPUTED_VALUE"""),"외식/배달") -> 외식/배달 | AF110: =IFERROR(__xludf.DUMMYFUNCTION("""COMPUTED_VALUE"""),"기타") -> 기타
H111: 45730 | I111: 🐻식비 | J111: 외식/배달 | K111: 22800 | L111: 🐻하나카드 | N111: 금화왕돈까스 | AB111: =IFERROR(__xludf.DUMMYFUNCTION("FILTER('설정시트'!$D$7:$L$20,'설정시트'!$C$7:$C$20=I111)"),"식재료비") -> 식재료비 | AC111: =IFERROR(__xludf.DUMMYFUNCTION("""COMPUTED_VALUE"""),"회사점심") -> 회사점심 | AD111: =IFERROR(__xludf.DUMMYFUNCTION("""COMPUTED_VALUE"""),"간식/카페") -> 간식/카페 | AE111: =IFERROR(__xludf.DUMMYFUNCTION("""COMPUTED_VALUE"""),"외식/배달") -> 외식/배달 | AF111: =IFERROR(__xludf.DUMMYFUNCTION("""COMPUTED_VALUE"""),"기타") -> 기타
...

Sheet 4월
C3: 2025 | D3: 4
E8: 결제수단 | F8: 금액 | R8: S | S8: M | T8: T | U8: W | V8: T | W8: F | X8: S | Y8: 누적 | AB8: 대분류 | AC8: 합계
E9: 🍪체크카드(현영) | F9: =SUMIFS($K$62:$K$499,$L$62:$L$499,E9,$I$62:$I$499,"<>수입",$I$62:$I$499,"<>저축") -> 0 | R9: =DATE($C$3,$D$3,1)-WEEKDAY(DATE($C$3,$D$3,1))+1 -> 45746 | S9: =R9 + 1 -> 45747 | T9: =S9 + 1 -> 45748 | U9: =T9 + 1 -> 45749 | V9: =U9 + 1 -> 45750 | W9: =V9 + 1 -> 45751 | X9: =W9 + 1 -> 45752 | AB9: =$H$25 -> 🍪고정비 | AC9: =$K$31 -> 606251 | AD9: =_xlfn.RANK.EQ(AC9,$AB$9:$AC$20,0) + ROW(AB1)/10000 -> 3.0001 | AE9: =SMALL($AD$9:$AD$20, ROW(AB1)) -> 1.0012 | AF9: =INDEX($AB$9:$AB$20,MATCH(AE9,$AD$9:$AD$20,0)) -> 🐻 이벤트성 | AG9: =INDEX($AC$9:$AC$20,MATCH(AE9,$AD$9:$AD$20,0)) -> 2233282
E10: 🍪현금/이체 | F10: =SUMIFS($K$62:$K$499,$L$62:$L$499,E10,$I$62:$I$499,"<>수입",$I$62:$I$499,"<>저축") -> 0 | R10: =SUMIFS($K$62:$K$499,$H$62:$H$499,R9,$I$62:$I$499,"<>수입",$I$62:$I$499,"<>저축") -> 0 | S10: =SUMIFS($K$62:$K$499,$H$62:$H$499,S9,$I$62:$I$499,"<>수입",$I$62:$I$499,"<>저축") -> 0 | T10: =SUMIFS($K$62:$K$499,$H$62:$H$499,T9,$I$62:$I$499,"<>수입",$I$62:$I$499,"<>저축") -> 10000 | U10: =SUMIFS($K$62:$K$499,$H$62:$H$499,U9,$I$62:$I$499,"<>수입",$I$62:$I$499,"<>저축") -> 144850 | V10: =SUMIFS($K$62:$K$499,$H$62:$H$499,V9,$I$62:$I$499,"<>수입",$I$62:$I$499,"<>저축") -> 13500 | W10: =SUMIFS($K$62:$K$499,$H$62:$H$499,W9,$I$62:$I$499,"<>수입",$I$62:$I$499,"<>저축") -> 167340 | X10: =SUMIFS($K$62:$K$499,$H$62:$H$499,X9,$I$62:$I$499,"<>수입",$I$62:$I$499,"<>저축") -> 519730 | Y10: =SUM(R10:X10) -> 855420 | AB10: =$H$33 -> 🐻고정비 | AC10: =$K$39 -> 695256 | AD10: =_xlfn.RANK.EQ(AC10,$AB$9:$AC$20,0) + ROW(AB2)/10000 -> 2.0002 | AE10: =SMALL($AD$9:$AD$20, ROW(AB2)) -> 2.0002 | AF10: =INDEX($AB$9:$AB$20,MATCH(AE10,$AD$9:$AD$20,0)) -> 🐻고정비 | AG10: =INDEX($AC$9:$AC$20,MATCH(AE10,$AD$9:$AD$20,0)) -> 695256
C11: 항목 | D11: 금액 | E11: 🍪전통시장(제로페이) | F11: =SUMIFS($K$62:$K$499,$L$62:$L$499,E11,$I$62:$I$499,"<>수입",$I$62:$I$499,"<>저축") -> 0 | R11: =R9 + 7 -> 45753 | S11: =S9 + 7 -> 45754 | T11: =T9 + 7 -> 45755 | U11: =U9 + 7 -> 45756 | V11: =V9 + 7 -> 45757 | W11: =W9 + 7 -> 45758 | X11: =X9 + 7 -> 45759 | AB11: =$H$41 -> 🍪생필품 | AC11: =$K$47 -> 111374 | AD11: =_xlfn.RANK.EQ(AC11,$AB$9:$AC$20,0) + ROW(AB3)/10000 -> 8.0003 | AE11: =SMALL($AD$9:$AD$20, ROW(AB3)) -> 3.0001 | AF11: =INDEX($AB$9:$AB$20,MATCH(AE11,$AD$9:$AD$20,0)) -> 🍪고정비 | AG11: =INDEX($AC$9:$AC$20,MATCH(AE11,$AD$9:$AD$20,0)) -> 606251
C12: 총수입 | D12: =F33 -> 9492620 | E12: 🍪현대카드 | F12: =SUMIFS($K$62:$K$499,$L$62:$L$499,E12,$I$62:$I$499,"<>수입",$I$62:$I$499,"<>저축") -> 212084 | R12: =SUMIFS($K$62:$K$499,$H$62:$H$499,R11,$I$62:$I$499,"<>수입",$I$62:$I$499,"<>저축") -> 45300 | S12: =SUMIFS($K$62:$K$499,$H$62:$H$499,S11,$I$62:$I$499,"<>수입",$I$62:$I$499,"<>저축") -> 7800 | T12: =SUMIFS($K$62:$K$499,$H$62:$H$499,T11,$I$62:$I$499,"<>수입",$I$62:$I$499,"<>저축") -> 74504 | U12: =SUMIFS($K$62:$K$499,$H$62:$H$499,U11,$I$62:$I$499,"<>수입",$I$62:$I$499,"<>저축") -> 803060 | V12: =SUMIFS($K$62:$K$499,$H$62:$H$499,V11,$I$62:$I$499,"<>수입",$I$62:$I$499,"<>저축") -> 83000 | W12: =SUMIFS($K$62:$K$499,$H$62:$H$499,W11,$I$62:$I$499,"<>수입",$I$62:$I$499,"<>저축") -> 92900 | X12: =SUMIFS($K$62:$K$499,$H$62:$H$499,X11,$I$62:$I$499,"<>수입",$I$62:$I$499,"<>저축") -> 318200 | Y12: =SUM(R12:X12) -> 1424764 | AB12: =$H$49 -> 🐻생필품 | AC12: =$K$55 -> 126650 | AD12: =_xlfn.RANK.EQ(AC12,$AB$9:$AC$20,0) + ROW(AB4)/10000 -> 6.0004 | AE12: =SMALL($AD$9:$AD$20, ROW(AB4)) -> 4.0009 | AF12: =INDEX($AB$9:$AB$20,MATCH(AE12,$AD$9:$AD$20,0)) -> 🍪기타 | AG12: =INDEX($AC$9:$AC$20,MATCH(AE12,$AD$9:$AD$20,0)) -> 338280
E13: 🍪국민카드 | F13: =SUMIFS($K$62:$K$499,$L$62:$L$499,E13,$I$62:$I$499,"<>수입",$I$62:$I$499,"<>저축") -> 105410 | R13: =R11+7 -> 45760 | S13: =S11+7 -> 45761 | T13: =T11+7 -> 45762 | U13: =U11+7 -> 45763 | V13: =V11+7 -> 45764 | W13: =W11+7 -> 45765 | X13: =X11+7 -> 45766 | AB13: =$M$25 -> 🍪식비 | AC13: =$P$31 -> 126090 | AD13: =_xlfn.RANK.EQ(AC13,$AB$9:$AC$20,0) + ROW(AB5)/10000 -> 7.0005 | AE13: =SMALL($AD$9:$AD$20, ROW(AB5)) -> 5.0006 | AF13: =INDEX($AB$9:$AB$20,MATCH(AE13,$AD$9:$AD$20,0)) -> 🐻식비 | AG13: =INDEX($AC$9:$AC$20,MATCH(AE13,$AD$9:$AD$20,0)) -> 159750
C14: 총지출 | D14: =SUM($K$31+$K$39+$K$47+$K$55+$P$31+$P$39+$P$47+$P$55+X31+X39+X47+X55) -> 4510013 | E14: 🍪기업카드 | F14: =SUMIFS($K$62:$K$499,$L$62:$L$499,E14,$I$62:$I$499,"<>수입",$I$62:$I$499,"<>저축") -> 306900 | R14: =SUMIFS($K$62:$K$499,$H$62:$H$499,R13,$I$62:$I$499,"<>수입",$I$62:$I$499,"<>저축") -> 2200 | S14: =SUMIFS($K$62:$K$499,$H$62:$H$499,S13,$I$62:$I$499,"<>수입",$I$62:$I$499,"<>저축") -> 0 | T14: =SUMIFS($K$62:$K$499,$H$62:$H$499,T13,$I$62:$I$499,"<>수입",$I$62:$I$499,"<>저축") -> 1389382 | U14: =SUMIFS($K$62:$K$499,$H$62:$H$499,U13,$I$62:$I$499,"<>수입",$I$62:$I$499,"<>저축") -> 0 | V14: =SUMIFS($K$62:$K$499,$H$62:$H$499,V13,$I$62:$I$499,"<>수입",$I$62:$I$499,"<>저축") -> 0 | W14: =SUMIFS($K$62:$K$499,$H$62:$H$499,W13,$I$62:$I$499,"<>수입",$I$62:$I$499,"<>저축") -> 0 | X14: =SUMIFS($K$62:$K$499,$H$62:$H$499,X13,$I$62:$I$499,"<>수입",$I$62:$I$499,"<>저축") -> 0 | Y14: =SUM(R14:X14) -> 1391582 | AB14: =$M$33 -> 🐻식비 | AC14: =$P$39 -> 159750 | AD14: =_xlfn.RANK.EQ(AC14,$AB$9:$AC$20,0) + ROW(AB6)/10000 -> 5.0006 | AE14: =SMALL($AD$9:$AD$20, ROW(AB6)) -> 6.0004 | AF14: =INDEX($AB$9:$AB$20,MATCH(AE14,$AD$9:$AD$20,0)) -> 🐻생필품 | AG14: =INDEX($AC$9:$AC$20,MATCH(AE14,$AD$9:$AD$20,0)) -> 126650
E15: 🍪하나카드 | F15: =SUMIFS($K$62:$K$499,$L$62:$L$499,E15,$I$62:$I$499,"<>수입",$I$62:$I$499,"<>저축") -> 0 | R15: =R13+7 -> 45767 | S15: =S13+7 -> 45768 | T15: =T13+7 -> 45769 | U15: =U13+7 -> 45770 | V15: =V13+7 -> 45771 | W15: =W13+7 -> 45772 | X15: =X13+7 -> 45773 | AB15: =$M$41 -> 🍪여가비 | AC15: =$P$47 -> 1900 | AD15: =_xlfn.RANK.EQ(AC15,$AB$9:$AC$20,0) + ROW(AB7)/10000 -> 11.0007 | AE15: =SMALL($AD$9:$AD$20, ROW(AB7)) -> 7.0005 | AF15: =INDEX($AB$9:$AB$20,MATCH(AE15,$AD$9:$AD$20,0)) -> 🍪식비 | AG15: =INDEX($AC$9:$AC$20,MATCH(AE15,$AD$9:$AD$20,0)) -> 126090
C16: 총저축 | D16: =F43 -> 100000 | E16: 🐻체크카드(현영) | F16: =SUMIFS($K$62:$K$499,$L$62:$L$499,E16,$I$62:$I$499,"<>수입",$I$62:$I$499,"<>저축") -> 1192592 | H16: 이벤트 | R16: =SUMIFS($K$62:$K$499,$H$62:$H$499,R15,$I$62:$I$499,"<>수입",$I$62:$I$499,"<>저축") -> 3000 | S16: =SUMIFS($K$62:$K$499,$H$62:$H$499,S15,$I$62:$I$499,"<>수입",$I$62:$I$499,"<>저축") -> 69100 | T16: =SUMIFS($K$62:$K$499,$H$62:$H$499,T15,$I$62:$I$499,"<>수입",$I$62:$I$499,"<>저축") -> 0 | U16: =SUMIFS($K$62:$K$499,$H$62:$H$499,U15,$I$62:$I$499,"<>수입",$I$62:$I$499,"<>저축") -> 0 | V16: =SUMIFS($K$62:$K$499,$H$62:$H$499,V15,$I$62:$I$499,"<>수입",$I$62:$I$499,"<>저축") -> 623051 | W16: =SUMIFS($K$62:$K$499,$H$62:$H$499,W15,$I$62:$I$499,"<>수입",$I$62:$I$499,"<>저축") -> 108010 | X16: =SUMIFS($K$62:$K$499,$H$62:$H$499,X15,$I$62:$I$499,"<>수입",$I$62:$I$499,"<>저축") -> 0 | Y16: =SUM(R16:X16) -> 803161 | AB16: =$M$49 -> 🐻여가비 | AC16: =$P$55 -> 52000 | AD16: =_xlfn.RANK.EQ(AC16,$AB$9:$AC$20,0) + ROW(AB8)/10000 -> 10.0008 | AE16: =SMALL($AD$9:$AD$20, ROW(AB8)) -> 8.0003 | AF16: =INDEX($AB$9:$AB$20,MATCH(AE16,$AD$9:$AD$20,0)) -> 🍪생필품 | AG16: =INDEX($AC$9:$AC$20,MATCH(AE16,$AD$9:$AD$20,0)) -> 111374
E17: 🐻현금/이체 | F17: =SUMIFS($K$62:$K$499,$L$62:$L$499,E17,$I$62:$I$499,"<>수입",$I$62:$I$499,"<>저축") -> 189000 | R17: =R15+7 -> 45774 | S17: =S15+7 -> 45775 | T17: =T15+7 -> 45776 | U17: =U15+7 -> 45777 | V17: =V15+7 -> 45778 | W17: =W15+7 -> 45779 | X17: =X15+7 -> 45780 | AB17: =$R$25 -> 🍪기타 | AC17: =$X$31 -> 338280 | AD17: =_xlfn.RANK.EQ(AC17,$AB$9:$AC$20,0) + ROW(AB9)/10000 -> 4.0009 | AE17: =SMALL($AD$9:$AD$20, ROW(AB9)) -> 9.001 | AF17: =INDEX($AB$9:$AB$20,MATCH(AE17,$AD$9:$AD$20,0)) -> 🐻기타 | AG17: =INDEX($AC$9:$AC$20,MATCH(AE17,$AD$9:$AD$20,0)) -> 59180
C18: 잉여현금 | D18: =D12-D14-D16 -> 4882607 | E18: 🐻전통시장(제로페이) | F18: =SUMIFS($K$62:$K$499,$L$62:$L$499,E18,$I$62:$I$499,"<>수입",$I$62:$I$499,"<>저축") -> 0 | R18: =SUMIFS($K$62:$K$499,$H$62:$H$499,R17,$I$62:$I$499,"<>수입",$I$62:$I$499,"<>저축") -> 10186 | S18: =SUMIFS($K$62:$K$499,$H$62:$H$499,S17,$I$62:$I$499,"<>수입",$I$62:$I$499,"<>저축") -> 22000 | T18: =SUMIFS($K$62:$K$499,$H$62:$H$499,T17,$I$62:$I$499,"<>수입",$I$62:$I$499,"<>저축") -> 24900 | U18: =SUMIFS($K$62:$K$499,$H$62:$H$499,U17,$I$62:$I$499,"<>수입",$I$62:$I$499,"<>저축") -> 0 | V18: =SUMIFS($K$62:$K$499,$H$62:$H$499,V17,$I$62:$I$499,"<>수입",$I$62:$I$499,"<>저축") -> 0 | W18: =SUMIFS($K$62:$K$499,$H$62:$H$499,W17,$I$62:$I$499,"<>수입",$I$62:$I$499,"<>저축") -> 0 | X18: =SUMIFS($K$62:$K$499,$H$62:$H$499,X17,$I$62:$I$499,"<>수입",$I$62:$I$499,"<>저축") -> 0 | Y18: =SUM(R18:X18) -> 57086 | AB18: =$R$33 -> 🐻기타 | AC18: =$X$39 -> 59180 | AD18: =_xlfn.RANK.EQ(AC18,$AB$9:$AC$20,0) + ROW(AB10)/10000 -> 9.001 | AE18: =SMALL($AD$9:$AD$20, ROW(AB10)) -> 10.0008 | AF18: =INDEX($AB$9:$AB$20,MATCH(AE18,$AD$9:$AD$20,0)) -> 🐻여가비 | AG18: =INDEX($AC$9:$AC$20,MATCH(AE18,$AD$9:$AD$20,0)) -> 52000
C19: 총저축률 | D19: =(D16+D18)/D12 -> 0.52489271 | E19: 🐻하나카드 | F19: =SUMIFS($K$62:$K$499,$L$62:$L$499,E19,$I$62:$I$499,"<>수입",$I$62:$I$499,"<>저축") -> 1966526 | R19: =R17+7 -> 45781 | S19: =S17+7 -> 45782 | T19: =T17+7 -> 45783 | U19: =U17+7 -> 45784 | V19: =V17+7 -> 45785 | W19: =W17+7 -> 45786 | X19: =X17+7 -> 45787 | AB19: =$R$41 -> 🍪이벤트성 | AC19: =$X$47 -> 0 | AD19: =_xlfn.RANK.EQ(AC19,$AB$9:$AC$20,0) + ROW(AB11)/10000 -> 12.0011 | AE19: =SMALL($AD$9:$AD$20, ROW(AB11)) -> 11.0007 | AF19: =INDEX($AB$9:$AB$20,MATCH(AE19,$AD$9:$AD$20,0)) -> 🍪여가비 | AG19: =INDEX($AC$9:$AC$20,MATCH(AE19,$AD$9:$AD$20,0)) -> 1900
C20: 현금저축률 | D20: =D18/D12 -> 0.51435821 | E20: 🐻현백카드 | F20: =SUM($F$9:$F$19) -> 3972512 | R20: =SUMIFS($K$62:$K$499,$H$62:$H$499,R19,$I$62:$I$499,"<>수입",$I$62:$I$499,"<>저축") -> 0 | S20: =SUMIFS($K$62:$K$499,$H$62:$H$499,S19,$I$62:$I$499,"<>수입",$I$62:$I$499,"<>저축") -> 0 | T20: =SUMIFS($K$62:$K$499,$H$62:$H$499,T19,$I$62:$I$499,"<>수입",$I$62:$I$499,"<>저축") -> 0 | U20: =SUMIFS($K$62:$K$499,$H$62:$H$499,U19,$I$62:$I$499,"<>수입",$I$62:$I$499,"<>저축") -> 0 | V20: =SUMIFS($K$62:$K$499,$H$62:$H$499,V19,$I$62:$I$499,"<>수입",$I$62:$I$499,"<>저축") -> 0 | W20: =SUMIFS($K$62:$K$499,$H$62:$H$499,W19,$I$62:$I$499,"<>수입",$I$62:$I$499,"<>저축") -> 0 | X20: =SUMIFS($K$62:$K$499,$H$62:$H$499,X19,$I$62:$I$499,"<>수입",$I$62:$I$499,"<>저축") -> 0 | Y20: =SUM(R20:X20) -> 0 | AB20: =$R$49 -> 🐻 이벤트성 | AC20: =$X$55 -> 2233282 | AD20: =_xlfn.RANK.EQ(AC20,$AB$9:$AC$20,0) + ROW(AB12)/10000 -> 1.0012 | AE20: =SMALL($AD$9:$AD$20, ROW(AB12)) -> 12.0011 | AF20: =INDEX($AB$9:$AB$20,MATCH(AE20,$AD$9:$AD$20,0)) -> 🍪이벤트성 | AG20: =INDEX($AC$9:$AC$20,MATCH(AE20,$AD$9:$AD$20,0)) -> 0
E21: 🐻국민카드
C24: 대분류 | D24: 소분류 | E24: 목표 | F24: 합계 | H24: 대분류 | I24: 소분류 | J24: 예산 | K24: 합계 | M24: 대분류 | N24: 소분류 | O24: 예산 | P24: 합계 | R24: 대분류 | T24: 소분류 | V24: 예산 | X24: 합계
C25: 수입 | D25: 🍪 월급 | F25: =SUMIFS($K$62:$K$499,$I$62:$I$499,$C$25,$J$62:$J$499,D25) -> 3306190 | H25: 🍪고정비 | I25: 관리비 | K25: =SUMIFS($K$62:$K$499,$I$62:$I$499,$H$25,$J$62:$J$499,I25) -> 0 | M25: 🍪식비 | N25: 식재료비 | P25: =SUMIFS($K$62:$K$499,$I$62:$I$499,$M$25,$J$62:$J$499,N25) -> 86090 | R25: 🍪기타 | T25: 약국 | X25: =SUMIFS($K$62:$K$499,$I$62:$I$499,$R$25,$J$62:$J$499,T25) -> 18980
D26: 🍪 부수입 | F26: =SUMIFS($K$62:$K$499,$I$62:$I$499,$C$25,$J$62:$J$499,D26) -> 0 | I26: 월세 | K26: =SUMIFS($K$62:$K$499,$I$62:$I$499,$H$25,$J$62:$J$499,I26) -> 400000 | N26: 회사점심 | P26: =SUMIFS($K$62:$K$499,$I$62:$I$499,$M$25,$J$62:$J$499,N26) -> 12000 | T26: 병원비 | X26: =SUMIFS($K$62:$K$499,$I$62:$I$499,$R$25,$J$62:$J$499,T26) -> 306900
D27: 🐻 월급 | F27: =SUMIFS($K$62:$K$499,$I$62:$I$499,$C$25,$J$62:$J$499,D27) -> 4754880 | I27: 대출이자 | K27: =SUMIFS($K$62:$K$499,$I$62:$I$499,$H$25,$J$62:$J$499,I27) -> 159501 | N27: 간식/카페 | P27: =SUMIFS($K$62:$K$499,$I$62:$I$499,$M$25,$J$62:$J$499,N27) -> 28000 | T27: 영양제 | X27: =SUMIFS($K$62:$K$499,$I$62:$I$499,$R$25,$J$62:$J$499,T27) -> 0
D28: 🐻 부수입 | F28: =SUMIFS($K$62:$K$499,$I$62:$I$499,$C$25,$J$62:$J$499,D28) -> 0 | I28: 통신비 | K28: =SUMIFS($K$62:$K$499,$I$62:$I$499,$H$25,$J$62:$J$499,I28) -> 46750 | N28: 외식/배달 | P28: =SUMIFS($K$62:$K$499,$I$62:$I$499,$M$25,$J$62:$J$499,N28) -> 0 | T28: 교통비 | X28: =SUMIFS($K$62:$K$499,$I$62:$I$499,$R$25,$J$62:$J$499,T28) -> 12400
